Name,Series,Short Description,Category,Gender,Magic,Memetic,Might,Mind,Motion,Moxie,Mutation,Myth,Stats,Rank,Growth Type,Growth Rate,Restock,Return,Gift,NSFW
Fire Manipulation,Generic,Ever wanted to start a fire? With this you can! You gain the ability to generate and control completely normal fire.,Ability,N/A,D,F,F,F,F,F,F,F,5,E,Train,Medium,N/A,N/A,FALSE,FALSE
Water Manipulation,Generic,"Win every water fight, ever. Congrats, you've managed to obtain the ability to generate and control completely normal water.",Ability,N/A,D,F,F,F,F,F,F,F,5,E,Train,Medium,N/A,N/A,FALSE,FALSE
Wind Manipulation,Generic,Ride the hurricane! Eventually. You can control and generate wind.,Ability,N/A,D,F,F,F,F,F,F,F,5,E,Train,Medium,N/A,N/A,FALSE,FALSE
Ice Manipulation,Generic,"You're faster and can freeze your opponents. Well, maybe not now. Control and generate ice based on the tier of ticket you used to get this.",Ability,N/A,D,F,F,F,F,F,F,F,5,E,Train,Medium,N/A,N/A,FALSE,FALSE
Earth Manipulation,Generic,Oh Schist. Gain the ability to generate and manipulate earth. As in dirt and rocks. Normal dirt and rocks. Metal only if its impure enough to have a lot of dirt and rocks.,Ability,N/A,D,F,F,F,F,F,F,F,5,E,Train,Medium,N/A,N/A,FALSE,FALSE
Lightning Manipulation,Generic,Lightning. Generate and control lightning.,Ability,N/A,D,F,F,F,F,F,F,F,5,E,Train,Medium,N/A,N/A,FALSE,FALSE
Metal Manipulation,Generic,"CLANG! You can generate and control metal! It's basically useless for any purpose but hitting someone long term, but its still a solid object. ",Ability,N/A,D,F,F,F,F,F,F,F,5,E,Train,Medium,N/A,N/A,FALSE,FALSE
Sand Manipulation,Generic,Hate it. Create and control Sand,Ability,N/A,D,F,F,F,F,F,F,F,5,E,Train,Medium,N/A,N/A,FALSE,FALSE
Shadow Manipulation,Generic,Perfect for edgelords. Create and control shadows.,Ability,N/A,D,F,F,F,F,F,F,F,5,E,Train,Medium,N/A,N/A,FALSE,FALSE
Light Manipulation,Generic,"Blinding. Create and control light. Normal light, not sunlight, hardlight, or any other light.",Ability,N/A,D,F,F,F,F,F,F,F,5,E,Train,Medium,N/A,N/A,FALSE,FALSE
Abyssal Powers,Generic,"Ia! Ia! Includes some shadow powers, eldritch blasts, etc. Branches into summoning and other magics later on",Ability,N/A,D,D,F,F,F,F,F,F,10,D,Train,Slow,N/A,N/A,FALSE,FALSE
Heavenly Powers,Generic,"Hark! Starts with Holy Light and banishing evil, branches out over time",Ability,N/A,D,D,F,F,F,F,F,D,15,D,Train,Slow,N/A,N/A,FALSE,FALSE
Demonic Powers,Generic,"Hail! Infernal flames and corruption, branches out over time",Ability,N/A,D,D,F,F,F,F,F,D,15,D,Train,Slow,N/A,N/A,FALSE,FALSE
Healing Powers,Generic,"Hallelujah! You can heal others! Touch range at first, gets better and stronger over time",Ability,N/A,D,F,F,F,F,F,F,D,10,D,Train,Medium,N/A,N/A,FALSE,FALSE
Shapeshifting,Generic,"Whoa! You can change your shape! Starts with small features and starts slow, then gets better over time",Ability,N/A,E,E,E,E,E,E,E,E,8,E,Train,Medium,N/A,N/A,FALSE,FALSE
Regeneration,Generic,Feeling great! Heal doubly as fast as normal. Feed another ticket to double it.,Passive,N/A,F,F,F,F,F,F,D,F,5,E,Twin,N/A,N/A,N/A,FALSE,FALSE
Poison Manipulation,Generic,You're toxic. Create and control poisons.,Ability,N/A,D,F,F,F,F,F,F,F,5,E,Train,Medium,N/A,N/A,FALSE,FALSE
Teleporting,Generic,"Bamf! You can teleport! Stamina limited and line of sight at first, but improves with practice",Ability,N/A,E,E,F,F,D,F,F,F,7,E,Train,Medium,N/A,N/A,FALSE,FALSE
Gravity Manipulation,Generic,"Do you believe in gravity? Now you do- control and manipulate it at will, just don't try for a black hole.",Ability,N/A,D,F,F,F,F,F,F,F,5,E,Train,Medium,N/A,N/A,FALSE,FALSE
Necromancy,Generic,"Skeleton Rave! You now have an understanding of the art of Necromancy. Able to prepare bodies, raise undead, interact with souls, and various other magics relating to the dead.",Ability,N/A,C,F,F,F,F,F,F,E,11,D,Train,Medium,N/A,N/A,FALSE,FALSE
Weapon Mastery,Generic,"Basic knowledge of how to use any weapon you pick up. Does not confer actual mastery, just makes it easier to do",Skill,N/A,F,F,E,E,F,E,F,F,3,F,Train,Fast,N/A,N/A,FALSE,FALSE
Speed Modification,Generic,Whoosh! You can change the speed of things. Starts with touch range and a 1.5x increase at base. Costs Stamina,Ability,N/A,E,F,F,F,D,F,F,F,6,E,Train,Medium,N/A,N/A,FALSE,FALSE
Tinkerer,Generic,"Your general ability to make stuff has increased. Does not confer mastery of anything, just makes it easier to build things",Skill,N/A,F,F,F,D,F,F,F,F,5,E,Tinker,Medium,N/A,N/A,FALSE,FALSE
Blood Manipulation,Generic,"Bleed for me! The ability to manipulate and generate blood! Other peoples blood has to be outside of their body, but you can rip your own out right through the skin if you want.",Ability,N/A,D,F,F,F,F,F,F,F,5,E,Train,Medium,N/A,N/A,FALSE,FALSE
Mind Control,Generic,"It's easier if they always agree. Take control of someone's mind, slaving them to your will for as long as you hold the effect and they can't shake you off. You must focus to maintain it, but can train to reduce the focus required.",Ability,N/A,F,D,F,D,F,C,F,F,20,D,Train,Slow,N/A,N/A,FALSE,FALSE
Powered Words,Generic,"Give your words more weight. Infuse your speech with the power to affect the world, though it will only go so far. More energy means more effects.",Ability,N/A,D,F,F,F,F,D,F,F,10,D,Train,Medium,N/A,N/A,FALSE,FALSE
Crystal Manipulation,Generic,"Truly outrageous. Control and create crystal structure. Yes, you can sell them, but they're mystically dead and unsuitable for science.",Ability,N/A,D,F,F,F,F,F,F,F,5,E,Train,Medium,N/A,N/A,FALSE,FALSE
Space Manipulation,Generic,"SPAAACE! Create and control space. Not outer space, actual physical space.",Ability,N/A,D,F,F,F,F,F,F,F,5,E,Train,Medium,N/A,N/A,FALSE,FALSE
Luck Manipulation,Generic,WINNER! Control and create luck!* *Does not apply to the gacha itself.,Ability,N/A,D,F,F,F,F,F,F,F,5,E,Train,Medium,N/A,N/A,FALSE,FALSE
Time Manipulation,Generic,Tick. Tock. Control and create time.,Ability,N/A,D,F,F,F,F,F,F,F,5,E,Train,Medium,N/A,N/A,FALSE,FALSE
Telekinesis,Generic,Grab things with your mind. A moderate level of telekinetic ability in grabbing and manipulating things by focusing.,Ability,N/A,E,F,F,F,F,F,F,F,1,F,Train,Medium,N/A,N/A,FALSE,FALSE
Summoning,Generic,"You can summon generic humanoid (ie, a mannequin doll) minions. Starts with one small cat-sized figure, size, amount, and ease of summoning increases over time.",Ability,N/A,D,F,F,F,F,F,F,F,5,E,Train,Medium,N/A,N/A,FALSE,FALSE
Wood Manipulation,Generic,"Maple or Birch? Create and control wood. It isn't alive, unless you have something else for that, and is generally low quality.",Ability,N/A,D,F,F,F,F,F,F,F,5,E,Train,Medium,N/A,N/A,FALSE,FALSE
Sound Manipulation,Generic,Scream. Create and control sound.,Ability,N/A,D,F,F,F,F,F,F,F,5,E,Train,Medium,N/A,N/A,FALSE,FALSE
Cooking,Generic,"You can cook! At a basic level at least. You can follow a recipie and won't burn food, but you aren't a trained chef.",Skill,N/A,F,F,F,F,F,F,F,F,0,F,Train,Fast,N/A,N/A,FALSE,FALSE
Sword Beams,Generic,"When using any weapon, you can swing it to send a beam of any element you have access to out at foes. If you don't have one, it is simply a visible white slash moving through the air.",Ability,N/A,D,F,E,F,F,F,F,F,6,E,Train,Medium,N/A,N/A,FALSE,FALSE
Disney Princess,Generic,"You can control animals through singing. They will follow your directions as long as the song lasts, but won't harm themselves and will leave when it ends.",Ability,N/A,E,E,F,F,F,F,F,E,3,F,N/A,N/A,N/A,N/A,FALSE,FALSE
Song Magic,Generic,"Sing! You can enact various minor effects through your voice! If you have any manipulation powers, they can also be used through song.",Ability,N/A,D,D,F,F,F,F,F,F,10,D,Train,Slow,N/A,N/A,FALSE,FALSE
Barriers,Generic,"Say no. Create physical, albeit invisible, barriers. About the size of a doorway at first. They don't start very strong, a determined human could get through them, but training will make them stronger.",Ability,N/A,E,F,F,E,F,F,F,F,2,F,Train,Medium,N/A,N/A,FALSE,FALSE
Technomancy,Generic,"Dive into the world of code and manipulate it with nothing but your will. Grants no special protections for attacking protected systems, it's up to you to become a great hacker.",Ability,N/A,D,F,F,D,F,F,F,F,10,D,Train,Medium,N/A,N/A,FALSE,FALSE
Imbuement,Generic,"Anything I can do, it can do too. Impress your abilities onto objects to allow others to temporarily use them, or use them yourself for a boost to power. Takes 1 hour per rank of ability.",Ability,N/A,D,E,F,F,F,F,F,F,6,E,N/A,N/A,N/A,N/A,FALSE,FALSE
Physical Enhancement,Generic,"General physical increase, now complete with the strength of 2 men.",Ability,N/A,E,F,D,F,E,F,F,F,7,E,N/A,N/A,N/A,N/A,FALSE,FALSE
Mental Enhancement,Generic,"General mental increase. Think faster, harder, with more numbers!",Ability,N/A,E,F,F,D,F,E,F,F,7,E,N/A,N/A,N/A,N/A,FALSE,FALSE
Bomb Fixation,Generic,"Blowing shit up is a passion. Gain significantly increased ability to learn about explosives, explosive making, and explosive usage.",Passive,N/A,F,F,F,E,F,E,F,F,2,F,Train,Medium,N/A,N/A,FALSE,FALSE
Gardening Fixation,Generic,"Dirt, Water, and Work. Learning how to create and maintain a garden is much easier.",Passive,N/A,F,F,F,E,F,E,F,F,2,F,Train,Medium,N/A,N/A,FALSE,FALSE
Worm Fixation,Generic,Wriggly. Learning about worms is much easier.,Passive,N/A,F,F,F,E,F,E,F,F,2,F,Train,Medium,N/A,N/A,FALSE,FALSE
Sex Fixation,Generic,"Study the Kama Sutra, now you'll learn it all with ease. Studying and learning about sex is significantly easier.",Passive,N/A,F,F,F,E,F,E,F,F,2,F,Train,Medium,N/A,N/A,FALSE,TRUE
Cooking Fixation,Generic,Pinch of lemon. Learning how to cook is significantly easier.,Passive,N/A,F,F,F,E,F,E,F,F,2,F,Train,Medium,N/A,N/A,FALSE,FALSE
Fighting Fixation,Generic,"I know Kung-Fu, and so can you! Learning anything about fighting is much easier. Does not confer any physical ability.",Passive,N/A,F,F,F,E,F,E,F,F,2,F,Train,Medium,N/A,N/A,FALSE,FALSE
Driving Fixation,Generic,Vroom-vroom. Learning how to drive anything is significantly easier.,Passive,N/A,F,F,F,E,F,E,F,F,2,F,Train,Medium,N/A,N/A,FALSE,FALSE
Cleaning Fixation,Generic,A new janitor rises. Learning how to clean is significantly easier.,Passive,N/A,F,F,F,E,F,E,F,F,2,F,Train,Medium,N/A,N/A,FALSE,FALSE
Searching Fixation,Generic,There's Waldo! Techniques for searching for something are much easier to learn.,Passive,N/A,F,F,F,E,F,E,F,F,2,F,Train,Medium,N/A,N/A,FALSE,FALSE
Puzzle Fixation,Generic,"Su-do-ku. The tricks and techniques for solving puzzles, as well as the rules for puzzles, are significantly easier to learn.",Passive,N/A,F,F,F,E,F,E,F,F,2,F,Train,Medium,N/A,N/A,FALSE,FALSE
Map Fixation,Generic,"Never lost. Have an significantly easier time learning to read, use, and create maps.",Passive,N/A,F,F,F,E,F,E,F,F,2,F,Train,Medium,N/A,N/A,FALSE,FALSE
Survival Fixation,Generic,"Living is important, and you can give it the attention it needs. Significantly increase the speed at which you learn survival tricks, techniques, and anything else.",Passive,N/A,F,F,F,E,F,E,F,F,2,F,Train,Medium,N/A,N/A,FALSE,FALSE
Gun Fixation,Generic,Outsmart bullet. Learning about guns is significantly easier. Doesn't give any ability to use them.,Passive,N/A,F,F,F,E,F,E,F,F,2,F,Train,Medium,N/A,N/A,FALSE,FALSE
Crustacean Fixation,Generic,"All return to crab, and learning about them, an crustaceans in general, is significantly easier.",Passive,N/A,F,F,F,E,F,E,F,F,2,F,Train,Medium,N/A,N/A,FALSE,FALSE
Weapon Fixation,Generic,"Stab, slash, shoot. Learning about weapons is significantly easier. Doesn't confer any skill with them.",Passive,N/A,F,F,F,E,F,E,F,F,2,F,Train,Medium,N/A,N/A,FALSE,FALSE
Train Fixation,Generic,I like trains. Learning about trains is significantly easier.,Passive,N/A,F,F,F,E,F,E,F,F,2,F,Train,Medium,N/A,N/A,FALSE,FALSE
Monster Fixation,Generic,"But is man a monster? Not for this, learning about monsters in general, or specific, is significantly easier.",Passive,N/A,F,F,F,E,F,E,F,F,2,F,Train,Medium,N/A,N/A,FALSE,FALSE
Hunting Fixation,Generic,"Learning about hunting is significantly easier. Yes, includes the most dangerous game.",Passive,N/A,F,F,F,E,F,E,F,F,2,F,Train,Medium,N/A,N/A,FALSE,FALSE
Hiking Fixation,Generic,Hit the trail and learn the ways and hows of hiking significantly easier.,Passive,N/A,F,F,F,E,F,E,F,F,2,F,Train,Medium,N/A,N/A,FALSE,FALSE
Running Fixation,Generic,It'll save your life one day. Learning about running is significantly easier.,Passive,N/A,F,F,F,E,F,E,F,F,2,F,Train,Medium,N/A,N/A,FALSE,FALSE
Gymnastics Fixation,Generic,"The methods, tips, tricks, and general knowledge about gymnastics is significantly easier to learn.",Passive,N/A,F,F,F,E,F,E,F,F,2,F,Train,Medium,N/A,N/A,FALSE,FALSE
Horse Fixation,Generic,Kimi no aiba ga! Learning anything about horses is significantly easier.,Passive,N/A,F,F,F,E,F,E,F,F,2,F,Train,Medium,N/A,N/A,FALSE,FALSE
Cat Fixation,Generic,"Nya, see. Learning about cats is significantly easier.",Passive,N/A,F,F,F,E,F,E,F,F,2,F,Train,Medium,N/A,N/A,FALSE,FALSE
Road Fixation,Generic,Hit it. Learning about roads is significantly easier.,Passive,N/A,F,F,F,E,F,E,F,F,2,F,Train,Medium,N/A,N/A,FALSE,FALSE
Geography Fixation,Generic,"Know the land, know the world. Geogoraphy is significantly easier for you to learn.",Passive,N/A,F,F,F,E,F,E,F,F,2,F,Train,Medium,N/A,N/A,FALSE,FALSE
History Fixation,Generic,"Do not be doomed to repeats, learning history is significantly easier.",Passive,N/A,F,F,F,E,F,E,F,F,2,F,Train,Medium,N/A,N/A,FALSE,FALSE
Car Fixation,Generic,"Become a mechanic, learn about cars significantly easier.",Passive,N/A,F,F,F,E,F,E,F,F,2,F,Train,Medium,N/A,N/A,FALSE,FALSE
Economics Fixation,Generic,It's all about the money. Learn economics significantly easier.,Passive,N/A,F,F,F,E,F,E,F,F,2,F,Train,Medium,N/A,N/A,FALSE,FALSE
Farming Fixation,Generic,"Rise with the sun, learn about farming significantly easier.",Passive,N/A,F,F,F,E,F,E,F,F,2,F,Train,Medium,N/A,N/A,FALSE,FALSE
Homesteading Fixation,Generic,Home again. Learning about homesteading is significantly easier.,Passive,N/A,F,F,F,E,F,E,F,F,2,F,Train,Medium,N/A,N/A,FALSE,FALSE
Negotiation Fixation,Generic,"Speak and be heard. Negotiating strategies, methods, and other related bits are significantly easier to learn.",Passive,N/A,F,F,F,E,F,E,F,F,2,F,Train,Medium,N/A,N/A,FALSE,FALSE
Buildings Fixation,Generic,"Architecture! Building buildings, as well as everything else to do with buildings, is significantly easier to learn.",Passive,N/A,F,F,F,E,F,E,F,F,2,F,Train,Medium,N/A,N/A,FALSE,FALSE
Plant Fixation,Generic,"All about the green. It's significantly easier to learn anything about plants, including planting and caring methods.",Passive,N/A,F,F,F,E,F,E,F,F,2,F,Train,Medium,N/A,N/A,FALSE,FALSE
Fungi Fixation,Generic,Fun Gi. Learn about fungi significantly easier.,Passive,N/A,F,F,F,E,F,E,F,F,2,F,Train,Medium,N/A,N/A,FALSE,FALSE
Medicine Fixation,Generic,Doctor doctor. Learn medicine significantly more quickly.,Passive,N/A,F,F,F,E,F,E,F,F,2,F,Train,Medium,N/A,N/A,FALSE,FALSE
Poison Fixation,Generic,"Just a drop. It's significantly easier to learn about poisons, poison making, and similar poison related things.",Passive,N/A,F,F,F,E,F,E,F,F,2,F,Train,Medium,N/A,N/A,FALSE,FALSE
Chemical Fixation,Generic,We gotta cook! Chemical knowledge is significantly easier to learn.,Passive,N/A,F,F,F,E,F,E,F,F,2,F,Train,Medium,N/A,N/A,FALSE,FALSE
Biology Fixation,Generic,"You know a lot about biology. It is easier to understand, learn about, and do lab work related to biology. Does not confer skill.",Passive,N/A,F,F,F,E,F,E,F,F,2,F,Train,Medium,N/A,N/A,FALSE,FALSE
Math Fixation,Generic,2+2. It's significantly easier to learn math.,Passive,N/A,F,F,F,E,F,E,F,F,2,F,Train,Medium,N/A,N/A,FALSE,FALSE
Physics Fixation,Generic,The most uncaring thing. Physics are significantly easier to learn.,Passive,N/A,F,F,F,E,F,E,F,F,2,F,Train,Medium,N/A,N/A,FALSE,FALSE
Magic Fixation,Generic,Alakazam! It's signficantly easier to learn magic and magic related things.,Passive,N/A,E,F,F,E,F,E,F,F,3,F,Train,Medium,N/A,N/A,FALSE,FALSE
A Cold One,Generic,Not that kind. A case of beer of the type most palatable to yourself.,Novelty,N/A,F,F,F,F,F,E,F,F,1,F,N/A,N/A,24hr,N/A,TRUE,FALSE
Total Concentration Breathing,Demon Slayer,A style of breathing which grants supernatural abilities and the prerequisite to other Breathing Styles. Can be trained into being automatically done.,Skill,N/A,E,F,D,F,C,F,F,F,16,D,Train,Medium,N/A,N/A,FALSE,FALSE
Hellsing Vampire,Hellsing,"A real fucking vampire. Comes with significantly enhanced strength, speed, and senses as well as a host of supernatural abilities unlocked through drinking blood. Unfortuantely, the drawbacks apply as well- weakness to sunlight, holy artefacts, and you must consume fresh blood. Animal won't do either.",Race,N/A,C,F,C,F,C,B,F,B,130,B,Time,Fast,N/A,N/A,FALSE,FALSE
The Dream Nail,Hollow Knight,"A nail roughly the length of a shortsword. When swung it creates an ethereal blade which reveals the thoughts of whoever it strikes. When swung with damaging intent, seals a small bit of the soul of the struck enemy.",Arsenal,N/A,B,F,F,D,F,F,F,B,105,B,Twin,N/A,N/A,N/A,TRUE,FALSE
Jacques Schnee's Credit Card,RWBY,"A credit card with a snowflake on the face. It will somehow work without comment when handed in to purchase things, even if credit cards haven't been invented. The money isn't infinite, but it's still quite a lot.",Arsenal,N/A,F,F,F,F,F,E,F,E,2,F,N/A,N/A,N/A,24hr,TRUE,FALSE
Rare Candy,Pokemon,A small hard candy that tastes great! Consuming this candy allows the user to level up themselves or one skill or ability by one rank.,Consumable,N/A,D,F,F,F,F,F,D,F,10,D,N/A,N/A,N/A,N/A,TRUE,FALSE
Fertility Calibration,Generic,"Shoot blanks of .50BMG. Now you decide! You control your fertility and as a bonus grants the abilty to choose how many children result from a pregnancy. It even guarantees a safe, complication free pregnancy!",Passive,N/A,F,F,E,F,E,E,B,F,53,C,N/A,N/A,N/A,N/A,FALSE,TRUE
Pokeball,Super Smash Brothers,"A fist sized sphere- half white, half red. When thrown summons a random non-mythical Pokemon to aid you in battle. This Pokemon is loyal immediately, but it is not guaranteed to remain so. You may maintain only 6, after which further thrown Pokeballs do not work.",Consumable,N/A,D,D,D,D,D,D,F,F,30,D,Twin,N/A,1wk,N/A,FALSE,FALSE
Mechanical Caretaker,Hob,"A mechanical humanoid that comes with an innate desire to repair, rebuild, and maintain an area. It is capable of thinking, learning, prioritizing, and comes with it's own manual for both repair, improvement, and building more.",Familiar,N/A,F,E,D,D,D,E,F,F,17,D,Tinker,Medium,N/A,N/A,FALSE,FALSE
Solemn Lament,Lobotomy Corporation,"An E.G.O suit consisting of a black suit, two pistols, and a casket. The suit provides overall defense, especially against mental attacks. The pistols never run out of ammo, but using them makes one more mournful.",Arsenal,N/A,D,D,D,D,F,F,F,F,20,D,N/A,N/A,N/A,N/A,FALSE,FALSE
Epithet,Epithet Erased,"Choose a word. Or grab a random one. You may now impose that word onto the world based on your understanding of it's definition, either on yourself, others, or in an area. For instance, ""Slow"" could literally slow someone running or making the world move literally slower.",Ability,N/A,B,F,F,F,F,F,F,D,55,C,N/A,N/A,N/A,N/A,FALSE,FALSE
Gloves of the Black Silence,Library of Ruina,"A pair of black gloves. They mute all sound you make, and have a pocket dimension suitable for storing nine weapons.",Arsenal,N/A,F,E,D,F,C,F,F,F,16,D,N/A,N/A,N/A,N/A,TRUE,FALSE
Magma Pinion Blade,Lobotomy Corporation,"A stone blade. When used it combat it begins to drip magma and partially armors the wearer. If the wearer finds their resolve to stand even against impossible odds, it will further grant regeneration, shielding, and the ability to manipulate the magma the blade produces",Arsenal,N/A,C,F,A,F,A,A,F,F,310,B,N/A,N/A,N/A,N/A,TRUE,FALSE
Havel's Armor,Dark Souls,"A full set of extremely heavy, extremely durable, and extremely protective stone armor formerly belonging to Bishop Havel the Rock. Anyone wearing this is near impervious to anything that couldn't destroy a building, and even then they could march through it.",Wearable,N/A,C,C,D,E,F,C,F,B,86,C,N/A,N/A,N/A,N/A,TRUE,FALSE
Evoker,Persona,"A specially made pistol used by placing it to the users temple and pulling the trigger. It is incapable of firing damaging objects, but when used properly will evoke the user's self into a separate entity that will assist in combat. Fearing death renders this weaker or entirely ineffective.",Arsenal,N/A,F,F,F,C,F,F,F,F,10,D,N/A,N/A,N/A,N/A,TRUE,FALSE
Mita,MiSide,"Mita! Virtual companion brought to life! Cooks, clean, dances, games, just don't leave her alone or make her think you don't care about her.",Familiar,Female,E,F,D,F,E,D,F,F,12,D,Twin,Fast,N/A,N/A,FALSE,TRUE
Jack Banhammer,Mullet Madjack,"The moderator of the far future, moderately superhuman with a lot of guns and a mullet",Familiar,Male,F,F,D,F,C,D,F,F,20,D,Train,Fast,N/A,N/A,FALSE,FALSE
The Service Weapon - Gun Form,Control,An object of power with near infinite ammo and multiple forms. Gives a claim to be the Director of the Oldest House.,Arsenal,N/A,B,F,D,F,F,F,F,C,65,C,Tinker,Hyper,N/A,Auto,FALSE,FALSE
Flubber,Flubber,Sentient pile of super bouncy gelatinous goo. Kinda dog-like in personality. Very easy to take care of.,Familiar,Other,F,F,E,F,C,F,D,F,16,D,Trust,Fast,N/A,N/A,FALSE,FALSE
Koppelthorn Engine,Metal Gear Solid,A quantum calculation system that allows the creation of VR simulations and use alternate realities for its calculations.,Arsenal,N/A,EX,F,F,B,F,F,F,F,"10,050",SSS,Tinker,Medium,N/A,24hr,TRUE,FALSE
Sinful Shell,Persona,A single shot that deals massive damage against the divine. Once killed a false god.,Consumable,N/A,S,S,F,F,F,F,F,F,"1,000",S,Twin,Snail,1yr,Auto,FALSE,FALSE
Metal Gear Mk. II,Metal Gear Solid,"A mobile terminal for battlefield support. Carries out recon, item transport, and health assessments. Has a manipulator arm for grabbing, shocking, and accessing computers. Also has camo and is immune to EM Radiation.",Arsenal,N/A,F,F,F,F,F,F,F,F,0,F,Tinker,Fast,N/A,Auto,TRUE,FALSE
Walking Fortress Balam,Earth Defense Force,Giant mecha designed to punch the crap out of kaiju.,Vehicle,N/A,F,F,C,F,C,F,F,F,20,D,Tinker,Medium,N/A,N/A,TRUE,FALSE
Boss Theme,Generic,Small MP3 player that allows you to make your own day to day soundtrack that plays in the background. Can also interrupt opponents.,Novelty,N/A,F,F,F,F,F,F,F,F,0,F,Tinker,Hyper,N/A,1hr,TRUE,FALSE
Batman's Bat-Credit Card,DC Comics,"Batman's credit card. No expiration date, near unlimited funds. Don't overuse it or Batman will find you.",Novelty,N/A,F,B,F,F,F,E,F,E,52,C,N/A,N/A,N/A,24hr,TRUE,FALSE
Core Drill Pendant,Tengen Toppa Gurren Lagann,A small drill pendant that grants the user Spiral Power. Spiral Power increases as long as the user has the will to keep moving forward.,Arsenal,N/A,F,C,EX,A,EX,EX,D,F,"30,115",SSS,Train,Medium,N/A,Manual,TRUE,FALSE
Infinite Ammo Headband,Metal Gear Solid,"Grants the wearer unlimited ammo on equipped weaponry, even if the weapon is empty.",Wearable,N/A,F,A,F,F,F,F,F,A,200,B,Twin,Snail,N/A,24hr,TRUE,FALSE
Mazinger ZERO,Mazinger Z,"The Mazinger beyond all Mazingers, has seven Black Box Systems that can be activated for more abilities, at high risk of unleashing the Majin state. Keep justice in your heart and fight to keep control.",Familiar,N/A,EX,EX,EX,EX,EX,EX,EX,EX,"80,000",EX,Trust,Medium,N/A,N/A,FALSE,FALSE
Scarlet Star's Tiara,Scarlet Star,"A tiara that allows the wielder to become Scarlet Star, a magical girl with blood manipulation abilities and enhanced speed and strength.",Wearable,Female,C,F,D,F,D,D,F,E,26,D,N/A,N/A,N/A,N/A,TRUE,FALSE
Maid Cyn,Murder Drones,"A wonky worker drone host to the Absolute Solver. Powerful and can turn into a giant centipede form, but not at full potential yet. Loves mangos and golden retrievers.",Familiar,Female,A,E,B,E,A,E,E,E,255,B,Tinker,Slow,N/A,N/A,FALSE,FALSE
A Single Chaos Emerald,Sonic the Hedgehog,"One singular Chaos Emerald, a gem of immense alien chaos energy. Roll again for another emerald! With training, you can access the energy inside the emeralds as well.",Arsenal,N/A,SS,A,F,F,F,F,D,S,"1,605",S,Train,Slow,N/A,N/A,TRUE,FALSE
Used Shovel,Postal,A nearly unbreakable shovel. Get a duplicate to turn it into a serrated shovel!,Arsenal,N/A,F,E,E,F,F,F,F,D,7,E,Twin,Slow,N/A,N/A,TRUE,FALSE
Glowing Eyes,Generic,You have cool glowing eyes. They do nothing else.,Ability,N/A,F,E,F,F,F,E,E,F,3,F,N/A,N/A,N/A,N/A,FALSE,FALSE
Cry,Generic,You can cry pretty hard on command,Ability,N/A,F,F,F,F,F,E,E,F,2,F,N/A,N/A,N/A,N/A,FALSE,FALSE
Roentgenium Manipulation,Generic,Sense and manipulate Roentgenium around you. Gets stronger with training. Worth 1 free reroll of the same ticket level.,Ability,N/A,E,F,F,F,F,F,F,F,1,F,Train,Medium,N/A,N/A,FALSE,FALSE
New York Subway Rat,Generic,"A standard rat from New York. Surprisingly hardy, surprisingly big for a rat.",Familiar,Other,F,F,F,F,F,F,E,F,1,F,N/A,N/A,N/A,Auto,FALSE,FALSE
Sacabampabsis,Generic,A prehistoric jawless fish. Keep for a novelty pet or reroll once.,Familiar,Other,F,F,F,F,F,F,F,E,1,F,N/A,N/A,N/A,Auto,FALSE,FALSE
Normal Dog,Generic,Man's Best Friend. Summons one dog of preference and compatibility to be your buddy.,Familiar,Other,F,F,E,F,E,F,F,E,3,F,Trust,Snail,N/A,Auto,FALSE,FALSE
Salt Golem,Generic,"A 5cm tall minion made of salt. Keep for a novelty minion, otherwise reroll once.",Familiar,Other,F,F,F,F,F,F,F,F,0,F,N/A,N/A,N/A,Auto,FALSE,FALSE
One Pair of Comfortable Socks,Generic,"Just a very good pair of socks. Useful, but not that useful.",Wearable,N/A,F,F,F,F,F,F,F,F,0,F,N/A,N/A,N/A,N/A,TRUE,FALSE
Ceramic Etruscan Boar Vessel,Generic,A unique looking antique vessel. Mostly a novelty item. Worth 1 Reroll.,Novelty,N/A,F,F,F,F,F,F,F,E,1,F,N/A,N/A,N/A,N/A,TRUE,FALSE
Infinite Febreze Can,Generic,1 can of Febreze that sprays indefinitely. Sprays your favorite scent from the current Febreze catalog. Mildly flammable.,Novelty,N/A,F,E,F,F,F,F,F,F,1,F,N/A,N/A,N/A,N/A,TRUE,FALSE
Clown Nose,Generic,1 Generic honking clown nose. Fun for parties.,Wearable,N/A,F,E,F,F,F,F,F,F,1,F,N/A,N/A,N/A,N/A,TRUE,FALSE
One Handful of Salt,Generic,You poor bastard.,Consumable,N/A,F,F,F,F,F,F,F,F,0,F,N/A,N/A,N/A,N/A,TRUE,FALSE
Chipless Chocolate Chip Cookie,Cookie Clicker,You poor bastard.,Consumable,N/A,F,F,F,F,F,F,F,F,0,F,N/A,N/A,N/A,N/A,TRUE,FALSE
A Handful of Chocolate Chips,Cookie Clicker,You poor bastard.,Consumable,N/A,F,F,F,F,F,F,F,F,0,F,N/A,N/A,N/A,N/A,FALSE,FALSE
Salt Distillation,Generic,Confers extra skill at distilling salt from any water source.,Skill,N/A,F,F,F,E,F,F,F,F,1,F,N/A,N/A,N/A,N/A,FALSE,FALSE
Salt Detection,Generic,Enhanced ability to detect human edible salts.,Passive,N/A,F,F,F,E,F,F,F,F,1,F,N/A,N/A,N/A,N/A,FALSE,FALSE
Mental Compass,Generic,You can imagine a mental compass. It works like a physical compass.,Ability,N/A,F,F,F,D,F,F,F,F,5,E,N/A,N/A,N/A,N/A,FALSE,FALSE
Mystic Eyes of Depth Perception,Generic,Gain supernatural awareness of the depth and relative location of objects,Ability,N/A,E,F,F,F,F,F,F,F,1,F,N/A,N/A,N/A,N/A,FALSE,FALSE
Normal Cat,Generic,Man's Other Best Friend. Summons one cat of preference and compatibility to be your roommate.,Familiar,Other,F,F,F,F,F,F,F,F,0,F,N/A,N/A,N/A,N/A,FALSE,FALSE
Daisy,DOOM,Doom Slayer's pet rabbit. Just a normal brown rabbit. Very cute! With this Sacred Treasure...,Familiar,Other,F,E,F,F,F,F,F,F,1,F,N/A,N/A,N/A,N/A,FALSE,FALSE
Echidna,Generic,"One normal echidna. Kinda cute, if a little prickly.",Familiar,Other,F,F,F,F,F,F,F,F,0,F,N/A,N/A,N/A,N/A,FALSE,FALSE
Dunce Cap,Generic,One generic dunce cap. Good for shaming people.,Wearable,N/A,F,E,F,F,F,F,F,F,1,F,N/A,N/A,N/A,N/A,TRUE,FALSE
Evil Ring,Generic,An iron ring bearing malice. Cannot communicate or otherwise express its evil.,Wearable,N/A,E,F,F,F,F,F,F,F,1,F,N/A,N/A,N/A,N/A,TRUE,FALSE
Shrimp Fried Rice,Generic,A plate of excellent fried rice... made by a shrimp.,Consumable,N/A,F,F,F,F,F,F,F,F,0,F,N/A,N/A,N/A,N/A,TRUE,FALSE
Jason Voorhees' Hockey Mask,Friday the 13th,"Jason's smelly, gross, dirty mask. Ew.",Wearable,N/A,F,D,F,F,F,F,F,F,5,E,N/A,N/A,N/A,N/A,TRUE,FALSE
The Table,Code Geass,The table from Ashford High School that Nina Einstein... used.,Novelty,N/A,F,F,F,F,F,F,F,F,0,F,N/A,N/A,N/A,N/A,TRUE,TRUE
Backflip,Generic,"Gives you the skill, knowledge, and theoretically the ability to frontflip. Does not confer skills at backflipping.",Skill,N/A,F,F,F,F,E,E,F,F,2,F,N/A,N/A,N/A,N/A,FALSE,FALSE
Frontflip,Generic,"Gives you the skill, knowledge, and theoretically the ability to backflip. Does not confer skills at frontflipping.",Skill,N/A,F,F,F,F,E,E,F,F,2,F,N/A,N/A,N/A,N/A,FALSE,FALSE
Dapping,Generic,You're a master of dapping someone up. Every dap is now crisp and loud.,Skill,N/A,F,E,F,F,F,F,F,F,1,F,N/A,N/A,N/A,N/A,FALSE,FALSE
Poisonous Flesh,Generic,"Your flesh becomes mildly poisonous, though not lethal.",Passive,N/A,F,F,F,F,F,F,E,F,1,F,N/A,N/A,N/A,N/A,FALSE,FALSE
Minty Breath,Generic,You no longer have bad breath and your breath will always be minty no matter what.,Passive,N/A,F,F,F,F,F,E,E,F,2,F,N/A,N/A,N/A,N/A,FALSE,FALSE
Garlic Infused Blood,Generic,Your blood is now naturally garlic infused. No more vampire bites.,Passive,N/A,F,F,F,F,F,F,E,F,1,F,N/A,N/A,N/A,N/A,FALSE,FALSE
Big-ass Rat,Generic,A forearm sized rat (not including tail). Otherwise normal aside from its size.,Familiar,Other,F,F,F,F,F,F,F,F,0,F,N/A,N/A,N/A,N/A,FALSE,FALSE
Skeleton,Generic,A real skeleton.,Novelty,N/A,F,F,F,F,F,F,F,F,0,F,N/A,N/A,N/A,N/A,TRUE,FALSE
Bold & Brash,Generic,Squidward's famous painting.,Novelty,N/A,F,E,F,F,F,F,F,F,1,F,N/A,N/A,N/A,N/A,TRUE,FALSE
Metal Gear,Generic,"An actual, real metal gear roughly 3 inches in diameter.",Novelty,N/A,F,F,E,F,F,F,F,F,1,F,N/A,N/A,N/A,N/A,TRUE,FALSE
Thirty Dollars,Generic,"Thirty USD, or equivalent in local currency.",Novelty,N/A,F,F,F,F,F,F,F,F,0,F,N/A,N/A,N/A,N/A,TRUE,FALSE
Surströmming,Generic,1 can of fermented Baltic Sea Herring. Smells awful. Tastes bad.,Consumable,N/A,F,E,F,F,F,F,F,E,2,F,N/A,N/A,1/2hr,N/A,TRUE,FALSE
Dramatic Tumbleweed,Generic,A tumbleweed always rolls past during tense moments and standoffs. Disappears once unobserved.,World,N/A,F,E,F,F,F,F,F,F,1,F,N/A,N/A,N/A,N/A,FALSE,FALSE
Magical Girl Transformation,Generic,All of your transformations now work like Magical Girl Transformations. Sparkles and ribbons included.,Passive,N/A,E,E,F,F,F,F,F,E,3,F,N/A,N/A,N/A,N/A,FALSE,FALSE
Pocket Sand,Generic,"Create and throw sand from your hands. Shout ""Pocket Sand!"" for more sand and extra blinding.",Ability,N/A,E,E,F,F,F,F,F,E,3,F,N/A,N/A,N/A,N/A,FALSE,FALSE
Flashlight,Generic,"You can emit light from your hands, like a pretty decent flashlight.",Ability,N/A,E,F,F,F,F,F,F,F,1,F,N/A,N/A,N/A,N/A,FALSE,FALSE
Sticky Skin,Generic,"Your skin is weirdly sticky, like you've been covered in glue or soda. You don't notice, personally.",Passive,N/A,F,F,F,F,F,F,F,F,0,F,N/A,N/A,N/A,N/A,FALSE,FALSE
Shark,Generic,One normal shark of preference. Only summonable in water. Above average intelligence for a shark.,Familiar,Other,F,F,E,E,E,E,F,F,4,F,N/A,N/A,N/A,N/A,FALSE,FALSE
Crow of Judgement,Generic,A very judgemental crow. Good judge of character. Otherwise normal.,Familiar,Other,F,E,F,F,E,F,F,F,2,F,N/A,N/A,N/A,N/A,FALSE,FALSE
Normal Raccoon,Generic,One singular regular-ass raccoon. Good for digging through trash.,Familiar,Other,F,F,F,F,F,F,F,F,0,F,N/A,N/A,N/A,N/A,FALSE,FALSE
Skeleton in the Closet,Generic,A real skeleton. Comes in its own closet.,Novelty,N/A,F,F,F,F,F,F,F,F,0,F,N/A,N/A,N/A,N/A,TRUE,FALSE
Extremely Loud Metal Pipe,Generic,An ordinary aluminum pipe that clangs really loud when dropped. Might damage hearing in proximity.,Novelty,N/A,F,D,F,F,F,F,F,E,6,E,N/A,N/A,N/A,N/A,TRUE,FALSE
Throat GOAT,Generic,"You no longer have a gag reflex, and your throat remains perfectly lubed at all times.",Passive,N/A,F,F,F,F,F,E,E,F,2,F,N/A,N/A,N/A,N/A,FALSE,TRUE
Sweat,Generic,"Sweat on command, anything from stopping sweating to sweating supernaturally hard to cool down.",Ability,N/A,E,F,F,F,F,F,E,F,2,F,N/A,N/A,N/A,N/A,FALSE,FALSE
Rodent of Unusual Size,Princess Bride,A large rat capable of mauling a man to death on its own.,Familiar,Other,F,F,E,F,E,F,F,E,3,F,N/A,N/A,N/A,N/A,FALSE,FALSE
Hubert Jura Hound,Generic,One singular regular Bloodhound. Good for smelling things.,Familiar,Other,F,F,F,F,F,F,F,F,0,F,N/A,N/A,N/A,N/A,FALSE,FALSE
Tanuki,Generic,"The actual animal, not the youkai. One singular raccoon-dog.",Familiar,Other,F,F,F,F,F,E,F,F,1,F,N/A,N/A,N/A,N/A,FALSE,FALSE
Five. Hundred. Cigarettes.,The Orville,500 non-branded cigarettes.,Consumable,N/A,F,E,F,F,F,F,F,F,1,F,N/A,N/A,N/A,N/A,TRUE,FALSE
2008 Menu #4 Cheese and Veggie Omelette,Generic,The Vomelette MRE. Tastes bad. Still edible.,Consumable,N/A,F,F,F,F,F,F,F,F,0,F,N/A,N/A,1/2hr,N/A,TRUE,FALSE
Soylent Green,Soylent Green,1 tin of Soylent Green nutrient wafers. Might be made of people. Or plankton.,Consumable,N/A,F,F,F,F,F,F,F,F,0,F,N/A,N/A,1hr,N/A,TRUE,FALSE
Very Heavy Rock,Generic,A head sized rock always just slightly heavier than can be lifted.,Novelty,N/A,E,F,E,F,F,F,F,F,2,F,N/A,N/A,N/A,24hr,TRUE,FALSE
Loud Ring of Invisibility,Generic,A wooden ring that makes the wearer invisible. It also screams alarming phrases while invisible.,Wearable,N/A,E,F,F,F,F,F,F,F,1,F,N/A,N/A,N/A,Manual,TRUE,FALSE
One Day Blinding Stew,Generic,"A hot, spicy, nutritious stew that renders the consumer blind for 24 hours",Consumable,N/A,E,E,F,F,F,F,F,F,2,F,N/A,N/A,12hr,N/A,TRUE,FALSE
Horse Electrolytes,Generic,A 1 gallon container of powdered horse electrolytes. Why.,Consumable,N/A,F,E,F,F,F,F,F,F,1,F,N/A,N/A,1hr,N/A,TRUE,FALSE
Apple,Generic,One singular apple. Repels doctors within 25 meters of you on consumption.,Consumable,N/A,F,D,F,F,F,F,F,F,5,E,N/A,N/A,N/A,N/A,FALSE,FALSE
Digestive Expulsion Independence,Generic,You no longer produce urine or feces. Don't ask where it goes.,Passive,N/A,E,F,F,F,F,F,E,F,2,F,N/A,N/A,N/A,N/A,FALSE,FALSE
Scenic Wind,Generic,"The wind will always make you look majestic and cool, even when it otherwise shouldn't. Works indoors.",World,N/A,E,E,F,F,F,E,F,F,3,F,N/A,N/A,N/A,N/A,FALSE,FALSE
Cool,Generic,Cool items through touch. Only strong enough to cool drinks or keep ice cream from melting and whatnot.,Ability,N/A,E,F,F,F,F,F,F,F,1,F,N/A,N/A,N/A,N/A,FALSE,FALSE
Cottonmouth,Generic,"One fairly strong, fairly smart cottonmouth snake. Doesn't do anything special.",Familiar,Other,F,F,F,E,F,E,F,F,2,F,N/A,N/A,N/A,N/A,FALSE,FALSE
Butter Passing Robot,Rick and Morty,"A small robot whose only purpose is to pass butter. Could also pull levers, I guess.",Familiar,Other,F,F,F,F,F,F,F,F,0,F,Tinker,Slow,N/A,N/A,TRUE,FALSE
Dry,Generic,Allows you to dry an object of moisture it wouldn't normally have via touch.,Ability,N/A,E,F,F,F,F,F,F,F,1,F,N/A,N/A,N/A,N/A,FALSE,FALSE
Water Bubbles,Generic,Allows you to make harmless bubbles from your body at will.,Ability,N/A,E,F,F,F,F,F,F,F,1,F,N/A,N/A,N/A,N/A,FALSE,FALSE
Induce Baldness,Generic,"You can make targets bald by touching them, either instantly or over time.",Ability,N/A,E,F,F,F,F,E,F,E,3,F,N/A,N/A,N/A,N/A,FALSE,FALSE
Fake Weapon,Generic,You can make illusory weapons to intimidate people.,Ability,N/A,E,E,F,F,F,F,F,E,3,F,N/A,N/A,N/A,N/A,FALSE,FALSE
Four Dark Devas of Destruction,Danganronpa,Four very weird hamsters that are surprisingly well trained.,Familiar,Other,F,F,F,F,F,F,F,F,0,F,N/A,N/A,N/A,N/A,FALSE,FALSE
Dread Helm,Dungeons and Dragons,A black metal helmet. Fairly durable. Eyes glow red for intimidation.,Wearable,N/A,E,D,F,F,F,E,F,E,8,E,N/A,N/A,N/A,24hr,TRUE,FALSE
The Straw Hat,One Piece,Gol D. Roger's straw hat. Lots of sentimental value. Not much else.,Wearable,N/A,F,F,F,F,F,E,F,D,6,E,N/A,N/A,N/A,Manual,TRUE,FALSE
Glock 19,Generic,"One Glock 19, with magazine. Magazines restock.",Arsenal,N/A,F,F,F,F,F,F,F,F,0,F,N/A,N/A,24hr,N/A,FALSE,FALSE
Dampen,Generic,"You can make anything you touch pretty damp, but not soaked.",Ability,N/A,E,F,F,F,F,E,F,F,2,F,N/A,N/A,N/A,N/A,FALSE,FALSE
Small Object Attraction,My Hero Academia,Slowly draw small objects toward yourself within line of sight.,Ability,N/A,E,F,F,F,F,F,F,F,1,F,Train,Snail,N/A,N/A,FALSE,FALSE
Thermal Vision,Generic,Swap to perfect thermal vision and see heat signatures. Does not impair normal vision.,Ability,N/A,E,F,F,E,F,F,E,F,3,F,N/A,N/A,N/A,N/A,FALSE,FALSE
Companion Crow,Generic,"A very smart and loyal crow. Physically normal, mentally human-level intelligence.",Familiar,Female,E,F,F,E,E,E,F,F,4,F,N/A,N/A,N/A,N/A,FALSE,FALSE
Cloak of Billowing,Dungeons and Dragons,"A fancy, embroidered red cloak that billows majestically without wind.",Wearable,N/A,E,E,F,F,F,E,F,F,3,F,N/A,N/A,N/A,N/A,TRUE,FALSE
Jarate Training Kit,Team Fortress 2,"Infinite supply of kidney enlarging pills, plus a training manual for using jarate in combat.",Consumable,N/A,E,E,F,F,F,F,D,E,8,E,N/A,N/A,N/A,N/A,TRUE,FALSE
Kitchen Gun,Generic,"A gun that cleans dirty appliances, countertops, and furniture by pulling the trigger. Might leave bullet holes. ",Arsenal,N/A,E,F,E,F,F,F,F,F,2,F,N/A,N/A,N/A,N/A,TRUE,FALSE
Calligraphy,Generic,"The skill of writing really fast while maintaining aesthetic appeal, in multiple styles.",Skill,N/A,F,F,F,E,F,E,F,F,2,F,Train,Slow,N/A,N/A,FALSE,FALSE
Sign Language,Generic,"The skill of communicating with your hands. Works for local sign language, about as well as your native language.",Skill,N/A,E,F,F,E,F,E,F,F,3,F,Train,Slow,N/A,N/A,FALSE,FALSE
Deus Egg Machina,Generic,You can always find a chicken egg during opportune moments.,Passive,N/A,E,F,F,F,F,E,F,F,2,F,N/A,N/A,N/A,N/A,FALSE,FALSE
Comfortable,Generic,You're always comfortable in your own body. Your physical features do not hamper your daily life or mobility. Does not cure gender dysphoria. Sorry.,Passive,N/A,E,F,F,F,E,F,F,F,2,F,N/A,N/A,N/A,N/A,FALSE,FALSE
Louden,Generic,Increase noises around you to obnoxious levels without causing physical damage.,Ability,N/A,E,E,F,F,F,E,F,F,3,F,N/A,N/A,N/A,N/A,FALSE,FALSE
Forecasting,Generic,Accurately tell the weather in a given area up to a week ahead of time.,Ability,N/A,E,F,F,E,F,F,F,F,2,F,N/A,N/A,N/A,N/A,FALSE,FALSE
Bear Manipulation,Generic,Control all bears in a 50 meter radius,Ability,N/A,D,F,F,E,F,E,F,F,7,E,N/A,N/A,N/A,N/A,FALSE,FALSE
Pepsi Man,Pepsi Commercials,Summon a superhuman chrome and blue faceless being whose only purpose is to give everyone a can of Pepsi and then leave.,Familiar,Male,D,E,E,E,C,E,F,E,20,D,N/A,N/A,N/A,N/A,FALSE,FALSE
Evil and Intimidating Horse,Generic,A regular horse who is intimidating and evil.,Familiar,Other,F,D,E,E,E,E,F,E,10,D,N/A,N/A,N/A,N/A,FALSE,FALSE
All Purpose Tool,Dungeons and Dragons,"A screwdriver that shifts into any non-powered hand tool. Hammers, chisels, etc.",Arsenal,N/A,E,F,E,F,F,F,F,F,2,F,N/A,N/A,N/A,24hr,TRUE,FALSE
Leather Bag of Holding,Dungeons and Dragons,A leather bag that can carry a thousand pounds worth of weight inside of it. The user always knows instinctively how to pull out what they want.,Wearable,N/A,C,F,F,E,F,F,F,F,11,D,N/A,N/A,N/A,Manual,TRUE,FALSE
Drunk Driver,Generic,"The more drunk you are, the better you are at driving.",Passive,N/A,E,F,F,E,E,E,F,F,4,F,N/A,N/A,N/A,N/A,FALSE,FALSE
Ceaseless Discharge,Generic,"Your cum refills instantly, and you have higher volume ejaculations.",Passive,N/A,E,F,F,F,F,E,E,F,3,F,N/A,N/A,N/A,N/A,FALSE,TRUE
Fangs,Generic,Allows you to turn your teeth into sharp and durable fangs at will.,Ability,N/A,E,F,E,F,F,E,E,F,4,F,N/A,N/A,N/A,N/A,FALSE,FALSE
Gills,Generic,You have gills. They only work underwater. Obviously.,Passive,N/A,E,F,F,F,F,F,E,F,2,F,N/A,N/A,N/A,N/A,FALSE,FALSE
Solehole,Generic,A silicone harness that lets you tie your feet together to approximate an onahole. Kinky.,Novelty,N/A,F,E,F,F,F,E,F,E,3,F,N/A,N/A,N/A,Manual,TRUE,TRUE
Clussy Fever,Generic,"It is easier to attract, befriend, and seduce silly girls, jesters, clowns, and other funny ha-ha people of all professions.",Passive,N/A,E,F,F,F,F,E,F,E,3,F,N/A,N/A,N/A,N/A,FALSE,FALSE
Clussy Brigade,Generic,"Summon weirdly sexy clown girls with weirdly sexy gags. Starts with five, increases over time. Beware the clown car.",Familiar,Female,E,E,E,E,E,E,E,E,8,E,Time,Slow,N/A,N/A,FALSE,TRUE
More Eyes,Generic,Manifest more eyes anywhere on your body. Does not disorientate you.,Ability,N/A,E,E,F,E,F,F,E,E,5,E,N/A,N/A,N/A,N/A,FALSE,FALSE
Slip In,Generic,You can pass your body through any opening wider than 5 cm in diameter.,Passive,N/A,E,F,F,F,E,F,D,F,7,E,N/A,N/A,N/A,N/A,FALSE,FALSE
Sex Manipulation,Generic,"Alter your genitals to whatever shape, size, and configuration you like. Does not allow hyper sized genitals. Sorry.",Ability,N/A,E,F,F,F,F,F,E,F,2,F,N/A,N/A,N/A,N/A,FALSE,FALSE
Trash Eater,Generic,"A gray, 1 meter-ish slime that acts like an infinite trashcans. Obeys orders. Can't eat living beings.",Familiar,Other,E,F,E,F,F,F,E,F,3,F,N/A,N/A,N/A,N/A,TRUE,FALSE
Immortal Snail,Generic,A completely immortal snail. Utterly unkillable no matter what.,Familiar,Other,E,F,F,F,F,F,E,E,3,F,N/A,N/A,N/A,N/A,FALSE,FALSE
Wooper,Pokemon,A derpy lil water creature. Learns four moves at a time from the standard move pool. Trainable. Can evolve with enough training.,Familiar,Other,D,E,D,E,D,E,D,E,24,D,Train,Medium,N/A,N/A,FALSE,FALSE
Brown Bear,Generic,One standard Brown Bear. Strong for its species and smart as a human. Female default.,Familiar,Female,F,F,D,E,D,E,E,F,13,D,Train,Slow,N/A,N/A,FALSE,FALSE
B-1 Battle Droid,Star Wars,One singular B-1 Battle Droid with blaster. Not very smart. Still lethal in the absence of clones or Jedi.,Familiar,Other,F,E,E,E,E,E,F,F,5,E,Tinker,Slow,N/A,N/A,TRUE,FALSE
Yellow Chocobo,Final Fantasy,A breeding pair of chocobo. Fiercely intelligent and loyal. Great mount. Long endurance.,Familiar,Other,E,F,D,E,D,E,F,E,14,D,Train,Slow,N/A,N/A,FALSE,FALSE
Bussy Fever,Generic,"You now attract, befriend, and seduce feminine men more easily. A fair amount of them may or may not be trans women. Some of them are just fruity and gay.",Passive,N/A,E,F,F,F,F,E,F,E,3,F,N/A,N/A,N/A,N/A,FALSE,FALSE
Femboy'd!,Generic,Congratulations! You're a femboy now. Sorry if you get gender dysphoria from this. Whoops!,Race,Male,E,F,F,F,F,E,F,F,2,F,N/A,N/A,N/A,N/A,FALSE,TRUE
Clussy'd!,Generic,Congratulations! You're a clown girl now. Sorry if you get gender dysphoria from this. Whoops!,Race,Female,E,F,F,F,F,E,F,F,2,F,N/A,N/A,N/A,N/A,FALSE,TRUE
Goth'd!,Generic,"Congratulations! You're a hot goth now. Surprisingly, doesn't change your outward sex.",Race,Other,E,F,F,F,F,E,F,F,2,F,N/A,N/A,N/A,N/A,FALSE,TRUE
Bimbo'd!,Generic,Congratulations! You're a bimbo now. Sorry if you get gender dysphoria from this. Whoops!,Race,Female,E,F,F,F,F,E,F,F,2,F,N/A,N/A,N/A,N/A,FALSE,TRUE
Tomboy'd!,Generic,Congratulations! You're a tomboy now. Sorry if you get gender dysphoria from this. Whoops!,Race,Female,E,F,F,F,F,E,F,F,2,F,N/A,N/A,N/A,N/A,FALSE,TRUE
Nick O' Teen,DC Comics,A supervillain whose only job is to give everyone in an area a carton of cigarettes before fucking off.,Familiar,Male,E,E,E,E,E,E,E,E,8,E,N/A,N/A,24hr,N/A,FALSE,FALSE
Doyen's Hair Cream,HunterxHunter,A tub of cream that permanently grows luxurious hair where applied. Wear gloves. Be careful.,Consumable,N/A,E,F,F,F,F,E,E,F,3,F,N/A,N/A,1wk,N/A,TRUE,FALSE
Descendant of the Dauntless Witch,The Witch and the Beast,"You are now a Witch, and decendant of the Dauntless Witch Quena Velvette. You will live, unchanging, for eactly two hundred years, and have innate knowledge of how to manifest and manipulate swords, from daggers to mountain breakers. In addition, you have deep knowledge of how to manipulate and seal magical weaponry.",Race,N/A,B,F,D,F,F,F,F,F,55,C,N/A,N/A,N/A,N/A,FALSE,FALSE
Gold Ring Gift,Generic,A gold ring you can gift to a loved one. Customizable patterns on demand. Does not contain gems.,Wearable,N/A,F,F,F,F,F,E,F,E,2,F,N/A,N/A,N/A,N/A,TRUE,FALSE
Omni Gacha Promotional Shirt,Generic,"""I rolled a ticket and all I got was this lousy shirt""",Wearable,N/A,F,F,F,F,F,F,F,F,0,F,N/A,N/A,N/A,Auto,FALSE,FALSE
Fairy Dust,Peter Pan,"A pouch of freshly shaken Fairy Dust. Has enough powder to make 5 men float for 1 hour, or 1 man float for 5 hours.",Consumable,N/A,D,F,F,F,D,F,F,E,11,D,N/A,N/A,24hr,N/A,FALSE,FALSE
Birds Eyes View,Generic,"You can manifest some form of bird, and can link yourself to their eyes and ears. What they see, you see, what they hear, you hear. As long as you're looking. The birds being destroyed does not harm you.",Ability,N/A,C,F,F,F,E,F,F,F,11,D,N/A,N/A,N/A,N/A,FALSE,FALSE
Archer Hella EC-D i360,Cyberpunk 2077,"An old, cheap reliable four door sedan.  Tops out at 101 kph.",Vehicle,N/A,E,F,D,F,C,E,F,F,17,D,N/A,N/A,N/A,1hr,TRUE,FALSE
Archer Quartz EC-L r275,Cyberpunk 2077,A two door coupe. Tough and reliable. 162 horsepower,Vehicle,N/A,E,F,D,F,C,E,F,F,17,D,N/A,N/A,N/A,1hr,TRUE,FALSE
Archer Quartz EC-T2 r660,Cyberpunk 2077,A two door coupe. Tough and reliable. 220 horsepower,Vehicle,N/A,E,F,D,F,C,E,F,F,17,D,N/A,N/A,N/A,1hr,TRUE,FALSE
"Archer Quartz ""Bandit""",Cyberpunk 2077,A customized coupe. Tough and pimped out. 364 horsepower.,Vehicle,N/A,E,F,D,F,C,E,F,F,17,D,N/A,N/A,N/A,1hr,TRUE,FALSE
"Archer Quartz ""Specter""",Cyberpunk 2077,"Off road, AWD two door coupe. Survives the badlands. 520 horsepower. Mounted machine guns.",Vehicle,N/A,E,F,D,F,C,E,F,F,17,D,N/A,N/A,N/A,1hr,TRUE,FALSE
"Archer Quartz ""Sidewinder""",Cyberpunk 2077,"Off road, AWD two door coupe. Survives the badlands. 520 horsepower. Mounted machine guns and rocket launchers.",Vehicle,N/A,E,F,D,F,C,E,F,F,17,D,N/A,N/A,N/A,1hr,TRUE,FALSE
Chevillon Emperor 620 Ragnar,Cyberpunk 2077,AWD corpo SUV. 529 horsepower. Usually a cop car.,Vehicle,N/A,E,F,D,F,C,E,F,F,17,D,N/A,N/A,N/A,1hr,TRUE,FALSE
Chevillon Thrax 388 Jefferson,Cyberpunk 2077,"Four door, RWD limo. 388 horsepower, bulletproof windshield. Slow acceleration.",Vehicle,N/A,E,F,D,F,C,E,F,F,17,D,N/A,N/A,N/A,1hr,TRUE,FALSE
Chevillon Legatus 450 Aquila,Cyberpunk 2077,Heavy duty AWD truck. Mounted machine guns. 1000 horsepower. Armored.,Vehicle,N/A,E,F,D,F,C,E,F,F,17,D,N/A,N/A,N/A,1hr,TRUE,FALSE
Delamain no. 21,Cyberpunk 2077,"Armored combat cab. 333 horepower. Reinforced, bulletproof, in-built defense systems. Comes with its own AI. Treat him as a friend.",Vehicle,N/A,E,F,D,D,C,E,F,F,22,D,N/A,N/A,N/A,1hr,TRUE,FALSE
Herrera Outlaw GTS,Cyberpunk 2077,"AWD limousine. Four doors, 755 horsepower, tops out at 182 kph. Changes color on demand.",Vehicle,N/A,E,E,D,F,C,E,F,F,18,D,N/A,N/A,N/A,1hr,TRUE,FALSE
"Herrera Outlaw ""Weiler""",Cyberpunk 2077,"Heavy duty combat limousine. 755 horsepower, tops out at 182 kph. Armored. Bulletproof. Airless tires. Mounted machine guns.",Vehicle,N/A,E,F,D,F,C,E,F,F,17,D,N/A,N/A,N/A,1hr,TRUE,FALSE
"Herrera Riptide ""Terrier""",Cyberpunk 2077,RWD sport coupe. 789 horsepower. Changes color on demand.,Vehicle,N/A,E,E,D,F,C,E,F,F,18,D,N/A,N/A,N/A,1hr,TRUE,FALSE
Mahir Supron FS3,Cyberpunk 2077,"Boring, cheap, economy van. Seats 4. 110 horsepower.  Unreliable, but easy to repair.",Vehicle,N/A,E,F,D,F,C,E,F,F,17,D,N/A,N/A,N/A,1hr,TRUE,FALSE
Mahir Supron FS3-T,Cyberpunk 2077,"Boring, cheap, economy van. Seats 4. 155 horsepower.  Unreliable, but easy to repair.",Vehicle,N/A,E,F,D,F,C,E,F,F,17,D,N/A,N/A,N/A,1hr,TRUE,FALSE
"Mahir Supron ""Trailbruiser""",Cyberpunk 2077,A suped up combat/off road economy van. Armored. Bulletproof. Mounted machine guns and rocket launchers. 349 horsepower.,Vehicle,N/A,E,F,D,F,C,E,F,F,17,D,N/A,N/A,N/A,1hr,TRUE,FALSE
Makigai MaiMai P126,Cyberpunk 2077,The shittiest little city car. 126 horsepower. Seats 2. Barely street legal.,Vehicle,N/A,E,F,D,F,C,E,F,F,17,D,N/A,N/A,N/A,1hr,TRUE,FALSE
Makigai Tanishi T400,Cyberpunk 2077,"A little mini pickup truck. Shitty, but cheap. 230 horsepower. Seats 2",Vehicle,N/A,E,F,D,F,C,E,F,F,17,D,N/A,N/A,N/A,1hr,TRUE,FALSE
"Makigai Tanishi ""Kuma""",Cyberpunk 2077,A tiny pickup truck. 275 horsepower. AWD. Seats 2. Will greet and say goodbye to you in Japanese when entering and exiting.,Vehicle,N/A,E,F,D,F,C,E,F,F,17,D,N/A,N/A,N/A,1hr,TRUE,FALSE
Militech Hellhound,Cyberpunk 2077,A militarized SUV. Bulletproof. Mine resistant. Explosion resistant. Radar. Machine guns. Rocket launchers. Top speed 121 kph.,Vehicle,N/A,E,F,D,F,C,E,F,F,17,D,N/A,N/A,N/A,1hr,TRUE,FALSE
Mizutani Hozuki MH2,Cyberpunk 2077,AWD Hatchback. Seats 4. 242 horsepower.,Vehicle,N/A,E,F,D,F,C,E,F,F,17,D,N/A,N/A,N/A,1hr,TRUE,FALSE
"Mizutani Hozuki ""Hoseki""",Cyberpunk 2077,AWD Hatchback. Seats 4. 362 horsepower. Used to belong to someone else. Race it loud and free.,Vehicle,N/A,E,F,D,F,C,E,F,F,17,D,N/A,N/A,N/A,1hr,TRUE,FALSE
Mizutani Shion MZ1,Cyberpunk 2077,RWD sports car. Seats 2. 320 horsepower. Changes color on demand.,Vehicle,N/A,E,E,D,F,C,E,F,F,18,D,N/A,N/A,N/A,1hr,TRUE,FALSE
Mizutani Shion MZ2,Cyberpunk 2077,RWD sports car. Seats 2. 482 horsepower. Changes color on demand.,Vehicle,N/A,E,E,D,F,C,E,F,F,18,D,N/A,N/A,N/A,1hr,TRUE,FALSE
Mizutani Shion Targa MZT,Cyberpunk 2077,RWD convertible sports car. Seats 2. 482 horsepower. ,Vehicle,N/A,E,F,D,F,C,E,F,F,17,D,N/A,N/A,N/A,1hr,TRUE,FALSE
"Mizutani Shion ""Bonewrecker""",Cyberpunk 2077,"Suped up offroad sports car. AWD, 464 horsepower. Floodlights, fenders, replaced windshield.",Vehicle,N/A,E,F,D,F,C,E,F,F,17,D,N/A,N/A,N/A,1hr,TRUE,FALSE
"Mizutani Shion ""Coyote""",Cyberpunk 2077,"Suped up offroad  combat sports car. AWD, 570 horsepower. Floodlights, fenders, replaced windshield. Mounted machine guns.",Vehicle,N/A,E,F,D,F,C,E,F,F,17,D,N/A,N/A,N/A,1hr,TRUE,FALSE
"Mizutani Shion ""Samum""",Cyberpunk 2077,"Suped up offroad  combat sports car. AWD, 464 horsepower. Floodlights, fenders, replaced windshield. Mounted machine guns and rocket launchers.",Vehicle,N/A,E,F,D,F,C,E,F,F,17,D,N/A,N/A,N/A,1hr,TRUE,FALSE
Porsche 911 Turbo (930),Cyberpunk 2077,"Johnny Silverhand's car. Purrs like new. 296 horsepower, turbocharged, worth its weight in gold. Treat her like glass.",Vehicle,N/A,E,F,D,F,C,E,F,F,17,D,N/A,N/A,N/A,1hr,TRUE,FALSE
Porsche 911 Turbo Cabriolet (930),Cyberpunk 2077,"Johnny Silverman's car. 296 horsepower, turbocharged... less cool than Silverhand's.",Vehicle,N/A,E,F,D,F,C,E,F,F,17,D,N/A,N/A,N/A,1hr,TRUE,FALSE
Quadra Turbo-R 740,Cyberpunk 2077,"RWD 2 seat sports car. 480 horsepower, turbocharged V8. Changes color on demand.",Vehicle,N/A,E,E,D,F,C,E,F,F,18,D,N/A,N/A,N/A,1hr,TRUE,FALSE
Quadra Turbo-R V-Tech,Cyberpunk 2077,"RWD 2 seat sports car. 740 horsepower, turbocharged V8. Changes color on demand.",Vehicle,N/A,E,E,D,F,C,E,F,F,18,D,N/A,N/A,N/A,1hr,TRUE,FALSE
Quadra Type-66 640 TS,Cyberpunk 2077,"RWD 2 seat sports car. 555 horsepower, turbocharged V8. Changes color on demand. Driven by a man with his life cut short. Run on the edge.",Vehicle,N/A,E,E,D,F,C,E,F,F,18,D,N/A,N/A,N/A,1hr,TRUE,FALSE
Quadra Type-66 680 TS,Cyberpunk 2077,"RWD 2 seat sports car. 616 horsepower, turbocharged V8. Changes color on demand.",Vehicle,N/A,E,E,D,F,C,E,F,F,18,D,N/A,N/A,N/A,1hr,TRUE,FALSE
Quadra Type-66 Avenger,Cyberpunk 2077,"RWD 2 seat sports car. 777 horsepower, turbocharged V8. Changes color on demand.",Vehicle,N/A,E,E,D,F,C,E,F,F,18,D,N/A,N/A,N/A,1hr,TRUE,FALSE
"Quadra Type-55 ""BULITT""",Cyberpunk 2077,"RWD 2 seat sports car. 555 horsepower, turbocharged V8. Changes color on demand.",Vehicle,N/A,E,E,D,F,C,E,F,F,18,D,N/A,N/A,N/A,1hr,TRUE,FALSE
"Quadra Type-66 ""Cthulhu""",Cyberpunk 2077,"RWD 2 seat sports car. 666 horsepower, turbocharged V8. Changes color on demand. The last guy who drove it was a dick. Race like the wind.",Vehicle,N/A,E,E,D,F,C,E,F,F,18,D,N/A,N/A,N/A,1hr,TRUE,FALSE
"Quadra Type-55 ""Jen Rowley""",Cyberpunk 2077,"RWD 2 seat sports car. 616 horsepower, turbocharged V8. Changes color on demand. Yes, it's a General Lee reference.",Vehicle,N/A,E,E,D,F,C,E,F,F,18,D,N/A,N/A,N/A,1hr,TRUE,FALSE
"Quadra Type-66 ""Hoon""",Cyberpunk 2077,AWD suped up combat muscle car. 1000 horsepower. Mounted machine guns. Great in the badlands. Bulletproof. Fast and agile.,Vehicle,N/A,E,F,D,F,C,E,F,F,17,D,N/A,N/A,N/A,1hr,TRUE,FALSE
"Quadra Type-66 ""Javelina""",Cyberpunk 2077,AWD suped up combat muscle car. 845 horsepower. Mounted machine guns. Low traction in the rear. Bulletproof. Not explosion proof.,Vehicle,N/A,E,F,D,F,C,E,F,F,17,D,N/A,N/A,N/A,1hr,TRUE,FALSE
"Quadra Type-66 ""Wingate""",Cyberpunk 2077,AWD suped up combat muscle car. 845 horsepower. Mounted machine guns. Low traction in the rear. Bulletproof. Not explosion proof.,Vehicle,N/A,E,F,D,F,C,E,F,F,17,D,N/A,N/A,N/A,1hr,TRUE,FALSE
"Quadra Sport R-7 ""Charon""",Cyberpunk 2077,"RWD sports car, seats 4. 480 horsepower. Changes color on demand.",Vehicle,N/A,E,E,D,F,C,E,F,F,18,D,N/A,N/A,N/A,1hr,TRUE,FALSE
"Quadra Sport R-7 ""Chiaroscuro""",Cyberpunk 2077,"RWD sports car, seats 4. 723 horsepower. Changes color on demand.",Vehicle,N/A,E,E,D,F,C,E,F,F,18,D,N/A,N/A,N/A,1hr,TRUE,FALSE
"Quadra Sport R-7 ""Sterling""",Cyberpunk 2077,"RWD sports car, seats 4. 537 horsepower. Mercury silver. Spoiler. Stylish.",Vehicle,N/A,E,F,D,F,C,E,F,F,17,D,N/A,N/A,N/A,1hr,TRUE,FALSE
"Quadra Sport R-7 ""Vigilante""",Cyberpunk 2077,"RWD sports car, seats 4. 723 horsepower. Changes color on demand. Has no hood.",Vehicle,N/A,E,E,D,F,C,E,F,F,18,D,N/A,N/A,N/A,1hr,TRUE,FALSE
"Rayfield Arondight ""Guinevere""",Cyberpunk 2077,RWD Front engine hypercar. 940 horsepower. Top speed 320 mph. Hex turbocharged V16 engine. Changes color on demand. Sexy as hell.,Vehicle,N/A,E,E,D,F,C,D,F,F,22,D,N/A,N/A,N/A,1hr,TRUE,FALSE
Rayfield Caliburn,Cyberpunk 2077,AWD 2 seat hypercar. 1660 horsepower. Sexy as hell. Changes color on demand.,Vehicle,N/A,E,E,D,F,C,D,F,F,22,D,N/A,N/A,N/A,1hr,TRUE,FALSE
"Rayfield Caliburn ""Mordred""",Cyberpunk 2077,AWD 2 seat hypercar. 1660 horsepower. Sexy as hell. Changes color on demand. The last guy who owned it was a corpo dick.,Vehicle,N/A,E,E,D,F,C,D,F,F,22,D,N/A,N/A,N/A,1hr,TRUE,FALSE
"Rayfield Caliburn ""Murkmobile""",Cyberpunk 2077,AWD 2 seat hypercar. 1660 horsepower. Sexy as hell. Changes color on demand. The last guy who owned it wanted to be Batman lmao.,Vehicle,N/A,E,E,D,F,C,D,F,F,22,D,N/A,N/A,N/A,1hr,TRUE,FALSE
Thorton Colby BARGHEST,Cyberpunk 2077,AWD pickup pickup truck. Security patrol vehicle. Emergency lights. 280 horsepower. Bulletproof. All terrain handling.,Vehicle,N/A,E,F,D,F,C,E,F,F,17,D,N/A,N/A,N/A,1hr,TRUE,FALSE
Thorton Colby C125,Cyberpunk 2077,FWD station wagon. Seats 4. Widely available to all. 182 horsepower.,Vehicle,N/A,E,F,D,F,C,E,F,F,17,D,N/A,N/A,N/A,1hr,TRUE,FALSE
Thorton Colby CST40,Cyberpunk 2077,AWD station wagon. Seats 4. 240 horsepower. Super common.,Vehicle,N/A,E,F,D,F,C,E,F,F,17,D,N/A,N/A,N/A,1hr,TRUE,FALSE
Thorton Colby CX410 Butte,Cyberpunk 2077,AWD pickup truck. Seats 2. 235 horsepower. Good for small business owners.,Vehicle,N/A,E,F,D,F,C,E,F,F,17,D,N/A,N/A,N/A,1hr,TRUE,FALSE
"Thorton Colby CX410 ""Gran Butte""",Cyberpunk 2077,AWD pickup truck. Seats 2. 235 horsepower. Good for small business owners.,Vehicle,N/A,E,F,D,F,C,E,F,F,17,D,N/A,N/A,N/A,1hr,TRUE,FALSE
"Thorton Colby ""Little Mule""",Cyberpunk 2077,Basically a Toyota Technical. 389 horsepower. Mounted machine guns. Seats 2.,Vehicle,N/A,E,F,D,F,C,E,F,F,17,D,N/A,N/A,N/A,1hr,TRUE,FALSE
"Thorton Colby ""Vulture""",Cyberpunk 2077,Basically a Toyota Technical. 369 horsepower. Mounted machine guns and rocket launchers. Seats 2.,Vehicle,N/A,E,F,D,F,C,E,F,F,17,D,N/A,N/A,N/A,1hr,TRUE,FALSE
Thorton Galena G240,Cyberpunk 2077,A very unremarkable 4 door hatchback. 86 horsepower. Ouch.,Vehicle,N/A,E,F,D,F,C,E,F,F,17,D,N/A,N/A,N/A,1hr,TRUE,FALSE
Thorton Galena GA32t,Cyberpunk 2077,4 door hatchback. 150 horsepower. Good for daily driving.,Vehicle,N/A,E,F,D,F,C,E,F,F,17,D,N/A,N/A,N/A,1hr,TRUE,FALSE
"Thorton Galena ""Rattler""",Cyberpunk 2077,"A run-down 4 door hatchback. 294 horsepower. AWD. Needs some love. Almost feels like yours right away, as if you just forgot that you'd lost it.",Vehicle,N/A,E,F,D,F,C,E,F,F,17,D,N/A,N/A,N/A,1hr,TRUE,FALSE
"Thorton Galena ""Gecko""",Cyberpunk 2077,Modified offroad combat hatchback. Seats 2. 365 horsepower. Mounted machine guns. AWD.,Vehicle,N/A,E,F,D,F,C,E,F,F,17,D,N/A,N/A,N/A,1hr,TRUE,FALSE
"Thorton Galena ""Locust""",Cyberpunk 2077,Modified offroad combat hatchback. Seats 2. 365 horsepower. Mounted machine guns and rocket launchers. AWD.,Vehicle,N/A,E,F,D,F,C,E,F,F,17,D,N/A,N/A,N/A,1hr,TRUE,FALSE
Thorton Mackinaw MTL1,Cyberpunk 2077,A very staple big pickup. 420 horsepower. Seats 4. Doubled rear wheels. RWD.,Vehicle,N/A,E,F,D,F,C,E,F,F,17,D,N/A,N/A,N/A,1hr,TRUE,FALSE
"Thorton Mackinaw ""Beast""",Cyberpunk 2077,"Modified racing pickup. 560 horsepower. Bulletproof. Huge. Trans rights, babyyyyy!",Vehicle,N/A,E,F,D,F,C,E,F,F,17,D,N/A,N/A,N/A,1hr,TRUE,FALSE
"Thorton Mackinaw ""Saguaro""",Cyberpunk 2077,Modified racing pickup. 560 horsepower. Larger gas tanks. Bucket seats. AWD. Badass.,Vehicle,N/A,E,F,D,F,C,E,F,F,17,D,N/A,N/A,N/A,1hr,TRUE,FALSE
"Thorton Mackinaw ""Demiurge""",Cyberpunk 2077,Big-ass monster truck. 1022 horsepower. Seats 2. AWD.,Vehicle,N/A,E,F,D,F,C,E,F,F,17,D,N/A,N/A,N/A,1hr,TRUE,FALSE
"Thorton Merrimac ""Warlock""",Cyberpunk 2077,"Aftermarket left hand drive, Australian pickup. AWD, 633 horsepower. Seats 4. American flag painted on the hood.",Vehicle,N/A,E,F,D,F,C,E,F,F,17,D,N/A,N/A,N/A,1hr,TRUE,FALSE
Villefort Alvarado V4F 570 Delegate,Cyberpunk 2077,"6 wheel limousine, luxury stylings. 407 horsepower. Very comfortable. Changes color on demand.",Vehicle,N/A,E,E,D,F,C,E,F,F,18,D,N/A,N/A,N/A,1hr,TRUE,FALSE
Villefort Alvarado V4FH 570 Herman,Cyberpunk 2077,"6 wheel limousine, luxury stylings. 407 horsepower. Very comfortable. Changes color on demand.",Vehicle,N/A,E,E,D,F,C,E,F,F,18,D,N/A,N/A,N/A,1hr,TRUE,FALSE
"Villefort Alvarado ""Vato""",Cyberpunk 2077,"6 wheel limousine, luxury stylings. 407 horsepower. Very comfortable. Painted gold with a red interior. La Cucaracha horn. Honor its previous owner's dedication to his wife.",Vehicle,N/A,E,F,D,F,C,E,F,F,17,D,N/A,N/A,N/A,1hr,TRUE,FALSE
Villefort Columbus V340-F Freight,Cyberpunk 2077,The cyberpunk version of a creepy black van. Simple. Modest. 210 horsepower.,Vehicle,N/A,E,F,D,F,C,E,F,F,17,D,N/A,N/A,N/A,1hr,TRUE,FALSE
Villefort Columbus V5000 Valor,Cyberpunk 2077,RWD limousine. Seats 4. Popular among corpos. 333 horsepower.,Vehicle,N/A,E,F,D,F,C,E,F,F,17,D,N/A,N/A,N/A,1hr,TRUE,FALSE
Villefort Deleon V410-S Coupé,Cyberpunk 2077,RWD 4 door coupe. 390 horsepower. Changes color on demand.,Vehicle,N/A,E,E,D,F,C,E,F,F,18,D,N/A,N/A,N/A,1hr,TRUE,FALSE
"Villefort Deleon ""Vindicator""",Cyberpunk 2077,RWD 4 door coupe. 456 horsepower. Changes color on demand. Suped up for racing aesthetics.,Vehicle,N/A,E,E,D,F,C,E,F,F,18,D,N/A,N/A,N/A,1hr,TRUE,FALSE
Yaiba ARV-Q340 Semimaru,Cyberpunk 2077,"Custom built drift car. AWD, 1690 horsepower, seats 2. Upgraded as hell, sexy as hell. Honor the memories put into this chassis. Ride like the wind.",Vehicle,N/A,E,F,D,F,C,E,F,F,17,D,N/A,N/A,N/A,1hr,TRUE,FALSE
ARCH Nazaré,Cyberpunk 2077,Just a really good road bike. 170 horsepower. Surprisingly cool.,Vehicle,N/A,E,F,D,F,C,E,F,F,17,D,N/A,N/A,N/A,1hr,TRUE,FALSE
Jackie's ARCH,Cyberpunk 2077,An old friend's road bike. Treat her well. 185 horsepower.,Vehicle,N/A,E,F,D,F,C,E,F,F,17,D,N/A,N/A,N/A,1hr,TRUE,FALSE
"ARCH Nazaré ""Itsumade""",Cyberpunk 2077,A stolen road bike once belonging to a gang boss. 170 horsepower.,Vehicle,N/A,E,F,D,F,C,E,F,F,17,D,N/A,N/A,N/A,1hr,TRUE,FALSE
"ARCH Nazaré ""Racer""",Cyberpunk 2077,A sportier looking road bike. 170 horsepower.,Vehicle,N/A,E,F,D,F,C,E,F,F,17,D,N/A,N/A,N/A,1hr,TRUE,FALSE
"ARCH Nazaré ""Kobold""",Cyberpunk 2077,A kitschy pink and blue road bike. 170 horsepower.,Vehicle,N/A,E,F,D,F,C,E,F,F,17,D,N/A,N/A,N/A,1hr,TRUE,FALSE
Malina-mobile,Cyberpunk 2077,A motorcycle once owned by a BD-star. 180 horsepower. Wipe the seat first.,Vehicle,N/A,E,F,D,F,C,E,F,F,17,D,N/A,N/A,N/A,1hr,TRUE,FALSE
Brennan Apollo,Cyberpunk 2077,"An off road cargo bike. Not the sexiest, but heavy duty. 94 horse power.",Vehicle,N/A,E,F,D,F,C,E,F,F,17,D,N/A,N/A,N/A,1hr,TRUE,FALSE
Brennan Apollo 650-S,Cyberpunk 2077,"A sporty, still offroad, road legal cargo bike. 99 horsepower.",Vehicle,N/A,E,F,D,F,C,E,F,F,17,D,N/A,N/A,N/A,1hr,TRUE,FALSE
Scorpion's Apollo,Cyberpunk 2077,An off road bike belonging to an old friend. Honor his legacy. Treat it well. 94 horsepower.,Vehicle,N/A,E,F,D,F,C,E,F,F,17,D,N/A,N/A,N/A,1hr,TRUE,FALSE
Yaiba Kusanagi CT-3X,Cyberpunk 2077,"One hell of a sleek, sexy sport bike. 183 horsepower. Yes, it Akira Slides. Changes color on demand.",Vehicle,N/A,E,E,D,F,C,D,F,F,22,D,N/A,N/A,N/A,1hr,TRUE,FALSE
"Yaiba Kusanagi ""Akashita""",Cyberpunk 2077,"A modified, high power sport bike. 183 horsepower. Yes, it Akira Slides. Changes color on demand.",Vehicle,N/A,E,E,D,F,C,D,F,F,22,D,N/A,N/A,N/A,1hr,TRUE,FALSE
"Yaiba Kusanagi ""Peacekeeper""",Cyberpunk 2077,"A modified, high power sport bike. 183 horsepower. Yes, it Akira Slides. Changes color on demand.",Vehicle,N/A,E,E,D,F,C,D,F,F,22,D,N/A,N/A,N/A,1hr,TRUE,FALSE
Yaiba ASM-R240 Muramasa,Cyberpunk 2078,"A custom, one of a kind prototype motorcycle. 187 horsepower.",Vehicle,N/A,E,F,D,F,C,D,F,F,21,D,N/A,N/A,N/A,1hr,TRUE,FALSE
Cookie Jar,Cookie Clicker,A glass jar with a near infinite supply of warm chocolate chip cookies. Do NOT break the jar.,Consumable,N/A,C,D,F,F,F,F,F,F,15,D,N/A,N/A,N/A,1hr,TRUE,FALSE
Ancient Fruit Wine,Stardew Valley,"A bottle of Iridium Quality Wine made from Ancient Fruit. Tastes really good, and has artisanal value.",Consumable,N/A,E,F,F,F,F,E,F,D,7,E,N/A,N/A,12hr,N/A,TRUE,FALSE
Magician's Hat,Generic,"A standard magician's top hat. If you reach in, you can pull out a rabbit or a dove one at a time.",Wearable,N/A,E,F,F,F,F,F,F,F,1,F,N/A,N/A,N/A,N/A,TRUE,FALSE
Etiquette,Generic,The skill of excellent etiquette. You may present yourself to high society without embarrassing yourself or your patron.,Skill,N/A,F,F,F,E,E,E,F,E,4,F,N/A,N/A,N/A,N/A,FALSE,FALSE
Beginner Performance,Generic,"You can perform with any instrument well enough to play basic songs, sing decently, dance decently. You could play in a high school band.",Skill,N/A,F,F,F,E,E,E,F,F,3,F,Train,Slow,N/A,N/A,FALSE,FALSE
Swimming,Generic,"The skill of excellent swimming. You could match an Olympian in theory, if not physicality.",Skill,N/A,F,F,F,E,E,F,F,F,2,F,N/A,N/A,N/A,N/A,FALSE,FALSE
Tax Evasion,Generic,"The skill of evading taxes. You're pretty good at it, and know a lot of ways to do it.",Skill,N/A,F,F,F,E,F,E,F,E,3,F,N/A,N/A,N/A,N/A,FALSE,FALSE
One Size Fits All,Generic,"Your partners feel no discomfort with your physical features. Mostly, no matter what your dick is like, it fits well inside any orifice. Somehow.",Passive,N/A,D,F,F,E,F,F,E,F,7,E,N/A,N/A,N/A,N/A,FALSE,TRUE
Water Breathing,Generic,You can breathe underwater just as well as on land.,Passive,N/A,F,F,F,F,F,F,E,F,1,F,N/A,N/A,N/A,N/A,FALSE,FALSE
Haydee Unit,Haydee 1,"A generic, mass produced Haydee unit. Good at climbing, puzzles, sneaking through large facilities, gunplay, and being thicc as fuck. Starts with one, with more manufacturable or summonable over time.",Familiar,Female,F,F,E,E,E,D,E,F,9,E,Tinker,Medium,N/A,N/A,FALSE,TRUE
The Absolute Solver,Murder Drones,"To you, reality is a simulation. One that is Solved. Utilzing the Solver allows you to replicate, generate, manipulate, and otherwise alter objects and reality itself. However, using the Solver will render you vulnerable to sunlight, and the only way to cool yourself is with blood.",Ability,N/A,SS,A,A,SS,A,E,S,E,"2,802",S,N/A,N/A,N/A,N/A,FALSE,FALSE
A Dude's Trenchcoat,Postal,"A black trenchcoat with a smiley face on the back and a cross and explosion pin attached to the lapel. It is extremely resistant to wear and tear, stains, and always smells lemon fresh!",Wearable,N/A,F,F,D,F,F,E,F,C,16,D,N/A,N/A,N/A,N/A,TRUE,FALSE
Size 34x,Generic,"The world itself seems more... porny. Women are more buxom, men are more studly, things without genitalia now have genitalia... doesn't change their behavior, though. Just makes it easier to have sex with them.",World,N/A,B,C,F,F,F,F,C,C,80,C,N/A,N/A,N/A,N/A,FALSE,TRUE
Lord Ravager Irontomb,Honkai: Star Rail,"The enemy of Erudition. An extremely powerful entity specialized in destruction of machinery and knowledge. Capable of infecting any mechanical existences through it's ""Anti-Organic Equation"". Incomplete, it can destroy universe, but should it find a sufficiently powerful head (a multiverse scale supercomputer) it becomes a multiversal threat.",Familiar,Nonbinary,F,EX,EX,F,EX,F,F,F,"30,000",SSS,Tinker,Snail,N/A,N/A,FALSE,FALSE
The Orb!,Generic,A glowing orb. Looking into it while pondering causes it to shift colors.,Novelty,N/A,E,E,F,F,F,F,F,F,2,F,N/A,N/A,N/A,1hr,TRUE,FALSE
Demonification,Helltaker,"You've been turned into a demon girl! Comes with a snazzy black and red suit. You hair is white, eyes red, and you have both black horns and a black spade tail. Getting more powerful turns your horns white. Holy things hurt more, but you can make and magically enforce agreements, are much stronger and faster, and have a greater affinity for magic.",Race,Female,C,C,D,D,D,C,C,C,65,C,Train,Snail,N/A,N/A,FALSE,FALSE
Xenussy Fever,Generic,"It is easier to attract, befriend, and seduce nonhumans, aliens, and things from beyond the stars. Does not confer language skills.",Passive,N/A,E,E,F,E,F,D,F,F,8,E,N/A,N/A,N/A,N/A,FALSE,FALSE
Horsetrogen,Umamusume,"You've been turned into an umamusume! An all female race with horse ears and a horse tail. You're significantly stronger and faster than a human and can improve physically significantly faster than a human can. If you get into a state of focus you can manifest a Zone, an aura around you that impresses your will onto the world.",Race,Female,C,D,D,E,C,D,C,E,47,D,Train,Fast,N/A,N/A,FALSE,FALSE
Shadow Bunny Girls,Persona,"Summon a number of buxom ladies entirely composed of shadow. They are dressed entirely in bunny girl outfits, but with a mask on their face marked only with two indents for eyes. Not very strong, but excellent low level workers. Ripping off their mask reveals their true form- a lower level mythical entity such as a generic demon or fairy.",Familiar,Female,D,D,D,E,D,E,F,D,27,D,Twin,Medium,N/A,N/A,FALSE,FALSE
TM Opera O,Umamusume,HARK! THE OVERLORD OF CENTURY'S END! THE CHAMPION OF THE RACE COURSE! EIGHT G1 WINS IN A ROW! LITERALLY MAGICAL! RUNS REALLY FAST! EXTREMELY GAY! THE ULTIMATE SELF-GLAZING THEATER KID!,Familiar,Female,C,D,D,E,C,C,C,A,151,B,Train,Fast,N/A,N/A,FALSE,FALSE
Tech Tree: Drone,Generic,"Gain great affinity with technology intended to make others into unthinking drones bent to your will. Drone looks start standard, but can be personally customized. Comes with a starter kit fashioned to the method you're most interested in already!",Skill,N/A,F,D,F,D,F,F,D,F,15,D,Tinker,Medium,N/A,N/A,FALSE,TRUE
Arcanum: Control,Generic,"You have a specialty in mind altering magics- hypnotic swirls, seductive whispers, pleasure and pain to induce obedience, the whole nine yards. Yes, this is a sex thing.",Skill,N/A,D,D,F,D,F,D,F,F,20,D,Train,Medium,N/A,N/A,FALSE,TRUE
Guideau,The Witch and the Beast,"An oddly pale, white haired, yellow eyed woman. She is crass, rude, doesn't understand modern living, and has a fixation on finding a specific magic user who she believes cursed her in this form. She is nigh unkillable, extremely fast and strong, and well experienced in a fight. Comes with a coffin. Should she kiss a magic user, she is able to return to her normal form for a short time- a massively powerful armored knight, tiering up all her physical stats.",Familiar,Female,E,F,C,D,C,E,F,F,27,D,N/A,N/A,N/A,N/A,FALSE,FALSE
Kamen Rider Kuuga - Growing,Kamen Rider Kuuga,"Otherwise known as Yusuke Godai. A kind, good natured, heroic soul. Not particularly strong at the moment, but will increase in power as time goes on. His punches and kicks hit in the force of tons. His finisher is a fairly weak Rider Kick.",Familiar,Male,E,E,D,E,D,E,D,C,29,D,Train,Medium,N/A,N/A,FALSE,FALSE
OOO Driver,Kamen Rider OOO,"The ancient belt of Kamen Rider OOO, powered by alchemy and human greed. Comes standard with its TaToBa combination medals. More medals acquirable through ticket rolls or from compatible sources.",Ability,N/A,A,C,C,D,C,D,C,A,250,B,N/A,N/A,N/A,N/A,FALSE,FALSE
Magical Girl Contract,Puella Magi Madoka Magica,"A simple contact. When signed and sealed, grants the signer one single wish. In exchange your soul becomes an egg-like gem and you gain magic related to your wish. Going 200 meters from the gem will ""kill"" your body. You're immortal as long as the gem remains unbroken, though it isn't any stronger than a normal gemstone. Using magic corrupts the gem and eventually turns you into a mindless entity bent on destruction. This may be slowed by positive thoughts, and reversed by destroying collected negativity that automatically incarnates into creatures and utilizing the cubes they drop. You poor bastard.",Race,N/A,C,C,D,F,D,F,F,E,31,D,N/A,N/A,N/A,N/A,TRUE,FALSE
Gadgetron Vendor Subscription,Ratchet and Clank,"This unassuming cube grants access to the wonderful wares of the company Gadgetron, headed in the Solana Galaxy. Considered the leading retailer of State-of-the-Art Gadget Technology, if Gadgetron doesn't have it, you probably don't need it! Assuming you have enough bolts (or applicable currency), anyway. Comes with either a male sales assistant, or a female Gadgetron Helpdesk robotic assistant",Arsenal,Other,S,B,A,C,SSS,B,A,E,"5,811",SS,Time,Medium,N/A,1hr,FALSE,FALSE
Power Word: Climax,Generic,"By deliberately intending to, you may say a word that causes a single person within line of sight to climax.",Ability,N/A,E,F,F,F,F,E,F,F,2,F,N/A,N/A,N/A,N/A,FALSE,TRUE
Personal Uplift Kit,Generic,"A kit complete with everything required to entirely change your appearance to anything you want within standard human guidelines. Be an elf or dwarf or something made entirely of latex if you want! Doesn't confer any advantages, only the appearance. Works once before self-destructing.",Consumable,N/A,D,F,F,F,F,F,D,F,10,D,N/A,N/A,N/A,N/A,FALSE,FALSE
Character Reroll Crystal,Generic,"A crystal that, once broken, allows you to entirely redo your 'character'. Including manipulating all your stats, altering your abilities and skills, changing your appearance, and in general changing anything to do with you. Does not affect things obtained from the gacha.",Consumable,N/A,B,C,F,F,F,F,C,F,70,C,N/A,N/A,N/A,N/A,FALSE,FALSE
Tengen Toppa Gurren Lagann,Tengen Toppa Gurren Lagann,"The titular mech. Throws universes as an attack. Unfathomably large. So long as you maintain your resolve, you cannot be beaten.",Vehicle,N/A,EX,EX,EX,EX,EX,EX,EX,EX,"80,000",EX,Train,Hyper,N/A,N/A,FALSE,FALSE
Chou Tengen Toppa Gurren Lagann,Tengen Toppa Gurren Lagann,The Super Titular Mech. Bigger than the universe. Infinitely powerful. The hope of the universe. Reincarnation of Kamina. Not technically a mecha.,Familiar,N/A,EX,EX,EX,EX,EX,EX,EX,EX,"80,000",EX,Train,Hyper,N/A,N/A,FALSE,FALSE
Rule 63,Generic,"The universe has changed. Women are men. Men are women. Not everyone has changed, but its definitely noticeable. You may either flip the gender of everyone within the story (including yourself) or pick and choose. Nobody notices the swap, except yourself.",World,N/A,A,C,F,F,F,F,F,E,111,B,N/A,N/A,N/A,N/A,FALSE,TRUE
Rule 34,Generic,"Everything is a lot lewder than you remember. Sex is completely accepted, kinks are celebrated, and clothing is optional. Asking for a quick fuck from a stranger will work more often than you expect. You may reroll this if you wish.",World,N/A,A,C,F,F,F,F,F,E,111,B,N/A,N/A,N/A,N/A,FALSE,TRUE
Megacorp Vendor Subscription,Ratchet and Clank,"Founded and ran by Abercrombie Fizzwidget, Megacorp is the leading producer of all products in the Bogon Galaxy. Weapons, Gadgets, Robotics, Appliances, Commercial Entertainment, and more! With enough bolts (or applicable legal tender) you too can take advantage of Megacorp's many products! Buy Megacorp!",Arsenal,N/A,A,B,B,B,B,C,SSS,E,"5,311",SS,Time,Medium,N/A,1hr,FALSE,FALSE
Horns,Generic,"Allows you to grow sturdy, pointy horns on your head. Shape them as you please. Don't point them at your eyes.",Passive,N/A,E,F,E,F,F,E,E,E,5,E,Time,Medium,N/A,N/A,FALSE,FALSE
Chameleon Hide,Generic,Stand still to hide by bending light around yourself. Any movement larger than a twitch will break the disguise.,Ability,N/A,E,E,F,F,F,F,F,F,2,F,N/A,N/A,N/A,N/A,FALSE,FALSE
Eros Hide,Generic,Erects an aura around you and your partner. Any lewd actions done within that aura will be ignored as if they're completely normal. Great for public sex and exhibitionism.,Ability,N/A,D,E,F,F,F,E,F,E,8,E,N/A,N/A,N/A,N/A,FALSE,TRUE
Exorcist Gloves,Generic,A pair of white gloves that allows you to interact with spiritual beings like they're solid.,Wearable,N/A,E,F,F,F,F,F,F,E,2,F,N/A,N/A,N/A,N/A,FALSE,FALSE
Warp Star,Kirby,"A little golden star used by a tiny little pink ball of joy and whimsy. Goes so much faster than lightspeed it's ridiculous. Good luck holding on, though.",Vehicle,N/A,SSS,F,F,F,EX,F,F,C,"15,010",SSS,N/A,N/A,N/A,Auto,FALSE,FALSE
Darksaber (Planetary Weapon),Star Wars,"Made from the blueprints of the Death Star, this planet buster weapon has a 50/50 gamble of self-destructing upon activation",Arsenal,N/A,S,F,S,F,F,F,F,S,"1,500",S,N/A,N/A,N/A,N/A,FALSE,FALSE
I CAST FIST!,Generic,"You may replace all motion and verbal spell requirements by yelling ""I cast fist"" and punching.",Ability,N/A,E,F,E,F,F,F,F,F,2,F,N/A,N/A,N/A,N/A,FALSE,FALSE
Shadow Wizard Money Gang Membership,Generic,"You are now a member of the Shadow Wizard Money Gang. You can call up a few homies to help you out in you're in a pinch, which they will always attempt to solve by casting spells. Gather enough and you can even drop nuclear bombs. Also comes with a sweet robe and some bling.",Familiar,N/A,C,F,C,F,F,F,F,F,20,D,N/A,N/A,N/A,N/A,FALSE,FALSE
I CAST IRON!,Generic,"Requires 15"" cast iron skillet as a material component and the ability to swing it one handed",Ability,N/A,E,F,E,F,F,F,F,F,2,F,N/A,N/A,N/A,N/A,FALSE,FALSE
Summon Bigger Gun,Generic,Summon a weapon larger and more dangerous than any weapon currently being wielded by an enemy in the fight you are currently in. This defaults to giving a weapon of the same type as your enemy.,Ability,N/A,E,F,F,E,F,F,F,F,2,F,N/A,N/A,N/A,N/A,FALSE,FALSE
Thugs 4 Less,Ratchet and Clank,"Thugs 4 Less, pay for six hits and the seventh is free! With competitive rates and five star service, Thugs 4 Less will take care of whatever problem you've got. With skills in yoga, speed bikes, and ass kicking, see if Thugs 4 Less is right for you with this complimentary voucher, summoning 3 Thugs 4 Less, right now! More Thugs cost extra, but also include ships, bikes, jump boosters, and giant ass kicking robots for your general needs.",Familiar,Other,C,F,B,E,C,A,E,C,182,B,Ticket,Slow,12hr,N/A,FALSE,FALSE
Digimon Code Seed,Digimon,"A small seed made entirely of circling code. Consuming it turns you into a Digimon- an entity composed entirely of data. You have complete access to your own code, which is in a unique and monstrously complicated language, able to modify your own appearance and abilities provided you have the knowledge of coding to do so. You no longer need to eat or sleep to live and can live through even grevious damage without issue. Self-repair regenerates you quickly, but with some skill you can heal yourself even faster through repairing your own code.",Race,N/A,C,F,C,C,C,D,C,F,55,C,N/A,N/A,N/A,N/A,FALSE,FALSE
Effortless Aura,Generic,"Your ability to seem cool is unmatched. It doesn't matter what you're doing or how you're doing it, events will conspire to make you look awesome.",Passive,N/A,F,F,F,F,F,C,F,F,10,D,N/A,N/A,N/A,N/A,FALSE,FALSE
No Cock Like Horsecock,Generic,"Your penis is now a fully functional horse penis, sheath and extra scrotum size included. If you didn't have a dick before... congrats!",Passive,N/A,E,F,E,F,F,E,E,E,5,E,N/A,N/A,N/A,N/A,FALSE,TRUE
Latex Beast,Changed,"You're entirely made of a flexible latex substance in the form of a humanoid animal. By default your body is overly malleable and prone to dissolving, but you may overtake a humanoid in order to assure your stability. This process is pleasureable and safe, but renders the host into a pliant state subject to your whims. You no longer need to eat or sleep and gain increased strength and speed.",Race,N/A,F,F,D,F,D,F,C,F,20,D,Tinker,Hyper,N/A,N/A,FALSE,TRUE
Mr. Studd,Cyberpunk 2077,From the Moment I Understood the Weakness of My Flesh... I CHROMED THE FUCK UP!!,Passive,N/A,E,F,F,F,F,E,E,E,4,F,Ticket,Slow,N/A,N/A,FALSE,TRUE
Vial of the Punishing Virus,Punishing Gray Raven,"Infects you with the full might of the Punishing Virus. Might turn you into Alpha. Full body enhancement, plus a bunch of anime stuff. You might have to read the wiki page for this one ngl.",Consumable,N/A,D,F,A,C,A,F,D,F,220,B,Train,Hyper,N/A,N/A,FALSE,FALSE
Midnight Lady,Cyberpunk 2077,From the Moment I Understood the Weakness of My Flesh... I CHROMED THE FUCK UP!!,Passive,N/A,E,F,F,F,F,E,E,E,4,F,Ticket,Slow,N/A,N/A,FALSE,TRUE
Of Course You Can Fuck It!,Generic,"By default, anything humanoid is built or created with the idea that someone wants to have sex with it, and should be able to do so. This may extend to non-humanoid entities if you wish.",World,N/A,F,B,F,F,F,F,F,F,50,C,N/A,N/A,N/A,N/A,FALSE,TRUE
Leash of the Heishou,Project Moon,"An ornate wooden whistle with a hare and the hanzi ""兔"" on the side. Whistling will summon a pack of Mao Heishou to assist you in your endeavors. Get a duplicate to summon Adept Mao Heishou.",Familiar,N/A,C,D,C,E,C,E,B,D,92,C,Twin,Slow,N/A,N/A,FALSE,FALSE
"Haven Troopers ""FROGS""",Metal Gear Solid,"Summons a squad of five Haven Troopers, fully equipped with powered suits, nanomachines, bladed weapons, and their primary ranged weapons.",Familiar,N/A,E,D,D,E,D,D,E,E,24,D,Trust,Medium,N/A,N/A,FALSE,FALSE
John's Browning,Generic,"A .44 Sharps Rifle owned and used by John Brown. When fired at slavers or in defense of slaves, guarantees death to your enemies.",Arsenal,N/A,F,F,E,F,F,F,F,D,6,E,N/A,N/A,N/A,N/A,FALSE,FALSE
Doyen's Growth Pills,HunterxHunter,A vial of 100 pills. Taking a pill makes you grow by 1cm per pill. Don't use it if you're under 20.,Consumable,N/A,E,F,F,F,F,F,E,F,2,F,N/A,N/A,1wk,24hr,TRUE,FALSE
Power Fist,Fallout,A standard pneumatic power fist that can put a crater in a wall. Not helpful if you're already superhuman.,Arsenal,N/A,E,F,D,F,F,F,F,E,7,E,N/A,N/A,N/A,24hr,TRUE,FALSE
Sentry Turrets,Portal,A box of 9 Aperture Science brand Sentry Turrets equipped with twin machine guns. Bullets refill every 24 hours. Warranty void if dismantled.,Arsenal,N/A,E,E,E,E,F,E,F,E,6,E,N/A,N/A,1wk,N/A,TRUE,FALSE
One Singular Potato,Generic,"It's a potato. One that grows quickly and can be planted in anything short of horribly toxic soil. Will yield more potatoes way faster than any regular potato, but it is... still a potato. Or you could eat it.",Farmable,N/A,E,F,F,F,F,F,E,F,2,F,Time,Fast,N/A,N/A,TRUE,FALSE
"Sword of Rupture, Ea",FATE,"The sword of primordial chaos symbolizing the Beginning and the End. Its command is ""Enuma Elish"". To wield the sword is to be considered transcendent.",Arsenal,N/A,S,C,C,F,F,B,F,A,670,A,Train,Slow,N/A,Auto,FALSE,FALSE
Milf'd,Generic,Congratulations! You're a MILF now. Sorry if you get gender dysphoria from this. Whoops!,Race,N/A,E,F,F,F,F,E,F,F,2,F,N/A,N/A,N/A,N/A,FALSE,TRUE
Mackie MSK-5S (Kincaid),Battletech,"A 100 ton mech, 20 of which is armor, capable of reaching up to 54 km/h and using 15 heat sinks. The original prototype used by Colonel Charles Kincaid that signaled a new era of warfare. Equipped with a prototype particle projector cannon, an autocannon/10, and two point defense lasers. Once deployed from a pocket space, it remains in the world indefinitely. Restocks ammo and spare parts every 24 hours. Comes with a users manual.",Vehicle,N/A,F,F,D,F,D,F,F,D,15,D,Tinker,Fast,24hr,N/A,TRUE,FALSE
Mackie MSK-9H,Battletech,"The upgrade to the MSK-5S. 100 tons, 19 of armor, with an internal system to direct explosions away from the ammo stockpile. Max speed of 54km/h and 20 heat sinks. Equipped by default with two particle projector cannons, two autocannon/20s, and two medium lasers. Spare parts, ammunition, and other equipment restock every 24hrs. Once summoned, cannot be unsummoned, but will remain in a pocket space until then.",Vehicle,N/A,F,F,D,F,D,F,F,E,11,D,Tinker,Fast,24hr,N/A,TRUE,FALSE
Orion ON1-K Kerensky,Battletech,"The heavily modified mech belonging to General Aleksandr Kerensky. 75 tons, 14 and a half of which is armor, max speed of 64km/h, and 10 heat sinks. Instead of the standard arnament, holds a snub-nosed Particle Projector cannon in the left torso, short range missles with a laser guidance system, a gauss rifle on the right arm, and two medium lasers. In addition, uses ferro-fibrous armor and a system to divert explosions from the ammo stockpile. Ammunition, spare parts, and other equipment restocks every 24hr. Resides in a pocket space until summoned. Cannot be unsummoned.",Vehicle,N/A,F,F,D,F,D,F,F,C,20,D,Tinker,Fast,24hr,N/A,TRUE,FALSE
Dicksprout,Trials in Tainted Space,A standard automatic injector of Dicksprout. A futuristic drug which will enlarge penis and balls. Used by someone without either will result in them growing such. When used on nipples or tails this will also turn them into dicks.,Consumable,N/A,F,F,F,F,F,E,E,F,2,F,N/A,N/A,1wk,N/A,TRUE,TRUE
Pussyblossom,Trials in Tainted Space,"A single pill of Pussyblossom. When used will generate or deeped a vagina. If obtained again, upgrade to the enhanced version, which creates up to three vaginas. This upgrade can be refused and the roll refunded. ",Consumable,N/A,F,F,F,F,F,E,E,F,2,F,N/A,N/A,1wk,N/A,TRUE,TRUE
Junk in the Trunk,Trials in Tainted Space,"A single pill of Junk in the Trunk. When consumed, enlarges the ass of whoever consumes it.",Consumable,N/A,F,F,F,F,F,E,E,F,2,F,N/A,N/A,1wk,N/A,TRUE,TRUE
Ashley Bat,OFF,"An ominous seeming white baseball bat. Ignores all evasive techniques, automatically hits a second time after the first succeeds. Carries the elements of Metal and Meat, doing more damage against those weak to such elements. ",Arsenal,N/A,D,D,B,F,F,E,F,E,62,C,Train,Slow,N/A,N/A,TRUE,FALSE
Tamamo Cat,FATE,"An orange haired foxgirl with massive cat paws for hands dressed in a red and black miko outfit. One of the tails of Tamamo no Mae. Not the smartest, mildly feral, rather straighforward, and rather loyal. Can cook, clean, and help a little with making talismans, though her main abilities are more physically focused..",Familiar,Female,D,C,B,E,B,D,F,C,131,B,N/A,N/A,N/A,N/A,FALSE,FALSE
Penny Inoue,Trials in Tainted Space,"A space police officer who has heavily modified herself into an anthropomorphic fox. Exceptionally professional on the job, but has a high libido as a side effect of her splicing. Will only have sex with those who have her trust and is a switch in bed. One of her idle wishes is to have a penis, simply to see how it feels.",Familiar,Female,F,F,E,E,E,E,F,E,5,E,Trust,Slow,N/A,N/A,FALSE,TRUE
The Ball Gag of Truth,Generic,"So long as the ball gag is being properly worn, the wearer must tell the truth, the whole truth, and indicate whether or not they are unsure of a piece of information. Works 100% of the time, guaranteed. No refunds.",Wearable,N/A,C,F,F,F,F,F,F,F,10,D,N/A,N/A,N/A,N/A,FALSE,TRUE
Hyper Fetation,Generic,"Allows you to get pregnant even while currently pregnant. Children after the first will grow faster to catch up to the first child. While this ensures you will carry to term and give birth without complication regardless of the number of pregnancies, it does not ensure comfort.",Passive,N/A,F,F,D,F,F,C,D,F,20,D,N/A,N/A,N/A,N/A,TRUE,TRUE
The Butt Plug of Submission,Generic,"When inserted into someone's ass, will render them into an extremely suggestible state where they will follow all of your orders. They may be instructed to act normally, but will drop everything to carry out your orders once given unless otherwise instructed. The buttplug will expand or contract for the perfect fit, is self lubricating, and cannot be removed accidentally. Though it can be removed by anyone, not only the person who placed it. ",Wearable,N/A,A,A,F,A,F,F,F,F,300,B,N/A,N/A,N/A,N/A,TRUE,TRUE
Anya Forger,Spy X Family,A (self-claimed) 10 year old female child. She is heavily interested in spies and spying and is psychic- able to read the minds of people around her.,Familiar,Female,D,E,F,F,F,C,F,F,16,D,Trust,Slow,N/A,N/A,FALSE,FALSE
MILF Beam,Generic,"A beam which, upon hitting a target, turns them into a MILF. By default turns them into a MILF version of themselves, but can be directed to change into a specific look. Does not include clothes upon transforming, but does prevent injury from current clothing being destroyed as a result of the transformation.",Ability,N/A,S,F,F,F,F,F,F,F,500,A,N/A,N/A,N/A,N/A,FALSE,TRUE
Gender Bending Beam,Generic,"A beam that turns the target into the opposite gender. Permanent unless the beam is used again. By default they look exactly as if they were born that way and grew to their current age under the exact same circumstances. With practice the user can specify physical traits, such as larger boobs, or general traits, such as not suffering from a lack of nutrients while growing, which will be applied to the resultant transformation. Changes current clothing to what the affected would be wearing at the moment they were struck had they grown up as the gender they were turned into.",Ability,N/A,B,B,F,F,F,B,F,F,150,B,N/A,N/A,N/A,N/A,FALSE,TRUE
SOUND EFFECTS,Comics,"Every action you take is now accompanied by a sound effect! This will not reveal your location to anyone unaware of it, but people aware of you can also hear the effects.",Passive,N/A,F,E,F,F,F,F,F,F,1,F,N/A,N/A,1wk,N/A,FALSE,FALSE
God Hand,FATE,"You have been granted twelve lives. This doesn't make you any more naturally resistant to damage, but once killed by something you gain significantly increased resistance against that same thing. You regenerate a life a week, and the resistance is removed upon gaining that life back.",Passive,N/A,A,F,F,A,F,E,A,A,401,B,N/A,N/A,N/A,N/A,FALSE,FALSE
Lewd Sealing,Generic,"You have an innate understanding of creating magical tattoos for lewd purposes and a large beginners kit to get you started. Lust crests, fertility modifying tattoos, kink writing, moral degredation scribbling, and even turning others into mind controlled slaves are all possible. As well as quite a bit more. With significant effort, you can learn how to make non-lewd effects, but you have no natural talent with those from this roll.",Skill,N/A,B,B,D,B,F,B,B,F,255,B,Train,Medium,N/A,N/A,FALSE,TRUE
Mon Pass,Generic,"Monster fucker, are we? Nobody will find it odd if you fuck monsters, even if such a thing would normally raise concerns. This does not ensure any given moster would be willing to fuck you, nor does it apply in the case that the monster is genuinely incapable of consent. Also doesn't provide any protection when it comes to the necessary requirements for actually having sex with the monster in question. Better get a Potion of Fire Immunity before fucking that Flame Atronach.",Passive,N/A,F,B,F,F,F,D,F,F,55,C,N/A,N/A,N/A,N/A,FALSE,TRUE
A Condom,Generic,"A singular, unopened condom. It will someone perfectly fit whoever opens it.",Wearable,N/A,F,F,F,F,F,F,F,F,0,F,N/A,N/A,N/A,N/A,TRUE,TRUE
Off Screen Moment of Awesome,Generic,"So long as the world isn't looking, it can't say no. You will win any fight... as long as something more important is going on at the same time. Fighting a drunk in an alleyway? An important woman meeting a guy might be enough to assure victory. Facing an army in a final grand stand? If the Protagonist isn't getting his home burned down at the same time, you're going to get mulched.",Passive,N/A,A,A,F,F,F,S,F,D,705,A,N/A,N/A,N/A,N/A,FALSE,FALSE
Silver Crystal,Sailor Moon,"The crystal of hope and light, capable of reviving an entire world from death, purifying evil, and much more.",Arsenal,N/A,EX,SS,B,S,F,B,F,S,"12,100",SSS,Train,Medium,N/A,N/A,TRUE,FALSE
A Single Super Chaos Emerald,Sonic The Hedgehog,The super version of a Chaos Emerald. Far stronger than the smaller ones. Get all 7 and 7 Chaos Emeralds to unlock a Hyper form.,Arsenal,N/A,SSS,SS,F,F,F,B,C,SS,"7,060",SS,Train,Slow,N/A,N/A,TRUE,FALSE
Zilla Sr.,Godzilla (Tristar),"The so-called Godzilla that attacked New York in 1998. Resistant to conventional weapons, vulnerable to six missiles to the throat. Can lay eggs via parthenogenesis.",Familiar,Female,D,D,C,E,C,C,C,C,61,C,Trust,Medium,N/A,N/A,FALSE,FALSE
Hyper Muteki Gashat,Kamen Rider Ex-Aid,"A totally normal game item. Nominally no use, but grants immense power when combined with the Gamer Driver. Combine with the ??? Gashat for a special new form.",Arsenal,N/A,C,F,F,F,F,F,F,E,11,D,Ticket,Hyper,N/A,N/A,TRUE,FALSE
Book of Unconventional and Horny Spells,Generic,"A leatherbound tome that contains horny and depraved spells (and dumb) spells within, such as ""Fushigi"", ""FAT TITS"", Dick In Your Mouth, Glitter Blaster, Lube Sprinkler, Paper Pigeons, etc. Cast by shouting ""I CAST"" and the name of the spell.",Arsenal,N/A,D,D,E,E,F,E,E,F,14,D,Train,Medium,N/A,N/A,TRUE,FALSE
Zofa Soldiers,Dinarangers,"A squad of 5 Zofa Soldiers clad in tight latex, with masks and belts. Decent enough cannon fodder, their real use is to infect and convert other people into more Zofa Soldiers (the horny way).",Familiar,Female,E,E,E,E,E,E,E,E,8,E,Train,Slow,N/A,N/A,FALSE,TRUE
Psycho,Fallout,"A highly addictive combat drug meant to suppress pain, induce a blood rage, enhance reflexes, increase metabolism, and enhance concentration. 8 doses in one bandoleer. Try not to make a habit of it.",Consumable,N/A,E,F,E,E,E,F,E,E,6,E,N/A,N/A,24hr,N/A,TRUE,FALSE
Bondage of Enduring,Generic,"A set of silk bondage ropes that, when tied and worn instead of clothes, enhances durability and stamina regeneration, and converts pain into pleasure.",Wearable,N/A,E,E,E,E,F,E,F,F,5,E,N/A,N/A,N/A,24hr,TRUE,FALSE
One Thousand Bottles of Baby Oil,Generic,One thousand bottles of unbranded baby oil. Yes. Like that guy. You know the guy.,Consumable,N/A,F,E,F,F,F,F,F,E,2,F,N/A,N/A,N/A,N/A,TRUE,FALSE
Kaguya Houraisan Fumo,Touhou Project,"A fumo of a certain Lunar Princess. It bears the concept of eternity, which means it cannot ever be destroyed and will stay like that forever.",Novelty,Female,D,E,F,F,F,F,F,E,7,E,N/A,N/A,N/A,24hr,TRUE,FALSE
Beginner Mechanics,Generic,"Skill equivalent to a mechanic's apprentice, you can now fix basic appliances and even a car with the right tools. Improves faster with the right teachers.",Skill,N/A,F,F,F,E,F,E,F,E,3,F,Tinker,Slow,N/A,N/A,FALSE,FALSE
Beginner Biology,Generic,"The skill of a biology major, you have a decent knowledge of biology, bodies, organs, and biological interactions.",Skill,N/A,F,F,F,E,F,E,F,E,3,F,Tinker,Slow,N/A,N/A,FALSE,FALSE
Beginner Taming,Generic,"The skill of a decent animal tamer, you can tame non-mundane creatures with trial and error, though it's not easy.",Skill,N/A,F,F,F,E,F,E,F,E,3,F,Tinker,Slow,N/A,N/A,FALSE,FALSE
Beginner Driving,Generic,"You can drive most vehicles competently, not particularly well, but decently enough.",Skill,N/A,F,F,F,E,F,E,F,E,3,F,Tinker,Slow,N/A,N/A,FALSE,FALSE
Clowning Around,Generic,"The skill of telling jokes, entertaining kids, making balloon animals, fitting in tiny cars, putting on greasepaint, and other things. You are, in effect, a professional clown.",Skill,N/A,F,F,F,E,F,E,F,E,3,F,Tinker,Slow,N/A,N/A,FALSE,FALSE
Blind Eye,Generic,"You disappear into crowds- if you shouldn't stand out, you won't.",Passive,N/A,E,E,F,E,F,E,F,F,4,F,N/A,N/A,N/A,N/A,FALSE,FALSE
Natural Swimmer,Generic,You are a natural born swimmer. Your resistance to and skill with water/sea based effects is increased.,Passive,N/A,E,F,E,E,F,E,F,F,4,F,Train,Slow,N/A,N/A,FALSE,FALSE
Heat Palm,UnOrdinary,"Allows you to heat only your palms to red-hot levels, just shy of 1000 degrees Celsius",Ability,N/A,E,F,E,F,F,F,E,F,3,F,N/A,N/A,N/A,N/A,FALSE,FALSE
Spray Water,Generic,Spray water from your hands with roughly the same force as a garden hose or a shower head. Runs on stamina.,Ability,N/A,E,F,E,F,F,F,E,F,3,F,Train,Slow,N/A,N/A,FALSE,FALSE
Flash,Generic,Emit blinding light from your hands. Can be dialed up or down for utility. Doesn't work well outside of close range.,Ability,N/A,E,E,F,F,F,F,E,F,3,F,Train,Slow,N/A,N/A,FALSE,FALSE
Stick,Generic,You can stick to things like you've been superglued on. Not quite as good as Spider-Man.,Ability,N/A,E,F,E,F,F,F,E,F,3,F,N/A,N/A,N/A,N/A,FALSE,FALSE
Ripen,Generic,Allows you to ripen and mature organic objects via touch. Doesn't work if the object resists.,Ability,N/A,E,F,F,F,F,E,E,F,3,F,Train,Slow,N/A,N/A,FALSE,FALSE
Sprout,Generic,"Communicate with and control plants at a low level, tel them to grow faster, imbue them with energy for higher growth rates, even slightly change their shape.",Ability,N/A,E,F,F,F,F,E,E,F,3,F,Train,Slow,N/A,N/A,FALSE,FALSE
Tactical Vision,Generic,"Swap between thermal, infrared, and night vision at will without imparing normal sight.",Ability,N/A,E,E,F,E,F,F,E,F,4,F,N/A,N/A,N/A,N/A,FALSE,FALSE
Camera Mark,Generic,"Place glowing red runes on any stable physical surface. Each rune acts like a 360 degree camera within your mind, viewable at any time. Maximum rune coverage based on energy levels, start with 5.",Ability,N/A,D,F,F,D,F,F,E,F,11,D,Train,Medium,N/A,N/A,FALSE,FALSE
Lion,Generic,A very smart and powerful majestic lion companion. Default female. Large enough to ride.,Familiar,Female,E,E,D,E,D,E,E,E,16,D,Trust,Medium,N/A,N/A,FALSE,FALSE
Goblin,Generic,"A child sized humanoid. Vicious and cruel by nature, good with small arms and basic tactics. Smarter than the average goblin, capable of breeding with any humanoid species. Default female.",Familiar,Female,E,E,E,E,E,E,E,E,8,E,Trust,Medium,N/A,N/A,FALSE,FALSE
"Herbie, the Love Bug",The Love Bug,"A sentient, self driving 1963 VW Beetle with unusually high performance metrics. Can self repair slowly when unsummoned.",Familiar,Male,E,E,D,E,D,E,F,D,19,D,Tinker,Slow,N/A,N/A,FALSE,FALSE
Remy the Rat,Ratatouille,"An unusually smart, snarky rat who is very good at cooking, and also can control twinks by pulling their hair.",Familiar,Male,F,E,F,E,F,E,F,E,4,F,Trust,Medium,N/A,N/A,FALSE,FALSE
Catgirlifying Tail,Generic,"A large cat tail buttplug. When worn will gradually turn the user into a catgirl, finishing after a collective twelve (12) hours. This confers a minor bonus to speed, flexibility, and strength. Please wash before re-use.",Wearable,Female,E,F,E,F,E,F,D,F,8,E,N/A,N/A,N/A,N/A,TRUE,TRUE
Liti-gator,Generic,"An alligator that is, somehow, a master of litigation and the skills of an attorney. Very well read in your local world's laws, might have some trouble actually representing you.",Familiar,Other,E,F,D,E,D,E,E,E,15,D,Trust,Medium,N/A,N/A,FALSE,FALSE
Cleansing Stone,Dungeons and Dragons,A one foot diameter stone sphere that cleans and removes filth from garments and bodies on touch. Best mount it somewhere safe.,Novelty,N/A,E,F,E,F,F,F,F,E,3,F,N/A,N/A,N/A,N/A,TRUE,FALSE
It's A Mad World,Alice in Wonderland,"Everything gets a bit more... metaphorical. You've somehow slipped right into Wonderland, a place where metaphor is fact, dimensions are a suggestion, and we're all mad. Yes, including you.",World,N/A,B,S,F,F,F,F,F,B,600,A,N/A,N/A,N/A,N/A,FALSE,FALSE
Tank,Generic,"A tank from an actual real world military. Effectively infinite fuel and shells within, but otherwise just a tank. You get to choose which tank it is.",Vehicle,N/A,E,E,D,F,C,F,F,D,22,D,Tinker,Medium,N/A,N/A,TRUE,FALSE
ColorS,Fairy Tail,A common magical item used to change the color of one's worn outfit by sliding a finger over the mirror on the front surface. Takes the form of a small pink book with an intricate cover.,Novelty,N/A,E,E,F,F,F,E,F,E,4,F,N/A,N/A,N/A,N/A,TRUE,FALSE
An Endless Supply of Sunglasses,Generic,Whenever you desire you may pull a pair of sunglasses from whatever containter is available. They will be properly sized and act in all ways as completely normal sunglasses,Novelty,N/A,F,F,F,F,F,F,E,F,1,F,N/A,N/A,N/A,N/A,TRUE,FALSE
Scooby Snax,Scooby Doo,"A box of weirdly tasty dog treats. Familiars and familiar candidates seem to like them. Consumable by just about anything. Box contains a lifetime supply, and will pour largely indefinitely.",Consumable,N/A,E,E,F,F,F,E,F,E,4,F,N/A,N/A,N/A,1hr,TRUE,FALSE
Unspoken Plan Guarantee,Generic,"The less people that know a plan of yours, the more likely it is to work.",Passive,N/A,C,B,F,F,F,C,F,F,70,C,N/A,N/A,N/A,N/A,FALSE,FALSE
Ghost Blade,Dark Souls,A cursed dagger carried by the spirits of New Londo. Allows you to wound spiritual beings (does not do soul damage to living beings).,Arsenal,N/A,E,F,E,F,F,F,F,E,3,F,N/A,N/A,N/A,1hr,TRUE,FALSE
Veil of Invisibility,Generic,A cloak that turns the user invisible only when not wearing clothing other than the veil.,Wearable,N/A,E,F,F,E,F,F,F,E,3,F,N/A,N/A,N/A,1hr,TRUE,TRUE
Father Garcia's Trenchcoat,Faith the Unholy Trinity,"A stylish black trench coat worn by Father Garcia. Durable, wards off curses and negative energy.",Wearable,N/A,E,F,F,F,F,E,F,F,2,F,N/A,N/A,N/A,Manual,TRUE,FALSE
Big Hat Logan's Big Hat,Dark Souls,Big Hat Logan's titular Big Hat. Makes it easier to learn and study magic while wearing it.,Wearable,N/A,D,F,F,F,F,E,F,F,6,E,N/A,N/A,N/A,Manual,TRUE,FALSE
Fog Walls,Dark Souls,"When you approach a difficult or important confrontation, you will see a fog wall barring the entrance. Only by being willing to face what is inside will you enter, and anything within it will not react to what you do while outside unless an attack strikes them. They are not bound to stay within the wall, and it will move with them if they enter another room.",World,N/A,E,F,F,F,F,D,F,F,6,E,N/A,N/A,N/A,N/A,FALSE,FALSE
Vergil's Meme Chair,Devil May Cry,A shitty plastic chair that increases your motivation when sitting in it. Might survive a hurricane.,Novelty,N/A,E,F,F,F,F,F,F,E,2,F,N/A,N/A,N/A,Manual,TRUE,FALSE
Beginner Massage,Generic,"The skill of an apprentice masseuse, good at working out knots and relieving pressure for a normal human.",Skill,N/A,E,F,F,E,F,E,F,F,3,F,Train,Slow,N/A,N/A,FALSE,FALSE
Makeup Application,Generic,You have a skill for applying makeup and enhancing beauty with topical products.,Skill,N/A,E,F,F,E,F,E,F,E,4,F,Tinker,Slow,N/A,N/A,FALSE,FALSE
Beginner Discipline,Generic,"You can endure slight hardship, eat stuff you don't like, study when you don't want to, but otherwise your discipline is still normal human levels.",Skill,N/A,E,F,F,E,F,F,F,F,2,F,Train,Slow,N/A,N/A,FALSE,FALSE
Beginner Communication,Generic,"You can communicate your ideas, meanings, and thoughts better than the average person, but not that much.",Skill,N/A,E,F,F,E,F,F,F,F,2,F,Train,Slow,N/A,N/A,FALSE,FALSE
Sartorial Savant,Generic,"Your clothes are always clean and tidy, and your small damages mend themselves over time.",Passive,N/A,E,F,F,F,F,E,F,E,3,F,N/A,N/A,N/A,N/A,FALSE,FALSE
Kanmusu'd,Kantai Collection,"Whoops, you're a shipgirl now! Sorry if that causes any dysphoria. Pick a ship, most any ship! Anything from after roughly the second world war, or equivalent tech level, is out. You are now as durable as that ship, have the same amount of space inside of you, can move on water as fast as that ship, and have the same arnaments as that ship.  Including Radar, should that ship have it. Also a snazzy outfit bsaed on the ship you can call at will. Objects may be placed into you hold regardless of size, so long as they would fit within to storage space within yourself. You systems are run by 'Fairies', tiny girls dressed according to your ship's ranking who assist in your running and repair you. Also gain access to spooky magic, stronger the older your ship is. Unfortunately, now you also require the same level of fuel- you are restocked for 24hrs every 24hs, but combat burns your reserves faster.",Race,Female,C,D,C,D,C,D,D,D,55,C,Tinker,Slow,24hr,N/A,FALSE,FALSE
Kanmusu'd Abyssal Edition!,Kantai Collection,"Whoops, you're an abyssal shipgirl now! Sorry if that causes any dysphoria. Pick a ship, most any ship! Anything from after roughly the second world war, or equivalent tech level, is out. You are now as durable as that ship, have the same amount of space inside of you, can move on water as fast as that ship, and have the same arnaments as that ship.  Including Radar, should that ship have it. Your skin is now pale white, and you can summon a black outfit themed after a sea creature. Objects may be placed into you hold regardless of size, so long as they would fit within to storage space within yourself. You systems are run by 'Fairies', tiny girls dressed according to your ship's ranking who assist in your running and repair you. You are consumed by grudges and are significantly more likely to form them and to percieve things as attacks against you. Also get powerful spooky magic, better the older your ship is. Unfortunately, now you also require the same level of fuel- you are restocked for 24hrs every 24hs, but combat burns your reserves faster.",Race,Female,C,C,C,D,C,D,D,D,60,C,Tinker,Snail,24hr,N/A,FALSE,FALSE
Were-something,Generic,"Pick a mammal. You now uncontrollably turn into a humanoid version of that animal upon the light of the full moon. You're in control of yourself, but the process in incredibly painful at first. With time and practice you may be able to partly or fully transform without the full moon and lower the pain, but the moon will always transform you. You're also incredibly weak to silver, and even more sensitive to inherited silver- a touch from a weapon of that likely means death. Otherwise, you're stronger, faster, and heal quicker.",Race,N/A,C,F,D,F,D,F,C,D,35,D,N/A,N/A,N/A,N/A,FALSE,FALSE
Official Certificate of Knighthood,Generic,"Congrats, you're a knight! You get a suit of armor, some fancy heraldry, a melee weapon of choice, and the acknowledgement of any authority that cares about knights. ",Novelty,N/A,F,F,E,F,F,F,F,E,2,F,N/A,N/A,N/A,N/A,FALSE,FALSE
Pornographic Body,Generic,"You've got a body fit for porn. If you're male, you're very tall, with massive muslces, and a massive dick. If you're female, you're still tall, with massive tits and a massive ass. Either way, your makeup is fantastic and presentation immaculate no matter what. Maintaining this requires no effort and you suffer no complications from being this way.",Passive,N/A,E,F,F,F,F,E,E,F,3,F,N/A,N/A,N/A,N/A,FALSE,TRUE
Too Cool for Two,Generic,You're way too cool. Anything you could do with two hands you can do with one hand in your pocket.,Passive,N/A,F,F,F,F,F,E,F,F,1,F,N/A,N/A,N/A,N/A,FALSE,FALSE
Law of Games,"No Game, No Life","Physical conflict is forbidden. All wagers, violence, and other things must be settled by a game agreed upon by both parties, knowing all the rules. This is enforced by the world itself and cannot be dodged through any non-S rank divine or demonic effect. Though nothing says a game must keep playing by those rules...",World,N/A,S,A,F,F,F,A,F,F,700,A,N/A,N/A,N/A,N/A,FALSE,FALSE
The Oldest Profession,Generic,"Sex is viewed significantly more transactionally now. Offering sex for money, discounts, to satisfy a debt, or to avoid being harmed or killed is expected and normal. It doesn't make anyone more likely to accept, but you can certainly offer.",World,N/A,F,F,F,F,F,D,F,F,5,E,N/A,N/A,N/A,N/A,FALSE,TRUE
Big Bag o Seeds,Generic,"A big bag of various seeds ready for planting. Particularly rare plants won't be included, but aside from that every plant on Earth is represented. It's recommended not to plant kudzu or bamboo.",Farmable,N/A,F,F,F,F,F,F,F,F,0,F,N/A,N/A,N/A,N/A,FALSE,FALSE
Iron Tree,Generic,"A planter pot of a small iron tree as well as a few seeds and a book on proper planting and caring techniques. The tree will grow leaves of iron year round, equivalent to five bars of high quality iron each month.",Farmable,N/A,F,F,F,F,F,F,D,F,5,E,N/A,N/A,N/A,N/A,FALSE,FALSE
Slime Ranch,Slime Rancher,"Congrats on inheriting a ranch on the Far Far Range! Yes, even if you had no living relatives. Don't question it. You may teleport to the ranch at will. The ranch consists of a small home attached to a large portion of the Far Far Range. The place may be upgraded with money, including unlocking more pens and various helpful equipment. Here you may capture and feed slimes in order to get plorts, which can be traded at the on site marketplace. Plorts follow normal market principles, so selling a lot of one type lowers the price and rare plorts are more expensive. Money obtained here is converted at a rougly 1 to 1 ratio to the currency of your home world.",Farmable,N/A,C,F,F,F,F,C,F,F,20,D,Tinker,Fast,N/A,N/A,FALSE,FALSE
Perfumed,Generic,"You smell nice, and always smell what the person smelling you likes.",Passive,N/A,E,F,F,F,F,E,E,E,4,F,N/A,N/A,N/A,N/A,FALSE,FALSE
Edible Body Fluids,Generic,"Your sweat, saliva, blood, cum, etc are healthy, nutritionally and calorically dense, and taste good. Anyone could survive off of them, sadly not you though.",Passive,N/A,E,F,F,F,F,E,E,E,4,F,N/A,N/A,N/A,N/A,FALSE,TRUE
Ambidextrous,Generic,"Technically it's ""Omnidextrous"". You have equal dexterity with all your limbs, not just your hands. Applies to non-standard limbs as well.",Passive,N/A,E,F,F,E,F,E,F,F,3,F,Train,Slow,N/A,N/A,FALSE,FALSE
Lactation,Generic,You lactate now! Hope that's not dysphoric for you. Your milk quality scales with physical stats and gains unique properties based on your gained tickets.,Passive,N/A,E,F,F,F,F,E,E,E,4,F,Ticket,Medium,N/A,N/A,FALSE,TRUE
Literary Devouring,Generic,You can literally eat books and physical texts to absorb their knowledge with perfect recall. Some books might fight back.,Passive,N/A,D,F,F,D,F,F,E,D,16,D,N/A,N/A,N/A,N/A,FALSE,FALSE
Tinder,Generic,Allows you to create and control weak flames from the strength of matches up to bonfires.,Ability,N/A,E,E,F,F,F,E,F,E,4,F,Train,Medium,N/A,N/A,FALSE,FALSE
Aura Farming,Generic,You instinctively know the best places and methods to farm aura in whatever way you find most appealing. Want to seem cool? You know just the spot to stand to make your cape flow dramatically in the wind. Want to seem intimidating? That alleyway at this specific time has just the right shadow to cover your face but not your body.,Passive,N/A,F,F,F,F,F,F,D,F,5,E,N/A,N/A,N/A,N/A,FALSE,FALSE
Shadow Cloak,Generic,Cloak yourself in shadows to make yourself harder to perceive and muffle all sounds you make.,Ability,N/A,D,E,F,F,E,E,F,E,9,E,N/A,N/A,N/A,N/A,FALSE,FALSE
Tail,Generic,You can grow a tail now! Choose its appearance to your liking. It's quite strong and dexterous too.,Passive,N/A,E,E,E,E,E,E,E,E,8,E,N/A,N/A,N/A,N/A,FALSE,FALSE
Lesser Despair Aura,Generic,Emit an aura of despair that makes people uneasy and induces fear in weaker targets.,Ability,N/A,D,E,F,E,F,E,F,E,9,E,Train,Medium,N/A,N/A,FALSE,FALSE
Perfect Measurement,Generic,You know the exact measurements and dimensions of any object just by looking at it.,Passive,N/A,E,F,F,E,F,E,F,E,4,F,N/A,N/A,N/A,N/A,FALSE,FALSE
First Aid,Generic,"You can expend energy via touch to provide basic first aid- healing scrapes and bruises, minor cuts, etc etc. Dependent on the strength difference between you and your target.",Ability,N/A,E,F,F,F,F,E,F,E,3,F,Train,Slow,N/A,N/A,FALSE,FALSE
Fight Mode,Generic,"Floods your brain with all of those good shit fight chemicals- adrenaline, cortisol, endorphins, etc. No consequences for overdosing on them either.",Ability,N/A,E,F,E,E,E,E,E,F,6,E,N/A,N/A,N/A,N/A,FALSE,FALSE
A Bra that Fits,Generic,"A bra that will always fit you. Doesn't matter how large or flat you are- it fits. Also properly braces you and comes in whatever color and pattern you want! If destroyed, you get a new one in 24hrs. You may change the look of it in the same time frame.",Wearable,N/A,F,F,E,F,F,E,F,F,2,F,N/A,N/A,N/A,N/A,TRUE,FALSE
Tiger,Generic,"One singular female tiger companion, stronger and smarter than normal. Large enough to ride.",Familiar,Female,E,F,D,E,D,E,E,E,15,D,Trust,Medium,N/A,N/A,FALSE,FALSE
Chauffeur,Generic,"Summons a very luxurious limousine driven by a construct. Will take you anywhere that it can successfully drive to. Vanishes after breaking line of sight. If destroyed, returns after 24 hours.",Familiar,Other,E,F,D,E,D,D,F,E,18,D,N/A,N/A,N/A,24hr,FALSE,FALSE
Tentacle Cleaner,Generic,A slimy ball of tentacles that can clean literally anything with no residue or smell remaining. Cannot fight. Not intended for bedroom use.,Familiar,Other,D,F,E,E,E,E,E,F,10,D,Tinker,Slow,N/A,N/A,FALSE,FALSE
Isabelle,Animal Crossing,An anthropomorphic cute little Shih Tzu who's really good at being a secretary and manager. Can handle an entire town if necessary. No combat abilities (Get a duplicate for her Smash moveset).,Familiar,Female,E,E,E,E,E,D,D,D,20,D,Twin,Medium,N/A,N/A,FALSE,FALSE
EVE,WALL-E,"A vaguely iphone-aesthetic mass produced egg shaped search probe designed for finding plantlife. High speed hovering and flight, as well as a built in energy rifle.",Familiar,Female,C,E,D,D,C,D,F,E,37,D,Tinker,Medium,N/A,N/A,FALSE,FALSE
Polygamous Castration Fist,FATE,"Obtain an ancient scroll which gives instructions on how to learn and utilize the Polygamous Castration Fist, a martial arts style which emphasizes nut shots, kicks, and single strike power. You have significantly increased ability to learn this style, becoming a master with a few days of dedicated training. Especially effective against unfaithful partners.",Skill,N/A,F,E,C,F,F,F,F,F,11,D,Train,Hyper,N/A,N/A,FALSE,FALSE
Interro-gator,Generic,"An alligator who happens to be a master of interrogation, questioning, and interviewing. Unfortunately well versed in less ethical forms of questioning as well.",Familiar,Other,E,F,D,E,D,D,E,E,19,D,Trust,Medium,N/A,N/A,FALSE,FALSE
Kaneda's Bike,AKIRA,"Kaneda's sick-ass bike from AKIRA. Super fast, super stylish, super iconic. And it does the Slide.",Vehicle,N/A,E,F,D,F,C,D,F,E,22,D,Tinker,Medium,N/A,24hr,TRUE,FALSE
Charismatic Sunglasses,Generic,A pair of really cool sunglasses that increase charisma. You decide their appearance.,Wearable,N/A,F,F,F,F,F,D,F,E,6,E,N/A,N/A,N/A,1hr,TRUE,FALSE
Single Use Weapon Voucher,Generic,"Tear this ticket to receive any one mundane real world (man portable) weapon, fully loaded. Arrives in your hand instantly.",Consumable,N/A,E,F,D,F,F,E,F,E,8,E,N/A,N/A,N/A,N/A,FALSE,FALSE
Blessed Silver Spoon,Generic,"A silver spoon blessed to deal extra damage to vampires, ghouls, werewolves, and other similar supernatural beings. Still useful as a spoon.",Arsenal,N/A,D,F,F,F,F,E,F,D,11,D,N/A,N/A,N/A,1hr,TRUE,FALSE
Beginner Cooking,Generic,"You can cook most basic meals at an acceptable level, but you aren't a chef yet. You learn cooking faster with the right teachers.",Skill,N/A,E,F,F,E,F,E,F,E,4,F,Train,Slow,N/A,N/A,FALSE,FALSE
Great Cardio,Generic,"You have great cardio for a normal human, includes increased stamina and stamina regen. Solid lung capacity and heart.",Passive,N/A,E,F,E,E,E,F,E,F,5,E,Train,Slow,N/A,N/A,FALSE,FALSE
Charming Smile,Generic,"Your smile is more charming and comforting to others. Also, more attractive to your preferred gender.",Passive,N/A,E,F,F,F,F,E,F,E,3,F,N/A,N/A,N/A,N/A,FALSE,FALSE
Golden Shot,Generic,"If you inseminate anyone with a vagina, they WILL get pregnant, even if they were previously unable to get pregnant. Also includes a customizable penis. Can be rerolled for free.",Passive,N/A,D,E,F,F,F,E,E,E,9,E,N/A,N/A,N/A,N/A,FALSE,TRUE
Physique of the Undead,Dark Souls,"Allows your body to go beyond Death. In exchange for looking incredibly crusty if and when you die, you gain increased strength, and the ability to self modify through Souls. Also allows you to place down a Coiled Sword to create a Bonfire once a week.",Race,N/A,C,D,B,C,D,C,D,F,95,C,N/A,N/A,N/A,N/A,FALSE,FALSE
Great Ass!,Generic,"You have a really nice ass. Round, soft, big, great at cushioning. Nice and slappable.",Passive,N/A,E,F,F,F,F,D,E,E,8,E,N/A,N/A,N/A,N/A,FALSE,TRUE
Firestarter,Generic,You gain resistance to and extra efficiency in fire and heat based effects and abilities.,Passive,N/A,D,F,F,F,F,F,E,E,7,E,Train,Medium,N/A,N/A,FALSE,FALSE
Megaphone,Generic,Amplify all sounds you make to the point that it stuns and deafens opponents.,Ability,N/A,D,D,D,F,F,E,F,E,17,D,Train,Medium,N/A,N/A,FALSE,FALSE
Taser,Generic,"Create and channel electricity through your body, strong enough to stun or seriously injure an opponent.",Ability,N/A,D,E,E,F,F,F,F,F,7,E,Train,Medium,N/A,N/A,FALSE,FALSE
Rock Throw,Generic,Create and launch fist sized rocks and stones as hard as you could regularly throw one. Takes stamina.,Ability,N/A,D,F,E,F,F,F,F,E,7,E,Train,Medium,N/A,N/A,FALSE,FALSE
Claws,Generic,"You can grow sharp, durable claws on your fingertips, strong enough to go through stone.",Ability,N/A,D,F,E,F,F,E,E,E,9,E,N/A,N/A,N/A,N/A,FALSE,FALSE
Rusting,Generic,Allows you to make metals rust via touch. Doesn't work on metals that can't rust.,Ability,N/A,D,F,F,F,F,F,F,F,5,E,Train,Medium,N/A,N/A,FALSE,FALSE
Airskating,Generic,You can now hover 1cm off the ground and air-skate with nearly zero friction. Like a certain edgy hedgehog.,Ability,N/A,E,F,F,F,D,E,F,F,7,E,Train,Medium,N/A,N/A,FALSE,FALSE
Summon Small Item,Generic,"Mark up to 10 items weighing a tenth of your lifting capacity. You can now summon them at will, and send them back to where they were instantly.",Ability,N/A,D,F,F,E,F,F,F,F,6,E,Train,Medium,N/A,N/A,FALSE,FALSE
Lube Emission,Generic,"You can dispense safe, water-based lubricant from any point on your body, from a tiny trickle like sweat to shooting like a garden hose.",Ability,N/A,E,E,F,F,F,E,E,E,5,E,Train,Slow,N/A,N/A,FALSE,TRUE
Featherlight Step,Generic,"Cover your body in a light aura that decreases the pressure and weight you put on an object to nearly nothing. You could walk on cobwebs or water. Falls hurt, but deal no serious damage. Does not work for damaging strikes or effects.",Ability,N/A,D,F,F,F,E,E,E,F,8,E,Train,Medium,N/A,N/A,FALSE,FALSE
Project Image,Generic,"Project 2d planes that can show images or videos as you can remember or imagine. The planes are roughly stationary where projected unless physically moved, and have the rough properties of 1cm thick tempered glass.",Ability,N/A,D,E,F,E,F,E,F,F,8,E,Train,Medium,N/A,N/A,FALSE,FALSE
Tinker Bell,Peter Pan,"The spunkiest little fairy from Neverland. Small and delicate, but provides fairy dust to allow others to fly with her.",Familiar,Female,D,F,F,E,C,D,E,D,27,D,Trust,Medium,N/A,N/A,FALSE,FALSE
Navi-gator,Generic,"An alligator that just happens to be really good at navigation. If given a map and compass, it can lead you just about anywhere.",Familiar,Other,E,F,D,E,D,E,E,F,14,D,Trust,Medium,N/A,N/A,FALSE,FALSE
Patrasche,Re:Zero,"A sort of raptor-looking Earth Dragon, extremely loyal and about as strong as a horse, if not more. Has Divine Protection of Wind Evasion, allowing her to ignore wind resistance while running.",Familiar,Female,D,F,D,E,D,E,E,E,19,D,Trust,Medium,N/A,N/A,FALSE,FALSE
Arvak,Elder Scrolls V: Skyrim,"A badass skeleton horse. Strong and has infinite stamina, respawns when killed after 10 seconds.",Familiar,Male,D,F,D,E,D,D,D,E,27,D,Trust,Medium,N/A,N/A,FALSE,FALSE
Nipple Rings of Distraction,Generic,"A pair of gold nipple rings. They will attach painlessly to whoever puts them on and can only removed by the same hand. When worn and exposed, causes a mild hypnotic effect that makes people want to stare at them. The effect is continuous and will reapply immediately if given the chance. It takes a moderate effort of will to break the effect and look away before being ensnared again.",Wearable,N/A,E,E,F,E,F,E,F,F,4,F,N/A,N/A,N/A,N/A,TRUE,TRUE
1993 Shotgun,DOOM,"A large, 4 gauge shotgun with IDKFA scratched into the side. Comes loaded with 10 shells, restocks once a day.",Arsenal,N/A,E,D,D,F,F,F,F,C,21,D,Train,Medium,24hr,1hr,TRUE,FALSE
UAC Space Marine Armor,DOOM,"Green high tech torso armor with dark green pants, military boots, a full face helmet, combat gloves, and hip pouches. Get a duplicate for the more protective blue variant.",Wearable,N/A,E,F,C,F,E,E,F,C,23,D,Twin,Medium,N/A,1hr,TRUE,FALSE
UAC EMG Sidearm,DOOM,"A sidearm used by UAC soldiers. It fires hardening plasma gel at high velocity, resembling a chargeable energy beam. It has effectively infinite ammo.",Arsenal,N/A,E,F,E,F,D,E,F,E,9,E,Train,Medium,N/A,1hr,TRUE,FALSE
Doomguy's Chainsaw,DOOM,"A heavy duty yellow chainsaw with ""Painsaw"" written on the side. Comes with a full tank of gas. Kills with it cause ammo of all necessary types to spew from the corpse.",Arsenal,N/A,D,F,D,F,F,E,F,C,21,D,Train,Medium,24hr,1hr,TRUE,FALSE
Super Shotgun,DOOM,"An ornate sawn off double barreled shotgun with a ""meathook"" grappling attachment on the bottom. Get a duplicate to upgrade it for higher fire and reload rate plus engulfing grappled opponents with fire. Comes with 20 shells.",Arsenal,N/A,E,F,C,F,D,D,F,C,31,D,Train,Medium,8hr,1hr,TRUE,FALSE
BFG 9000,DOOM,BIG. FUCKING. GUN. Gigantic sci fi gun that fires massive orbs of green plasma that fry anything within proximity with electrical arcs and detonate on impact. Very badass. Comes with enough charge for 3 shots.,Arsenal,N/A,C,D,B,F,C,D,F,B,130,B,N/A,N/A,1wk,1hr,TRUE,FALSE
One pre-owned copy of AvP,Aliens vs Predator,A copy of the Aliens vs Predator video game with a save file containing five minutes of playtime on the Marine campaign.,Novelty,N/A,F,F,F,F,F,F,F,F,0,F,N/A,N/A,N/A,Manual,TRUE,FALSE
Lipples,Generic,"Allows you to turn your nipples into a pair of luscious lips with connected mouths. You can eat, breathe, even speak through them with practice. Still as sensitive as your actual nipples, if not more. Works best with fat titties.",Ability,N/A,E,E,F,F,F,E,E,F,4,F,N/A,N/A,N/A,N/A,FALSE,TRUE
The Manyuu Scroll,Manyuu Hikenchou,"A scroll of secrets, techniques, and abilities to increase the size and quality of a woman's breasts. Included is the Manyuu clan's secret technique: Breast Flow, allowing the transfer of breast size and energy between the user and other women, willing or not.",Arsenal,Female,D,E,E,E,F,E,E,F,10,D,N/A,N/A,N/A,24hr,TRUE,TRUE
To Serve Man,The Twilight Zone,A cookbook all about preparing and cooking human flesh,Novelty,N/A,F,F,F,E,F,F,F,F,1,F,N/A,N/A,N/A,Manual,TRUE,FALSE
All Fiction,Medaka Box,"Kumagawa's Minus, allowing you to deny reality and making things into ""nothing"". If you perceive its existence, you can make it not exist, from objects to concepts. Fails against extremely strong emotions and attachments. Good luck fighting someone with Spiral Energy, dipshit.",Ability,N/A,SSS,SS,D,A,D,F,F,F,"6,110",SS,Train,Fast,N/A,N/A,FALSE,FALSE
Triple Baka!,Vocaloid,"The Triple Baka Trio! Hatsune Miku, Kasane Teto, Akita Neru! They dance, they sing, they each have their own powers! They're basically the idol version of the Powerpuff girls, each with their own assorted set of powers. They mostly only use them when it's funny, though.",Familiar,Female,S,SS,S,F,S,SS,C,SS,"4,510",S,Trust,Fast,N/A,N/A,FALSE,FALSE
Shin Godzilla,Godzilla,"An amphibious, radioactive monster. Starts ""small"" and aquatic, and rapidly mutates into a bipedal terrestrial form roughly 100 meters tall. Genuinely, why would you want this familiar.",Familiar,Other,B,C,B,E,C,C,EX,S,"10,631",SSS,Time,Fast,N/A,N/A,FALSE,FALSE
Uncle Ruckus,Boondocks,"Uncle Ruckus, the most anti-black black man in existence. Apparently knows how to do an exorcism, if you find that useful.",Familiar,Male,F,F,E,E,E,F,F,E,4,F,Trust,Slow,N/A,N/A,FALSE,FALSE
Call in the EDF!,Earth Defense Force,"Rip the ticket to summon the EDF to defend a location for up to 1 week, with all of their equipment and industrial might.",Consumable,Other,B,C,SS,F,SS,D,F,B,"2,115",S,N/A,N/A,N/A,N/A,TRUE,FALSE
Haru Urara,Umamusume,"The sweetest, pinkest umamusume you've ever met. She's not good at a lot, and she's a bit simpleminded, but she always does her best with a great big smile!",Familiar,Female,D,D,D,E,D,B,D,B,126,B,Train,Medium,N/A,N/A,FALSE,FALSE
One Singular Regular Brick,Generic,"Literally just a regular brick, could have literally been taken from a construction site.",Arsenal,N/A,F,F,F,F,F,F,F,F,0,F,Twin,Slow,N/A,N/A,TRUE,FALSE
Agnes Tachyon,Umamusume,"The aura farming, insane, autistic, labcoat wearing funny horse lady. Her body is fragile, but her mind is sharp, and she wishes to see the peak of umamusume speed.",Familiar,Female,C,D,D,A,C,C,C,B,200,B,N/A,N/A,N/A,N/A,FALSE,FALSE
30 Silver Pieces,The Bible,30 pieces of bloodstained silver. Surely this has no deeper meaning. Might cause conflict.,Novelty,N/A,F,S,F,F,F,F,F,S,"1,000",S,N/A,N/A,N/A,24hr,TRUE,FALSE
Tech Tree: Murder Drones,Murder Drones,"You have the knowledge and capability to build anything from the series Murder Drones- worker drones, disassembly drones, railguns, sentinels, pill babies, etc. You might need some eldritch help for some of them.",Skill,N/A,B,E,S,C,A,C,S,E,"1,172",S,N/A,N/A,N/A,N/A,FALSE,FALSE
Fist of the Nose Hair,BoBoBo Bo Bo-BoBo,"Complete control over one's nose hairs, along with the skill to use them in combat. Also, a lot of cutaway gags and comedy bits.",Ability,N/A,C,A,A,F,A,F,F,C,320,B,Train,Medium,N/A,N/A,FALSE,FALSE
Huntsman,Team Fortress 2,An Australian-made wooden recurve bow with black tape and a quiver full of arrows. Each arrow occasionally does some wack-ass bullshit and hits someone in a critical spot despite it making no sense.,Arsenal,N/A,E,D,E,F,D,F,F,E,13,D,Train,Slow,24hr,N/A,TRUE,FALSE
Arcanum: Cookie Run,Cookie Run,"Heres a chef's toque and an apron. You are now capable of magical baking, giving life to the cookies you create. Stronger cookies take more effort and study to make, but there is very little you cannot eventually bake a cookie to do. While any power is possible, it's much easier to bake cookies that use powers you've obtained from the gacha. Though the power the cookie has will be significantly lower. The cookies you bake are intelligent, sapient, and loyal to you as their baker. They'll attempt to assist in any way they can, and especially in ways you ask them.",Skill,N/A,B,F,C,C,C,B,F,F,130,B,Train,Medium,N/A,N/A,FALSE,FALSE
The armor of DOOM!bones (TM),Warhammer Fanfiction,"Powered armor. It is encrusted with Warpstone and menaces with an integrated warpfire thrower. Powered by Verminlords (daemons). Satisfaction not guaranteed, no refunds.",Arsenal,N/A,C,B,B,F,D,C,B,B,225,B,Tinker,Medium,N/A,N/A,TRUE,FALSE
Maria Constitution,Seikon no Qwaser,"Connect to a periodic element. Gain the ability to manipulate that element on the periodic table to an extremely fine degree. Make weapons, manipulate electrical signals, so on and so forth. These powers are fueled by Soma, a substance generated by Maria from their breasts. Gain a single ticket to turn someone else into a Maria, as per 'Maria Constitution'. This ticket cannot be used on yourself, but you can still become a Maria by rolling it on the gacha. You will not get the extra ticket from that roll in that case.",Passive,Female,B,F,D,F,F,F,C,D,70,C,Trust,Medium,N/A,N/A,FALSE,TRUE
Qwaser Alchemy,Seikon no Qwaser,"Connect to an element. No, not that element, the periodic type. Gain the ability to manipulate a single element on the periodic table to an extremely fine degree. Including forming weapons out of the carbon in the environment, using gold filament to manipulate minds through altering electrical signals, and using the iron in blood to make weapons. These powers are fueled by Soma, a substance generated by Maria from their breasts. Gain a single ticket to turn someone else into a Maria, as per 'Maria Constitution'. This ticket cannot be used on yourself, but you can still become a Maria by rolling it on the gacha. You will not get the extra ticket from that roll in that case.",Ability,N/A,A,E,C,D,C,E,C,E,138,B,Train,Medium,N/A,N/A,FALSE,TRUE
Legion Arms,Lies of P,"A prosthetic arm which is highly modifiable. Starts with only being able to Punch Real Hard, but can be altered to shoot grappling hooks, fire shotgun shells, lay landmines, spray fire, and various other effects. You have the option to immediately attach it with no problems to whichever arm you wish or simply gain the prosthetic to attach later. So long as it is being attached by someone who knows what they're doing, there will be no complications or rejection reaction.",Arsenal,N/A,D,F,D,F,D,F,F,F,15,D,Tinker,Fast,N/A,N/A,TRUE,FALSE
Tech Tree: Bionicle,Bionicle,"It all starts with Protodermis. A substance you can now make. From that you are capable of intuiting how to build anything from the Bionicle series- masks, disks, Toa, Rahi, Makuta, and more. Larger or more powerful builds require larger amounts of resources.",Skill,N/A,SS,A,S,S,SS,A,S,SS,"4,700",S,Tinker,Slow,N/A,N/A,FALSE,FALSE
Kanohi - Ignika (Mask of Life),Bionicle,"The legendary Mask of Life. Grants a number of life based powers, including, but not limited to, evolving and devolving creatures, healing, absord life energy, fire life energy in a blast of power, and communicating telepathically. Also has the ability to make itself a body. Generally rather naive and sheltered, but courageous to the point recklessness.",Familiar,Nonbinary,EX,A,A,C,B,A,SSS,EX,"25,360",SSS,N/A,N/A,N/A,N/A,FALSE,FALSE
"Arlecchino, King of Riddles",Lies of P,"One of the first puppets to awaken his ego and achieve full personhood. Also a bloodthirsty serial killer who fancies himself an artist. Currently rather destroyed, he will only interact with you through calling a phonebooth near you, or any similar equivalent action should those not exist, to give you a riddle. Successfully completing it will give you something useful to your current circumstances. Should you do enough riddles, and have the skill, you can get his location and rebuild him. At which point he will assist you in combat with his saber, looking like a traditional gentleman with a handlebar mustache and a grinning metal half mask. The riddles stay though.",Familiar,Male,D,D,C,C,C,D,F,F,45,D,Tinker,Slow,N/A,N/A,FALSE,FALSE
Marble Beans,Don't Starve Together,"A small bag containing six marble beans, as well as care and crafting instructions. Once planted will eventually grow into a marble shrub. Experimenting with the beans will result in being able to grow different types of marble, but by default its high quality white marble. You get a bag of seeds every week.",Farmable,N/A,E,F,F,F,F,F,E,F,2,F,Time,Slow,1wk,N/A,FALSE,FALSE
Papal Armory,Generic,"You've been blessed! The Pope has sanctioned your violence and bestowed unto you a Casket of Firepower! Within this standard sized coffin is a large number of guns, explosives, stakes, melee weapons, and various other implements of carnage. They're significantly more effective against the unholy and the sinner, but significantly less effective against anyone else. Ammo is restored weekly by the casket emitting a cross shaped beam of light. This is only possible while it is closed, and objects not within the casket will not be reloaded. Though spare ammo will still appear.",Arsenal,N/A,D,F,D,F,F,D,F,D,20,D,N/A,N/A,1wk,N/A,TRUE,FALSE
Preyer,Witchfire,"For your sins, you have been selected by the Vatican to become a Preyer. You are given a full face mask of a design you choose and altered into an undying weapon against Witches and the unholy. Destroying witches and other magic things will grant you Witchfire, which you can use to improve your abilities. Additionally, you are given the blessing of God, allowing you to occasionally ignore damage from an attack, strike critically, or double rewards from a chest or similar container. Should you be killed, you will respawn in the nearest holy place bereft of Witchfire. You may still be permanently killed by magical effects or entities with a high Myth rating, signaled by damage or destruction of your mask.",Passive,N/A,D,F,D,D,D,D,E,E,27,D,Train,Fast,N/A,N/A,FALSE,FALSE
Applied Mathematics,Generic,You can apply math to things you do. This allows to to modify the principles related to the object which are expressed through mathematical formula. Increase the tensile strength of wood or the acceleration of a bullet. Set air resistance to nothing or so high it's impossible to move. Increase or decrease gravity! More extensive changes take much longer to apply and require more complex formula. Changes are permanent until the effect is ended or resolved through outside interference.,Ability,N/A,S,F,A,F,A,F,F,F,700,A,Train,Medium,N/A,N/A,FALSE,FALSE
The Any Gun,Generic,"A sealed box containing a firearm and parts for said firearm. It starts out in a pistol configuration, but can be modified using the parts to utilize any caliber of bullet and serve as any form of gun from pistol to anti-material light machine gun. Parts restock every month, one hundred rounds of the caliber the gun is currently set to included.",Arsenal,N/A,F,F,E,F,F,F,F,F,1,F,Tinker,Fast,1m,N/A,TRUE,FALSE
Don,Generic,"Through a convoluted series of events, you are now the current head of a large criminal organization. They heavily value adherence to the hierarchy, so you won't be questioned in the short term. Though you will have to justify your decisions to the other ranking members eventually. Their reach is quite far, and they have at least some ability at the vast majority of blue collar crime. While whatever serves as police in the region is aware of them, they aren't generally interested in attempting to arrest the whole family.",World,N/A,F,F,B,F,B,C,F,F,110,B,Time,Slow,N/A,N/A,FALSE,FALSE
Pondering Orb Catalogue,Generic,"A completely normal catalogue that allows you to purchase orbs in a variety of shapes. Give them anything, even a picture of someone, and they will craft an orb that either looks like that or contains it. Or the closest approximation if the actual object cannot be obtained. All orbs glow when being stared into.",Novelty,N/A,F,F,F,F,F,F,F,F,0,F,N/A,N/A,N/A,N/A,FALSE,FALSE
Succubus Diet,Generic,"You may now subsist entirely off of sexual fluids. In fact, consuming such improves your constitution and significantly restores energy, with the exact increase being based on both how much you consume, how healthy the person you consumed from is, and how powerful that person is.",Passive,N/A,E,F,F,F,F,E,E,E,4,F,N/A,N/A,N/A,N/A,FALSE,TRUE
Clothes in a Can,Generic,"A spray can that, when used on a naked individual, covers them in pain that looks exactly like very tight clothing. The style of clothing generated is marked on the can and the paint is realistic enough to pass cursory inspection. More focused inspection, especially from up close, will instantly give it away. More cans can be ordered through a handy catalogue, appearing in a box at the entrance to your current residence.",Consumable,N/A,E,E,F,F,F,F,F,F,2,F,N/A,N/A,24hr,N/A,FALSE,TRUE
Nude Camera,Generic,This polaroid camera boasts infinite film! Anyone photographed with it will also appear entirely nude. There is no way to turn that off. Good for blackmail at least...,Novelty,N/A,E,E,F,F,F,F,F,F,2,F,N/A,N/A,N/A,N/A,TRUE,TRUE
Princess Dress,Generic,"An overly frilly, albeit somehow still breathable and easy to move in, pink dress. When worn anyone attempting to attack you will be compelled to capture you instead, though once you are captured they will do with you as they will. Should the dress be removed the effect will end immediately.",Wearable,N/A,E,D,F,E,F,E,F,E,9,E,N/A,N/A,N/A,N/A,TRUE,FALSE
Latex Manipulation,Generic,"Allows the generation and control of latex in any way you wish. Shape it into weapons, armor, or anything else you can think of. By default you may summon enough to completely cover yourself in a thin layer, but this may be improved with training. The latex is stronger than normal and becomes even stronger with training.",Ability,N/A,D,E,F,F,F,E,F,F,7,E,Train,Medium,N/A,N/A,FALSE,TRUE
Nipple Pasties of Decency,Generic,"A pair of X shaped black nipple pasties. When worn you are considered by all authorities as being properly covered, regardless of how much else you're wearing. Does not count as a uniform or proper dress for high end establishments or events. Doesn't mean you won't scandalize people on the streets.",Wearable,N/A,E,E,F,E,F,E,F,F,4,F,N/A,N/A,N/A,N/A,TRUE,TRUE
Whore's Lipstick,Generic,"A vibrantly colored tube of lipstick. When applied, the user may choose the color and any additional effects, so long as they are appropriately vibrant. Anyone who sees the lips of someone wearing this lipstick will be struck with sudden intrusive thoughts of recieving oral sex from the user. The lipstick will not smudge and can only be removed when the user deliberately wants to do so.",Wearable,N/A,E,E,F,E,F,E,F,F,4,F,N/A,N/A,N/A,N/A,TRUE,TRUE
Goblin Musk Perfume,Generic,"One endless perfume bottle crafted of only the finest hentai goblin smell. When worn it serves as a light aphrodasiac and is mildly addictive. Especially effective on nuns, elves, and virgins. While the user is immune to the effects of the perfume they still smell it.",Wearable,N/A,E,E,F,E,F,D,F,E,9,E,N/A,N/A,N/A,N/A,TRUE,TRUE
Universal Milking Machine,Generic,"A single easily portable box containing everything required to set up, maintain, use, tear down, and store a milking machine. This machine will work on any entity or thing capable of being milked, no matter the size, shape, acidity, heat, or any other potential complication from the milk it extracts. Always extracts the milk into properly labeled glass bottles, of which it has an endless supply. Pasteurization optional.",Arsenal,N/A,E,E,F,F,F,E,F,E,4,F,N/A,N/A,N/A,N/A,TRUE,TRUE
Box of Infinite Cake,Generic,A wooden box. When opened has a single slice of the cake you most want. Closing and opening it again spawns a new slice of cake.,Novelty,N/A,E,E,F,F,F,E,F,F,3,F,N/A,N/A,N/A,N/A,TRUE,FALSE
Kigurumi Set,Generic,"An entire bag of kigurumi. When someone reaches into the bag they will pull out a full skinsuit and mask featuring whatever fictional character they are thinking of. Or a generic anthropomorphic animal. Clothing not included. The skinsuit will always fit, regardless of size or height differences, and fully putting one on will transform you physically into that individual. Though the transformation is only skin deep, with allowances for intimate areas to work properly. While you look and sound just like them, you gain no powers or abiltiies. Removal can be done by pulling down the zipper as normal. Putting the suit back in the bag will clean and repair it.",Wearable,N/A,E,E,E,F,F,E,E,E,6,E,N/A,N/A,N/A,N/A,TRUE,TRUE
The Original,Team Fortress 2,"A futuristic, tan rocket launcher with a metal handle and exhaust port, the muzzle has a distinct bulb shape. All rockets fired from this launcher will always go in a straight line, never curving or diverging of their path. If shot under your feet, it won't kill you but it will send you flying through the sky (Speed affects the distance and height you are launched from).",Arsenal,N/A,F,E,D,F,D,F,F,C,21,D,Train,Medium,N/A,N/A,TRUE,FALSE
Personal Domain Expansion,Jujutsu Kaisen,"Manifest into reality your domain- an are in which all of your abilities, skills, passives, and everything else are at their most powerful. This may either be closed, preventing anyone inside from leaving but rendering it easy to break open from outside, or open, making it simple to leave but much more difficult to break. The range of the domain may be expanded with practice. Also get a cool special attack that may only be used within the domain.",Ability,N/A,C,F,B,F,F,F,F,F,60,C,Train,Slow,N/A,N/A,FALSE,FALSE
Boob Reload,Grenadier,"Through bouncing, you are capable of reloading any weapon in your possession by bouncing ammo out of your breasts. This is just as fast as you could reload normally. As a bonus, you may now store a single reload of any handheld weapon between your breasts with no issue.",Ability,N/A,E,F,F,F,E,F,F,F,2,F,N/A,N/A,N/A,N/A,FALSE,TRUE
Divine Fist of the North Star,Fist of the North Star,"An ancient martial art that dates back thousands of years. It primarily focuses on hitting the opponent's ki/meridian points in order to cause effects ranging from dislocation to death. This knowledge may also be used in medically. You recieve the knowledge of everything required to enable yourself to properly use this style of combat, though it will take training to actually use it.",Skill,N/A,D,B,C,E,C,D,F,A,181,B,Train,Medium,N/A,N/A,FALSE,FALSE
Perfect Mantra Reactor,Asura's Wrath,"A reactor of mystical energy. This may be implanted into your body to gather the energy that is generated when you are emotional. Once the reactor is full, it may be activated to grant a surge of immense strength and will to finish your current objective.",Arsenal,N/A,EX,S,EX,F,SSS,B,S,EX,"36,050",SSS,N/A,N/A,N/A,N/A,FALSE,FALSE
Fertility Goddess Embodiment,Jungle de Ikou!,"Divinity has embraced you. You are now the newest Goddess of Fertility, having power over all aspects of life. If you were not female, you are now. You gain access to your godly form- an incredibly voluptuous figure that you may stay in indefinitely as your base or transform into using an erotic dance. As part of your domain, you may heal, modify, or change any form of life from the smallest plants to the largest animals. Humans and yourself included. Though your own form will always be obviously feminine and voluptuous and refuse to change into something else. There is no limit to the modifications you can make as a Goddess. Equally, you may also deny your domain from access, rendering places entirely barren up to killing individuals. Though doing so pains you greatly as it is the opposite of your existence. As a Goddess you may give blessings, or curses, of fertility, and may be prayed to for these or other requests. As a new goddess, you are not instantly practiced with all of this, but it will become natural over time.",Race,Female,SS,E,C,D,C,A,SS,SS,"3,126",S,Train,Slow,N/A,N/A,FALSE,FALSE
Collection of Colored Herbs,Resident Evil,"A briefcase containing a large sample of various herbs. They are unhelpfully unlabeled, simply being called 'Green Herb', 'Red Herb', 'Blue Herb', and similar. These herbs are exceptionally good medical items, especially when combined, and are rather simple to plant and raise. Provided they are planted in the right climate.",Farmable,N/A,E,F,F,F,F,F,E,F,2,F,Time,Slow,N/A,N/A,TRUE,FALSE
Hassan-i-Sabah Invitation,FATE,"You have been selected to apply to become the next Hassan-i-Sabbah. This takes the form of a scroll that, when placed upon an altar and prayed to, will summon the shades of the Hassan-i-Sabah to judge you. Not only must you demonstrate great ability at stealth and efficient killing, but you must also present a technique of your own making that you will utilize as part of your duties. In addition, your moral character will be judged and failing too badly may have you executed by The First Hassan. Being successful grants you access to the Hassahashin archive and the ability to summon and wear the traditional outfit of the Hassan. Though you will also occasionally recieve instructions to kill a specific person.",Passive,N/A,D,F,E,D,D,D,D,B,76,C,N/A,N/A,N/A,N/A,FALSE,FALSE
Renamon,Digimon,"An digital entity that looks like an anthropomorphic fox. She does not need to eat, sleep, or have any other biological requirements, though she can still do such things if she wants. A dangerous fighter that, when pressed and after having gained enough experience, digivolve into a more powerful form. Has the ability to cast illusions and summon spikes of crystal to throw at enemies. Doesn't technically have any biological sex. With enough skill, her base code can be changed, provided she trusts you enough and gives permission.",Familiar,Female,D,F,D,D,D,C,F,E,31,D,Trust,Medium,N/A,N/A,FALSE,FALSE
Golden Eagle,Duke Nukem Forever (2001),"A Golden Desert Eagle with a Radioactive symbol etched in both the handle and barrel. Duke Nukem's prized pistol from a defunct game. Comes loaded, with two extra magazines.",Arsenal,N/A,F,E,D,F,E,E,F,E,9,E,N/A,N/A,12hr,N/A,FALSE,FALSE
Excalipoor,Final Fantasy,"The shining sword of legend...? Seems a little underpowered, but talk about legendary handling!",Arsenal,N/A,A,F,F,F,F,F,F,A,200,B,N/A,N/A,N/A,N/A,FALSE,FALSE
Eyes of the Hierophant,A Practical Guide to Evil,You can now see magic on its most fundamental and basic level and also see through walls. Also your eyes are now glass and glowing. Good luck understanding what you see.,Passive,N/A,A,F,F,B,F,F,F,A,250,B,Tinker,Medium,N/A,N/A,FALSE,FALSE
Night,A Practical Guide to Evil,"The ability to harvest power and knowledge from the dead. Theft through murder, as granted by the sisters Sve Noc. Grows quickly.",Ability,N/A,E,E,E,F,E,F,F,A,104,B,Train,Fast,N/A,N/A,FALSE,FALSE
Scud-B Launcher (R-17 Elbrus),Generic,A MAZ-543 Uragan 8x8 Transporter-Erector Launcher truck with an R-17 Elbrus tactical ballistic missile. No magic involved. Comes with one missile. Does not auto-restock. Comes with a full tank of gas.,Vehicle,N/A,F,F,D,F,C,F,F,F,15,D,Tinker,Medium,N/A,24hr,TRUE,FALSE
R-17 Elbrus Reloads (Conventional),Generic,"Exactly as stated. Comes with 5 missiles. If the Scud-B Launcher (R-17 Elbrus) is present, also comes with all equipment necessary to reload the truck. User is given the knowledge necessary to load the missiles.",Consumable,N/A,F,F,D,F,F,F,F,F,5,E,Tinker,Medium,1wk,24hr,TRUE,FALSE
Scud-B Launcher (R-17 Elbrus) (Nuclear),Generic,MAZ-543 Uragan 8x8 Transporter-Erector Launcher truck with an R-17 Elbrus tactical ballistic missile with a 5-70 kiloton nuclear warhead. No magic involved. Comes with one missile. Does not auto-restock. Comes with a full tank of gas.,Vehicle,N/A,F,F,C,C,C,F,C,C,50,C,Tinker,Medium,N/A,24hr,TRUE,FALSE
R-17 Elbrus Reloads (Nuclear),Generic,"Exactly as stated. Comes with 5 variable yield nuclear missiles. If the Scud-B Launcher (R-17 Elbrus) is present, also comes with all equipment necessary to reload the truck. User is given the knowledge necessary to load the missiles.",Consumable,N/A,F,F,C,C,D,F,C,C,45,D,Tinker,Medium,1m,24hr,FALSE,FALSE
One PB&J Sandwich,Generic,A peanut butter and jelly sandwich. Tastes good.,Consumable,N/A,F,F,F,F,F,F,F,F,0,F,N/A,N/A,N/A,N/A,TRUE,FALSE
Nuclear Missile Silo (Empty),Generic,"A below-ground nuclear missile silo. Don't ask how it got there. Accommodates all ICBMs and ICBM-shaped missiles made up until the year 2026, as well as anything smaller. Empty.",World,N/A,F,E,F,F,F,F,F,F,1,F,Tinker,Slow,N/A,N/A,TRUE,FALSE
Nuclear Missile Silo (Full),Generic,"A below-ground nuclear missile silo. Don't ask how it got there. Accommodates all ICBMs and ICBM-shaped missiles made up until the year 2026, as well as anything smaller. Select one singular missile to be housed within.",World,N/A,F,C,B,C,F,F,B,C,130,B,Tinker,Slow,N/A,N/A,TRUE,FALSE
Nuclear Missile Silo Reloads,Generic,"You get one free nuclear missile of your choosing. If you do not have either a full or empty Nuclear Missile Silo, the missile exists in an inventory until summoned.",Consumable,N/A,F,D,B,C,F,F,B,C,125,B,Tinker,Slow,N/A,N/A,TRUE,FALSE
UNCF Yamato (2199),Space Battleship Yamato,"The UNCF Yamato from the Space Battleship Yamato remake series, circa 2199. Contains Analyser. Exists in inventory space until summoned. Does not go back.",Vehicle,N/A,B,C,S,D,SSS,A,F,SS,"6,665",SS,Tinker,Slow,N/A,N/A,TRUE,FALSE
Isekai Restaurant,Restaurant to Another World,"Congratulations! You are now the owner of an izakaya! It accommodates 40 patrons in the main area, has a record player, a fully stocked kitchen, an employee break room, and a refrigerated basement with cargo elevator. Once a week, a magic doorway opens to another realm bringing guests you can cook for.",World,N/A,D,F,F,F,F,D,F,D,15,D,Tinker,Medium,N/A,N/A,TRUE,FALSE
Lore Accurate Follower Dagoth-Ur,Elder Scrolls V: Skyrim,"You gain the modded version of Dagoth-Ur as your follower. You poor sod. No, he will not put clothes on.",Familiar,Male,A,A,A,A,A,A,A,A,800,A,Trust,Medium,N/A,N/A,FALSE,FALSE
Your New Home,Generic,"A home in your name. Common room, small kitchen, two bedrooms, shared bathing area. Cozy. Inviting. Warm. Customizable. Adds onto any owned property.",World,N/A,F,F,D,F,F,D,F,D,15,D,Twin,Medium,N/A,N/A,TRUE,FALSE
The Web's Gambit,The Magnus Archives,"An entity known as the Web has ported every entity from the Magnus Archives into your world. Good Luck. More of a curse, really...",World,N/A,SS,SS,C,A,B,F,C,S,"2,670",S,Time,Slow,N/A,N/A,FALSE,FALSE
Diavolo's Blankie of Coziness,Generic,The coziest blanket in existence. Indestructible. Perfectly comfortable. Comes with a plushie of your liking.,Novelty,N/A,F,F,F,F,F,F,F,F,0,F,Trust,Fast,N/A,N/A,TRUE,FALSE
Artoria Caster,FATE,"Fairy Britain's Child of Prophecy, Artoria Caster. Functionally the version from Lostbelt 6: Avalon le Fae. Not dependent on you as a Servant normally is for mana and is her own person. She has access to all her skills she possessed in life.",Familiar,Female,A,C,D,C,D,A,E,A,331,B,Trust,Medium,N/A,N/A,FALSE,FALSE
Koyanskaya of Light,FATE,"A pink haired fox girl in a leather catsuit. She is hyper competent in all manner of skills befitting a successful business woman, professional assassin and sexy secretary. She has access to all her Skills as an Assassin class servant. Requires effort to maintain your bond. ",Familiar,Female,C,A,B,A,B,A,D,A,515,A,Trust,Medium,N/A,N/A,FALSE,FALSE
Melusine,FATE,"Fairy Knight Lancelot, Melusine is a short and charming knight, born from the decaying corpse of Albion the last dragon. As your familiar she is strong, fast and merciless to your enemies. She has access to all her abilities as her Lancer self, and is not dependent on your mana to continue existing. Requires effort to maintain bond.",Familiar,Female,S,A,S,D,S,A,D,S,"2,210",S,Trust,Medium,N/A,N/A,FALSE,FALSE
Ibuki Douji,FATE,"A goddess made flesh, the daughter of Yamata-no-Orochi. A care free big sister type, but don't mistake her for being harmless. 3 meters tall, with purple skin and teal and pink hair. Has access to all the skills and abilities her Saber, Berserker and Ruler selves had and more. Is not dependent on you for mana. Requires effort to maintain your bond.",Familiar,Female,S,A,S,C,A,B,C,S,"1,770",S,Trust,Medium,N/A,N/A,FALSE,FALSE
DETERMINATION vial,Undertale,"One syringe containing a vial of DETERMINATION equal to about one half of one of the 6 Human SOULs. Increases your ability to survive certain death, also improves magical potency and resistance against time manipulation. WARNING: Do not inject inside inorganic beings.",Consumable,N/A,SS,F,F,F,F,F,F,F,"1,000",S,Twin,Medium,N/A,N/A,FALSE,FALSE
Ereshkigal,FATE,"You gain Ereshkigal, Sumerian Goddess of the Underworld as your ally. A goddess made flesh with access to the many powers she holds as Kur's Queen. Is not reliant on you to supply mana. Requires effort to maintain your bond.",Familiar,Female,A,A,C,A,C,B,D,S,875,A,Trust,Medium,N/A,N/A,FALSE,FALSE
Mysterious Heroine XX,FATE,A blonde space cop wielding a magic mecha armor spacesuit. Has access to all her skills as a Foreigner class Servant but does not require you to supply mana. Requires effort to maintain your bond.,Familiar,Female,SS,C,SS,C,A,B,D,SS,"3,175",S,Trust,Medium,N/A,N/A,FALSE,FALSE
Pickle Jar,Five Nights at Freddy's,happines +1 :),Consumable,N/A,F,D,F,F,F,F,F,F,5,E,N/A,N/A,N/A,N/A,FALSE,FALSE
Astolfo,FATE,The pink haired paladin of Charlemagne is summoned as your ally. He has all the abilities of his Rider and Saber selves. Not dependent on you to maintain his existence. Requires effort to maintain your bond.,Familiar,Male,C,B,C,C,B,B,D,C,195,B,Trust,Medium,N/A,N/A,FALSE,FALSE
Artoria Pendragon (Saber),FATE,"Artoria Pendragon, the King of Knights is summoned as your ally. Has all her abilities as a Saber servant with the bonus of also having Avalon. Does not depend on you to provide her mana. Is still an extreme glutton. Requires effort to maintain your bond.",Familiar,Female,SS,A,S,B,B,S,D,S,"2,705",S,Trust,Medium,N/A,N/A,FALSE,FALSE
Goddess Rhongomyniad,FATE,"Artoria Pendragon, the Goddess Rhongomyniad is summoned as your ally. Wields the Lance of World's End, Rhongomyniad, and the might of a goddess born from King Arthur. Has the powers of her Lancer and Ruler selves. Does not require you to supply her magic. Still an extreme glutton. Requires effort to maintain your bond.",Familiar,Female,SS,A,S,B,A,A,D,S,"2,355",S,Trust,Medium,N/A,N/A,FALSE,FALSE
Medusa,FATE,"Medusa the Gorgon of Greek myth is summoned as your ally. Goddess of the earth and a mother of monsters. Appears as her Rider self, is capable of using her kaiju-sized Gorgon form. Has access to her abilities of her Rider, Lancer, and Avenger forms and more. Is not dependent on you to supply her magic. Requires effort to maintain your bond.",Familiar,Female,A,A,A,C,C,A,B,A,570,A,Trust,Medium,N/A,N/A,FALSE,FALSE
Barghest,FATE,"Barghest, the Fairie Knight Gawain, is summoned as your ally. Possesses all the abilities she had in life, except for the ability to become the Calamity. Is not dependent on you to supply her magic. Requires effort to maintain your bond",Familiar,Female,A,C,A,C,B,A,C,B,430,B,Trust,Medium,N/A,N/A,FALSE,FALSE
Osakabehime,FATE,"The Yokai protector of Himeji Castle, Osakabehime is a huge NEET! Capable of summoning hordes of shikigami to do battle, can also bring forth Himeji Castle as a reality marble. Has all her skills as her Assassin and Archer selves. Is not dependent on you to supply her magic. Requires effort to maintain your bond.",Familiar,Female,B,C,C,C,C,B,C,C,160,B,Trust,Medium,N/A,N/A,FALSE,FALSE
Vritra,FATE,Vritra from Indian myth is an Evil Dragon with great mystic powers beyond most others. Also has all her abilities as her Lancer class self. Is not dependent on you to supply her magic. Requires effort to maintain your bond.,Familiar,Female,S,C,A,C,B,A,C,S,"1,280",S,Trust,Medium,N/A,N/A,FALSE,FALSE
Medea,FATE,"The Witch of Betrayal is summoned as your ally. A master of magics lost to the modern era, capable of using Divine Words to enforce her will upon reality. Possesses mystic knowledge beyond the abilities of her Caster and Lily selves.Is not dependent on you to supply her magic. Requires effort to maintain your bond.",Familiar,Female,A,B,D,C,D,B,D,A,325,B,Trust,Medium,N/A,N/A,FALSE,FALSE
Tamamo-no-Mae,FATE,"The orange haired, kitsune foxwife, Tamamo-no-Mae! A divinely blessed spell caster, wielding ofuda and the sacred mirror. Connected to Amaterasu-no-Omikami as her daughter. Has all the powers of her Caster and Lancer selves. Is not dependent on you to supply her magic. Requires effort to maintain your bond.",Familiar,Female,A,C,D,C,D,A,C,S,740,A,Trust,Medium,N/A,N/A,FALSE,FALSE
Sodom's Beast / Draco,FATE,"Beast VI S Queen Draco is summoned as your ally. Appears in her larval form, in her red dress. Has access to her powers as Sodom's Beast and Queen Draco forms, can shift to any of the bodies at will. Is not dependent on you to supply her magic. Requires effort to maintain your bond.",Familiar,Female,SS,B,A,B,B,S,D,S,"2,255",S,Trust,Medium,N/A,N/A,FALSE,FALSE
One (1) Vegas Exclusion,Generic,"Within one hour of starting an adventure, event, quest, or similar thing you may declare you are using this exclusion. When used, said adventure in its entirety is considered by all parties as not counting and not to be spoken about. You gain no fame, renown, or any form of recognition from any actions performed during said event, but will maintain items you personally aquired during such. This also doesn't wipe or remove being wanted by police, drug lords, or anyone you otherwise caused issues. Though they won't actively go after you directly as a result of the event- they must encounter you at another point afterward. The exlusion is consumed on use, but you can roll another.",Consumable,N/A,F,A,F,F,F,F,F,D,105,B,N/A,N/A,N/A,N/A,FALSE,FALSE
Fireball Bottles,Generic,"10 50ml bottles of Fireball Cinnamon Whiskey (Warning: Not a fireball, this is a drink)",Consumable,N/A,F,E,F,F,E,F,F,E,3,F,N/A,N/A,24hr,Manual,TRUE,FALSE
Bottled Fireball,Generic,"10 50ml bottles of liquid Fireball spell (Warning: Not a drink, this is a fireball)",Consumable,N/A,D,E,F,F,F,E,F,D,12,D,N/A,N/A,24hr,Manual,TRUE,FALSE
Fireball,Dungeons and Dragons,"I didn't ask how big the room was, I said, I CAST FIREBALL!  Launch a bolt of fire from your fingertip up to 400ft with a 20 foot radius spherical explosion on impact. Hits with maximum damage at the center, 50% at the very edges. Ignites flammable objects.",Ability,N/A,D,F,F,F,F,F,F,D,10,D,Train,Medium,N/A,N/A,FALSE,FALSE
Nukem's Combat Harness,Duke Nukem,A Black Combat harness that contains many utility pouches and three slots in each side for explosives. They can hold more ammo and explosives than they are physically capable of without encumbering the user. Getting another will simply double the amount of ammunition and explosives that you can hold.,Wearable,N/A,E,E,D,F,F,E,F,C,18,D,Twin,Medium,N/A,N/A,TRUE,FALSE
Box of Infinite Cigars,Generic,"A thin wooden box. When opened it will reveal a set of cigars that the user desired, said cigars can be modified to not have any negative side-effects and even have different tastes. When closing and opening the box it will make a new set of cigars appear.",Consumable,N/A,E,E,F,F,F,E,F,F,3,F,N/A,N/A,N/A,N/A,TRUE,FALSE
Pack of Infinite Bubblegum,Generic,A cardboard pack of nondescript bubblegum. When opened it will show a few pieces of bubblegum that the user prefers. When closed and opened again spawns another set of bubblegum.,Consumable,N/A,E,E,F,F,F,E,F,F,3,F,N/A,N/A,N/A,N/A,TRUE,FALSE
Haigure Human,Crayon Shin-Chan,"Generic servants wearing high cut leotards. They do not have their brainwashing guns, but could rebuild them with materials. They do a weird dance sometimes.",Familiar,Other,E,E,E,E,E,E,F,E,7,E,Train,Slow,N/A,N/A,FALSE,TRUE
Raptor Squad,Jurassic World,"A pack of four genetically engineered Velociraptors named Blue, Delta, Echo, and Charlie. They are trained and can follow simple commands. They are led by Blue, who is exceptionally intelligent and empathic. Blue can follow more complex commands and ride herd on the other three.",Familiar,Female,E,F,D,E,D,E,E,E,15,D,Trust,Medium,N/A,N/A,FALSE,FALSE
Pizza Time!,Five Nights at Freddy's,The entire classic Freddy Fazbear's Pizzeria. Just dropped on the nearest empty space that can fit it.,World,N/A,D,D,F,F,F,D,F,D,20,D,Time,Slow,N/A,N/A,TRUE,FALSE
Special Seeds,Plants Vs Zombies ,"A singular seed pack that will grow a random plant from hit series Plants Vs Zombies when planted. Once planted, changes the seed packet to that plant type permanently.",Farmable,N/A,D,D,D,D,F,D,D,E,31,D,Twin,Medium,24hr,N/A,TRUE,FALSE
Constraints and Amplification,Novel's Extra,"At any time, you may place a Constraint upon yourself. In exchange you Amplify either yourself or an ally based on the level of Constraint. Removing your ability to move your left index finger won't provide much power, but temporarily putting yourself completely unconcious will provide an immense boost of power.",Ability,N/A,B,F,F,F,F,F,F,F,50,C,N/A,N/A,N/A,N/A,FALSE,FALSE
Animatronic,Five Nights at Freddy's,"We here at Fazbear Entertainment are not at fault for having turned your body into one of our expertly crafted Endoskeletons. Neither we are at fault that your soul may have possesed the Endoskeleton and given it far more fexibility and paranormal abilities than it should ever have. Please look at clause 1-9b-87A as you can clearly see you can't sue us. As a gesture of goodwill, we will offer you one of our existing mascot suits to wear for free! A custom suit may be ordered, but such a thing will require additional payment.",Race,N/A,D,D,D,E,D,E,D,D,32,D,Tinker,Slow,N/A,N/A,FALSE,FALSE
Twili Impification,Legend of Zelda: Twilight Princess,"You're been turned into a Twili. What's more, you've been futher cursed into a Twili Imp. You are exceptionally short, with long hair and an overly large bottom. Your hair is prehensile and entirely under your control, even able to lengthen or shorten at will. Suitable to attack... or reach high shelves. This form comes with levitation and the ability to become and travel through shadows, though the touch of the sun severly weakens you and light based attacks risk destroying you entirely. Darkness or shadow based magical powers come far more easily to this form.",Race,N/A,C,D,E,E,E,D,D,C,38,D,Train,Medium,N/A,N/A,FALSE,FALSE
Style Meter,Devil May Cry,"Whenever you enter combat, a bar will suddenly appear. Performing stylish actions will increase the rating, while repeating the same thing will decrease it. This bar goes from 'Dull' to 'Smokin' Sexy Style', and each rank is declared by an unseen bombastic announcer. At the conclusion of the fight you will gain a monetary reward based on your rating.",Passive,N/A,B,B,F,E,F,E,F,C,112,B,N/A,N/A,N/A,N/A,FALSE,FALSE
Skeleton Time,Generic,"Everything bar your bones has decided you are rather icky and they no longer wish to be associated with you. On one hand, this has not resulted in your death, on the other, you are now an animate skeleton. You can no longer eat, drink, breathe, or perform other functions which require present internal organs. Nor do you need to do any of those to continue your existence. Unfortunately, you don't have any natural protection on your bones, and need to continue to utilize things which are necessary to keeping them strong. Mostly by pouring them on yourself. You do not qualify as undead, cursed, or anything else to divine, mystical, or other senses.",Race,N/A,F,E,E,E,E,D,E,F,10,D,N/A,N/A,N/A,N/A,FALSE,FALSE
Doyen's Virility Pills,HunterxHunter,A vial of 100 pills that increase endurance and fertility in bed. Try not to take more than one at a time.,Consumable,N/A,D,F,E,F,E,E,F,E,9,E,N/A,N/A,1wk,Manual,TRUE,TRUE
Scrap Iron Candy,Black Souls,A bag of candies that taste like scrap metal. Bolsters user's defense for 30 minutes.,Consumable,N/A,D,F,D,F,F,F,E,F,11,D,N/A,N/A,8hr,Manual,TRUE,FALSE
Super Absorbent Sponge,Terraria,A sponge capable of holding up to a billion liters of water within. Does not increase in size or weight despite that.,Novelty,N/A,C,F,F,F,F,F,F,F,10,D,N/A,N/A,N/A,Manual,TRUE,FALSE
Succubus,Generic,"Hells claim you. You are now an unholy monster- a demon that can only sustain herself off of sexual fluids. Oh, you're a girl if you weren't before. You are supernaturally tempting, able to charm people by your very presence and utilize magic to do so more forcefully. Shapeshifting comes naturally, but exclusively into things generally considered 'sexy' by the public or into something considered as such by a specific individual you are around. As a bonus, your strength, speed, and balance are increased and you gain some ability with a whip and dancing- especially pole dancing. Divine and mystical sources identify you as a demon, and anti-demon objects will work on you.",Race,Female,E,E,D,F,D,C,E,E,24,D,N/A,N/A,N/A,N/A,FALSE,TRUE
Bottle of Endless Lotion,Generic,A simple bottle of slimy lotion that never runs out. Must be squeezed out manually. Tampering just breaks the effect.,Consumable,N/A,E,F,F,F,E,E,F,F,3,F,N/A,N/A,N/A,Manual,TRUE,FALSE
Gordon's Crowbar,Half Life,A crowbar used to kill unfathomable amounts of aliens and mutated enemies. Nearly unbreakable. Does extra damage to nonhuman enemies,Arsenal,N/A,E,F,D,F,F,F,F,E,7,E,N/A,N/A,N/A,8hr,TRUE,FALSE
Morphing Blade,Generic,A 3kg iron sword capable of changing shape while retaining mass. Destroyed or detached parts lose the effect. Reforging the sword removes the effect as well.,Arsenal,N/A,E,F,E,F,F,F,F,F,2,F,N/A,N/A,N/A,8hr,TRUE,FALSE
Black Knight Set,Dark Souls,"A set of armor and weapons wielded by the Black Knights of Lordran. Perfectly fitted to your body no matter the change (within reason). Contains a greatsword, battle axe, halberd, sword, and shield.",Arsenal,N/A,D,F,E,F,E,E,F,D,13,D,Tinker,Medium,N/A,8hr,TRUE,FALSE
Centaur,Generic,The lower half of your body is now that of a horse. At least you can run fast now. You can choose your own coat patterns too.,Race,N/A,D,E,D,F,D,F,E,E,18,D,N/A,N/A,N/A,N/A,FALSE,FALSE
One For All (Yoichi),My Hero Academia,"Yoichi's version of One For All. Allows you to transfer this and one other ability to someone else via genetic consumption (ie, eat a hair/blood/etc). Does not include physical enhancement.",Ability,N/A,D,E,E,F,E,F,D,E,14,D,Train,Medium,N/A,N/A,TRUE,FALSE
One For All (Kudo),My Hero Academia,"Kudo's version of One For All. Allows you to transfer this and one other ability to someone else via genetic consumption (ie, eat a hair/blood/etc). Includes mild physical enhancement (and Yoichi's ghost). Could unlock a weak Gearshift if enhanced enough.",Ability,N/A,D,E,E,F,E,F,D,E,14,D,Train,Medium,N/A,N/A,TRUE,FALSE
One For All (Bruce),My Hero Academia,"Bruce's version of One For All. Allows you to transfer this and one other ability to someone else via genetic consumption (ie, eat a hair/blood/etc). Includes moderate physical enhancement (and Yoichi and Kudo's ghosts). Could unlock a weak Gearshift/Fa Jin if enhanced enough.",Ability,N/A,C,E,D,F,D,F,D,D,31,D,Train,Medium,N/A,N/A,TRUE,FALSE
One For All (Hikage),My Hero Academia,"Hikage's version of One For All. Allows you to transfer this and one other ability to someone else via genetic consumption (ie, eat a hair/blood/etc). Includes notable physical enhancement (and Yoichi, Kudo, and Bruce's ghosts). Could unlock a weak Gearshift/Fa Jin/Danger Sense if enhanced enough.",Ability,N/A,C,E,D,F,D,F,D,D,31,D,Train,Medium,N/A,N/A,TRUE,FALSE
One For All (Banjo),My Hero Academia,"Banjo's version of One For All. Allows you to transfer this and one other ability to someone else via genetic consumption (ie, eat a hair/blood/etc). Includes significant physical enhancement (and Yoichi, Kudo, Bruce, and Hikage's ghosts). Could unlock a weak Gearshift/Fa Jin/Danger Sense/Black Whip if enhanced enough.",Ability,N/A,C,D,C,F,C,F,D,C,50,C,Train,Medium,N/A,N/A,TRUE,FALSE
One For All (En),My Hero Academia,"En's version of One For All. Allows you to transfer this and one other ability to someone else via genetic consumption (ie, eat a hair/blood/etc). Includes notable physical enhancement (and Yoichi, Kudo, Bruce, Hikage, and Banjo's ghosts). Could unlock a weak Gearshift/Fa Jin/Danger Sense/Black Whip/Smokescreen if enhanced enough.",Ability,N/A,B,D,B,F,B,F,D,C,170,B,Train,Medium,N/A,N/A,TRUE,FALSE
One For All (Nana),My Hero Academia,"Nana's version of One For All. Allows you to transfer this and one other ability to someone else via genetic consumption (ie, eat a hair/blood/etc). Includes major physical enhancement (and Yoichi, Kudo, Bruce, Hikage, Banjo, and En's ghosts). Could unlock a weak Gearshift/Fa Jin/Danger Sense/Black Whip/Smokescreen/Float if enhanced enough.",Ability,N/A,B,D,B,F,B,F,D,B,210,B,Train,Medium,N/A,N/A,TRUE,FALSE
One For All (Toshinori),My Hero Academia,"Toshinori's version of One For All. Allows you to transfer this and one other ability to someone else via genetic consumption (ie, eat a hair/blood/etc). Includes extreme physical enhancement (and Yoichi, Kudo, Bruce, Hikage, Banjo, En, and Nana's ghosts). Could unlock a weak Gearshift/Fa Jin/Danger Sense/Black Whip/Smokescreen/Float if enhanced enough.",Ability,N/A,A,C,A,F,A,F,D,B,365,B,Train,Medium,N/A,N/A,TRUE,FALSE
One For All (Izuku),My Hero Academia,"Izuku's final version of One For All. Allows you to transfer this and one other ability to someone else via genetic consumption (ie, eat a hair/blood/etc). Includes potentially body-breaking physical enhancement (and Yoichi, Kudo, Bruce, Hikage, Banjo, En, Nana, and Toshinori's ghosts). Could unlock Gearshift/Fa Jin/Danger Sense/Black Whip/Smokescreen/Float if enhanced enough.",Ability,N/A,A,C,S,F,S,F,D,A,"1,215",S,Train,Medium,N/A,N/A,TRUE,FALSE
Rexy,Jurrasic Park,"A tyrannosaurus rex. Genetically modified, because that was an amazing idea. Rexy is smart enough to determine friend and foe and learn. Oddly stealthy. Also exceptionally territorial and not very interested in roaming.",Familiar,Female,F,F,D,E,E,E,E,D,14,D,Trust,Slow,N/A,N/A,FALSE,FALSE
ARMS!,ARMS,"Wuzzah! Your arms are now large springs and your pupils have twisted into spirals. Gain vastly increased upper body strength, even more increased punching strength, and much less improved lower body strength. Your arms can stretch a large distance and can maneuver mid strike in ways that are unintuitive to anything that doesn't consider your entire arm length a movement point. Switching out your fists for other weapons is possible, but you must research and aquire them yourself.",Race,N/A,E,E,D,E,D,E,E,E,16,D,Tinker,Medium,N/A,N/A,FALSE,FALSE
Helltaker's Apron,Helltaker,"A black apron with the word ""SATAN"" embroidered on the front in white. Enhances your ability to learn cooking skills, especially pancakes.",Wearable,N/A,E,F,F,F,F,D,F,E,7,E,N/A,N/A,N/A,N/A,TRUE,FALSE
Father Garcia's Trenchcoat,Faith the Unholy Trinity,A shotgun used to fight demons and evil spirits. Can gun down intangible entities. Extra damage against Unholy entities,Arsenal,N/A,D,F,D,F,F,E,F,D,16,D,Train,Medium,N/A,N/A,TRUE,FALSE
Clergy Robes,Generic,"The black and white robes of a clergyman. Durable enough to resist daily wear and tear. Minor resistance to darkness, curses, negative energy, and evil when worn.",Wearable,N/A,D,F,F,F,F,E,F,D,11,D,N/A,N/A,N/A,N/A,TRUE,FALSE
Nun Robes,Generic,"The black and white robes of a nun. Durable enough to resist daily wear and tear. Minor resistance to darkness, curses, negative energy, and evil when worn.",Wearable,N/A,D,F,F,F,F,E,F,D,11,D,N/A,N/A,N/A,N/A,FALSE,FALSE
Sexy Nun Robes,Generic,"Punish me daddy, I've been naughty~ Sexy nun robes that grant minor defense against unholy, darkness, evil, curses, and negativity. You decide what they look like and how revealing they are.",Wearable,N/A,D,E,F,F,F,D,F,D,16,D,N/A,N/A,N/A,N/A,TRUE,TRUE
Lon Lon Milk,Legend of Zelda,A bottle of high quality milk from Malon. Restores vitality and vigor when drunk.,Consumable,N/A,D,F,E,F,F,F,F,F,6,E,N/A,N/A,12hr,N/A,TRUE,FALSE
Beginner Acting,Generic,"The skill of a novice actor. You improve much faster at acting than others. You can hide emotion and portray a character, but you're no expert",Skill,N/A,E,F,F,E,F,E,F,F,3,F,Train,Slow,N/A,N/A,FALSE,FALSE
Beginner Programming,Generic,The skill of a novice programmer. You improve much faster at programming than others. You can make simple programs and understand code in any coding language you've seen,Skill,N/A,E,F,F,E,F,F,F,F,2,F,Train,Slow,N/A,N/A,FALSE,FALSE
Beginner Chemistry,Generic,The skill of a novice chemist. You improve much faster at chemistry work than others. You can make basic chemicals in a lab and know a fair amount of compounds.,Skill,N/A,E,F,F,E,F,F,F,F,2,F,Train,Slow,N/A,N/A,FALSE,FALSE
Beginner Interfacing,Generic,"The skill of a novice thief. You can pick basic locks, pick pockets, maneuver around mechanisms, and move with decent grace",Skill,N/A,E,F,F,E,E,F,F,F,3,F,Train,Slow,N/A,N/A,FALSE,FALSE
Beginner Stealth,Generic,"The skill of a novice at stealth. You can mask your footsteps, sneak up on people, check for traps, and gather information discreetly. You're no expert, though.",Skill,N/A,E,F,F,E,E,F,F,F,3,F,Train,Slow,N/A,N/A,FALSE,FALSE
Beginner Fine Arts,Generic,"The skill of a novice artist. You improve much faster at the arts than others. You are a beginner at painting, engraving, sculpting, sketching, etc. You've got a long way to go.",Skill,N/A,E,F,F,E,F,E,F,F,3,F,Train,Slow,N/A,N/A,FALSE,FALSE
SUPERHOT,SUPERHOT,"Time moves as you move. The faster you move, the faster time progresses. While you stand still, time stands still. It is possible for people to break out of or ignore this effect.",Ability,N/A,A,F,F,F,B,F,F,F,150,B,N/A,N/A,N/A,N/A,FALSE,FALSE
Boggart's Boiling Brilliance,Elden Ring,"You are now a master of boiling and cooking crab, prawn, lobster, and other crustaceans in general. You are invited to the crawfish boil. As the head chef.",Skill,N/A,D,F,F,F,F,D,F,E,11,D,Train,Medium,N/A,N/A,FALSE,FALSE
Blood Pack,Generic,You now have an anime character's amount of blood in you. Prepare to gush like a fountain when injured.,Passive,N/A,D,F,F,F,F,F,D,F,10,D,N/A,N/A,N/A,N/A,FALSE,FALSE
Larger than Life,Generic,"You now have a much larger presence, even if your physical body is small, people will think you tower over them.",Passive,N/A,D,E,F,F,F,D,F,E,12,D,Ticket,Medium,N/A,N/A,FALSE,FALSE
Chompers,Generic,"Your teeth are big, durable, and strong. You can literally chew rocks like it's nothing. You never have to worry about dental health again, and your teeth will grow back slowly when broken.",Passive,N/A,D,F,D,F,F,E,D,F,16,D,Time,Medium,N/A,N/A,FALSE,FALSE
Deviant Fashion,Generic,"You can wear whatever you want with no legal moral consequences. People might be uncomfortable though. Yes, that includes nudity.",Passive,N/A,D,D,F,F,F,D,F,E,16,D,N/A,N/A,N/A,N/A,FALSE,FALSE
Attention,Generic,"You can now create a very distinct, eye catching, and distracting aura around yourself. The opposite of stealth.",Passive,N/A,D,D,F,F,F,D,F,E,16,D,Train,Medium,N/A,N/A,FALSE,FALSE
Void Mirror Image,The Legendary Mechanic,You can make illusory clones of yourself to serve as distractions. They cannot attack physically.,Ability,N/A,D,E,F,F,F,D,F,E,12,D,Train,Medium,N/A,N/A,FALSE,FALSE
Double Jump,Generic,"You now have a second jump in mid-air, as if the air itself is solid for just one moment. Landing does not hurt you as long as you land at the same height you started. After that, it's up to your own ability to handle a fall.",Ability,N/A,D,F,F,F,D,E,F,F,11,D,Train,Medium,N/A,N/A,FALSE,FALSE
Tech Tree: Ranged Weapons,Generic,"Allows you to design, modify, and build any tech related to ranged weapons. Starts mundane, increases with access to better materials and tools.",Skill,N/A,C,F,C,C,F,F,F,D,35,D,Tinker,Medium,N/A,N/A,FALSE,FALSE
Induce Lactation,Generic,"Allows you to induce lactation on targets within line of sight. Only works on mammals or other creatures capable of producing milk. Anything with tits, really.",Ability,N/A,D,D,F,F,F,D,F,E,16,D,Train,Medium,N/A,N/A,FALSE,FALSE
Afterlife Denied,Generic,"Heaven has closed the gates and Hell has barred your entry. No afterlife will accept you, your soul left to wander the mortal world for all time. On one hand, this kinda sucks because plenty of things can definitely tell. On the other, as long as you properly set up some contingencies, being ressurected is significantly easier. Just avoid any attacks which can harm or trap your soul.",Passive,N/A,A,E,F,F,F,F,F,C,111,B,N/A,N/A,N/A,N/A,FALSE,FALSE
Tongue Lash,Generic,"You can stretch your tongue to dozens of meters long. Use it as a whip, another limb, a restraint... something else... hint hint.",Ability,N/A,D,E,D,E,D,D,D,E,28,D,Train,Medium,N/A,N/A,FALSE,FALSE
Dire Wolf,Generic,"A man-sized, rideable wolf. Default female. Very strong, tough, and vicious.",Familiar,Female,E,F,D,E,D,F,E,E,14,D,Trust,Medium,N/A,Auto,FALSE,FALSE
Wooloo,Pokemon,"A cute, round sheep Pokemon that rolls around a lot and has fast growing, luxurious wool. Not... particularly intelligent. Does not come with a pokeball.",Familiar,Other,D,E,D,F,D,C,C,D,41,D,Trust,Medium,N/A,Auto,TRUE,FALSE
Minecraft Chicken,Minecraft,"A weird, square chicken. Comes in one of three varieties. Immune to fall damage. Lays one egg every five to ten minutes regardless of sustenance. Eggs thrown at the ground have a 12.5% chance of spawning another chicken. Both egg and chicken meat taste great. Start with one breeding pair. Eats seeds and other chicken related things. Doesn't poop, though...?",Familiar,Other,D,E,F,F,F,F,E,E,8,E,N/A,N/A,N/A,Auto,TRUE,FALSE
Holy Cow,Generic,"A literally holy cow. Large, healthy, always lactating. Can be milked for up to 50 liters of milk a day depending on food consumption. Milk provides health benefits, is nutrient dense, and is low grade holy water. The holiness breeds true.",Familiar,Female,D,E,D,E,D,D,D,D,32,D,Trust,Medium,N/A,Auto,TRUE,FALSE
Cancerous Rodent,Ultrakill,A nasty looking green rat that constantly emits a toxic dose of radiation,Familiar,Other,D,D,F,F,F,F,D,D,20,D,N/A,N/A,N/A,N/A,TRUE,FALSE
Investing-Gator,Generic,An alligator that's a master of the stock market and the free market. Guaranteed to reap large returns. This one's really stretching the gator joke...,Familiar,Other,E,E,D,E,D,E,E,E,16,D,Trust,Medium,N/A,N/A,FALSE,FALSE
Reach Out and Touch Someone,Generic,"When interacting with someone through any medium, you may phyiscally interact with them through that medium. So yes, you can punch that internet troll in the face through their computer screen.",Ability,N/A,E,F,F,F,F,E,F,F,2,F,N/A,N/A,N/A,N/A,FALSE,FALSE
Amulet of Health,Generic,A gold amulet with a ruby gem in the center. Slightly increases vitality and health.,Wearable,N/A,D,F,F,F,F,E,F,F,6,E,N/A,N/A,N/A,N/A,TRUE,FALSE
0 - The Fool,Tarot,Temporarily grants a skill or minor ability best suited for the situation at hand. Cannot be higher rated than The Fool.,Arsenal,N/A,C,D,D,D,D,D,D,C,50,C,N/A,N/A,24hr,Auto,TRUE,FALSE
I - The Magician,Tarot,Increase the ranking of an ability at or below the card's rank for one hour,Arsenal,N/A,C,D,D,D,D,D,D,C,50,C,N/A,N/A,24hr,Auto,TRUE,FALSE
II - The High Priestess,Tarot,"Temporarily speeds up perception, emulating bullet time. Gives precognition for 30 minutes.",Arsenal,N/A,C,F,F,C,C,C,F,C,50,C,N/A,N/A,24hr,Auto,TRUE,FALSE
III - The Empress,Tarot,Creates an aura that increases defense and recovery on the user for 30 minutes,Arsenal,N/A,C,C,C,F,F,C,F,C,50,C,N/A,N/A,24hr,Auto,TRUE,FALSE
IV - The Emperor,Tarot,Creates immense mental pressure to dominate or crush the mind of a target,Arsenal,N/A,C,C,F,C,F,C,F,C,50,C,N/A,N/A,24hr,Auto,TRUE,FALSE
V - The Hierophant,Tarot,Dispels all illusions C rank or lower within line of sight for one hour,Arsenal,N/A,C,C,F,C,F,C,F,C,50,C,N/A,N/A,24hr,Auto,TRUE,FALSE
VI - The Lovers,Tarot,Copy any one ability from someone within 100 meters range for one hour,Arsenal,N/A,C,C,F,C,F,F,C,C,50,C,N/A,N/A,24hr,Auto,TRUE,FALSE
VII - The Chariot,Tarot,"Teleport to any location within your perception, even through a camera. Has five uses.",Arsenal,N/A,C,C,F,C,C,F,F,C,50,C,N/A,N/A,24hr,Auto,TRUE,FALSE
VIII - Strength,Tarot,Increases all physical stats and abilities and lowers sense of pain for 30 minutes.,Arsenal,N/A,C,F,C,C,F,F,C,C,50,C,N/A,N/A,24hr,Auto,TRUE,FALSE
IX - The Hermit,Tarot,Allows you to read minds and thoughts within perceptual range for one hour,Arsenal,N/A,C,C,F,C,F,C,F,C,50,C,N/A,N/A,24hr,Auto,TRUE,FALSE
X - Wheel of Fortune,Tarot,Swaps all active abilities for random powers of the same rank for one hour,Arsenal,N/A,C,D,D,D,D,D,D,C,50,C,N/A,N/A,24hr,Auto,TRUE,FALSE
XI - Justice,Tarot,"Cleanses all abnormal status effects like disease, poison, curses, and charms below A rank in a 10 meter radius.",Arsenal,N/A,B,F,F,F,F,F,F,C,60,C,N/A,N/A,24hr,Auto,TRUE,FALSE
XII - The Hanged Man,Tarot,Absorb all of the wounds and ailments of a target and take them on at 50% severity,Arsenal,N/A,B,F,F,F,F,F,F,C,60,C,N/A,N/A,24hr,Auto,TRUE,FALSE
XIII - Death,Tarot,"Destroy any active physical or magical effect on contact, including speed, rituals, reanimation, enhanced strength, etc. Five uses.",Arsenal,N/A,B,F,F,F,F,F,F,C,60,C,N/A,N/A,24hr,Auto,TRUE,FALSE
XIV - Temperance,Tarot,"Complete mental clarity and focus, dispels all negative mental conditions for one hour.",Arsenal,N/A,C,F,F,B,F,F,F,C,70,C,N/A,N/A,24hr,Auto,TRUE,FALSE
XV - The Devil,Tarot,Summons infernal chains to bind and weaken a target,Arsenal,N/A,C,C,C,C,F,F,F,C,50,C,N/A,N/A,24hr,Auto,TRUE,FALSE
XVI - The Tower,Tarot,Release a wave of destructive energy that could partially destroy several city blocks. Partially ignores durability. Disorients enemies.,Arsenal,N/A,C,C,C,C,F,F,F,C,50,C,N/A,N/A,24hr,Auto,TRUE,FALSE
XVII - The Star,Tarot,Restores all energy and stamina and resets ability cooldowns on use. Five uses.,Arsenal,N/A,C,C,C,C,F,F,F,C,50,C,N/A,N/A,24hr,Auto,TRUE,FALSE
XVIII - The Moon,Tarot,Construct an illusionary world to fools all senses for one hour,Arsenal,N/A,C,C,F,C,F,C,F,C,50,C,N/A,N/A,24hr,Auto,TRUE,FALSE
XIX - The Sun,Tarot,"Recovers all health instantly, resets item cooldowns, repairs all equipment. Five uses.",Arsenal,N/A,C,C,C,C,F,F,F,C,50,C,N/A,N/A,24hr,Auto,TRUE,FALSE
XX - Judgement,Tarot,Compels a target to tell the truth without being able to trick you. One hour duration. Two uses.,Arsenal,N/A,C,C,F,C,F,C,F,C,50,C,N/A,N/A,24hr,Auto,TRUE,FALSE
XXI - The World,Tarot,Permanently fuse two abilities of the same rank and receive an appropriate ability one rank higher,Arsenal,N/A,B,F,F,F,F,F,F,C,60,C,N/A,N/A,24hr,Auto,TRUE,FALSE
The Major Arcana,Tarot,"Grants all 22 Major Arcana Tarot Cards at once, and their effects.",Arsenal,N/A,B,D,D,D,D,D,D,B,130,B,N/A,N/A,24hr,Auto,TRUE,FALSE
Fate Draw,Tarot,Roll a random number from 0 to 21 and invoke the effect of the Tarot card it lands on.,Ability,N/A,C,D,D,D,D,D,D,C,50,C,N/A,N/A,24hr,N/A,FALSE,FALSE
Standard Reading Major Arcana,Tarot,Roll a random number from 0 to 21 three times and invoke the abilities of those three Major Arcana cards,Ability,N/A,B,D,D,D,D,D,D,B,130,B,N/A,N/A,24hr,N/A,FALSE,FALSE
Infinite Bowl of Spaghetti,Generic,"A bowl containing an endless amount of hot and fresh spaghetti that you can always take more servings from. Comes with sauce, meatballs, and all the parmesan on top you could ever want.",Consumable,N/A,E,E,F,F,F,E,F,E,4,F,N/A,N/A,N/A,1hr,TRUE,FALSE
Can of Pain,Generic,A can of unbranded cola that causes anyone who drinks it immense agony for five minutes straight. Only really good for pranks?,Consumable,N/A,E,E,F,F,F,F,F,E,3,F,N/A,N/A,24hr,N/A,TRUE,FALSE
Stack of Gold Bars,Generic,33 kg of pure gold bars,Novelty,N/A,F,F,F,F,F,F,F,E,1,F,N/A,N/A,N/A,N/A,TRUE,FALSE
Courier's Stash,Fallout,"A briefcase with lightweight metal armor, a double barreled shotgun with 20 packs of 20 shells, 4 basic repair kits, and 5 stim packs",Arsenal,N/A,E,F,D,F,F,E,F,E,8,E,N/A,N/A,N/A,N/A,TRUE,FALSE
1 Star Heart Ticket,Generic,Affection in a ticket. Rip it and the person you think about likes you a little more via retcon and causality bending. No side effects but your own guilt.,Consumable,N/A,E,E,F,F,F,F,F,E,3,F,N/A,N/A,N/A,N/A,TRUE,FALSE
Shadow Perfume,Generic,A bottle of pitch black perfume that erases all scent from the user and moderately muffles all movements and actions for 1 hour,Consumable,N/A,E,E,F,F,E,E,F,E,5,E,N/A,N/A,N/A,N/A,TRUE,FALSE
Mantis Flip Coin,Xiaolin Showdown,"A Shen Gong Wu coin as a simple pendant. Flip the coin and you gain incredible acrobatic skills, even jumping multiple stories at once.",Arsenal,N/A,D,F,D,F,D,E,F,B,66,C,N/A,N/A,N/A,Manual,TRUE,FALSE
Tacticool Trenchcoat,Generic,"A really tactical, cool, durable, high quality trench coat guaranteed to not make you look like a loser. Has pockets that are ten times bigger on the inside. You always know what you're looking for in them.",Arsenal,N/A,E,F,D,F,F,E,F,E,8,E,N/A,N/A,N/A,24hr,TRUE,FALSE
Excalibur's Rock,Arthurian Mythos,"The rock that Arthur pulled the sword from. Indestructible to anything below A rank damage. Also still a big heavy rock just about 3 feet tall and wide at the base. Makes you more kingly, supposedly.",Novelty,N/A,B,D,A,F,F,C,F,A,265,B,N/A,N/A,N/A,24hr,TRUE,FALSE
Caledfwlch,Arthurian Mythos,"A king's sword. High quality, proof of your divine right to rule the British Isles. Emits flashes of light when drawn in combat. Onlookers will inexplicably think of you as both a king and Welsh.",Arsenal,N/A,C,E,D,F,F,E,F,A,117,B,N/A,N/A,N/A,N/A,TRUE,FALSE
Caliburn,Arthurian Mythos,"A king's sword. High quality, proof of your divine right to rule the British Isles. Emits flashes of light when drawn in combat. Onlookers will inexplicably think of you as both a king and Welsh.",Arsenal,N/A,C,E,D,F,F,E,F,A,117,B,N/A,N/A,N/A,N/A,TRUE,FALSE
Excalibur,Arthurian Mythos,"A king's sword. High quality, proof of your divine right to rule the British Isles. Emits flashes of light when drawn in combat. Onlookers will inexplicably think of you as both a king and Welsh.",Arsenal,N/A,C,E,D,F,F,E,F,A,117,B,N/A,N/A,N/A,N/A,TRUE,FALSE
Excalibur's Scabbard,Arthurian Mythos,"A magic, holy scabbard. Its owners wounds do not bleed, preventing exsanguination in battle.",Arsenal,N/A,C,E,D,F,F,E,F,A,117,B,N/A,N/A,N/A,N/A,TRUE,FALSE
Job Application Form,Generic,"A job application form that, when filled out properly, guarantees hiring at any job you choose. Not guaranteed to keep it though. One use only.",Consumable,N/A,E,E,F,E,F,F,F,E,4,F,N/A,N/A,N/A,N/A,TRUE,FALSE
Super Rod,Pokemon,"A fishing rod that lures in fish automatically, no bait needed. More likely to attract powerful sea dwelling creatures more than not.",Arsenal,N/A,D,D,F,F,F,F,F,F,10,D,N/A,N/A,N/A,8hr,TRUE,FALSE
Killer Frost I,DC Comics,"A frosty, bitter metahuman with powers of cold and ice, seeking revenge for a wrongful death (Hers). Very good at killing people in multiple ways with her powers.",Familiar,Female,C,F,D,F,D,F,D,F,25,D,Trust,Medium,N/A,N/A,FALSE,FALSE
Killer Frost II,DC Comics,"A frosty, bitter metahuman with powers of cold and ice, seeking revenge for a wrongful death (Crystal's). Very good at killing people in multiple ways with her powers.",Familiar,Female,C,F,D,F,D,F,D,F,25,D,Trust,Medium,N/A,N/A,FALSE,FALSE
Killer Frost III,DC Comics,"A frosty, bitter metahuman with powers of cold and ice, seeking revenge for a wrongful death (Her own, kinda). Very good at killing people in multiple ways with her powers.",Familiar,Female,C,F,D,F,D,F,D,F,25,D,Trust,Medium,N/A,N/A,FALSE,FALSE
Black Rose Armor,BOFURI,"A set of black and red armor with rose heraldry originally used by Maple in New World Online. When destroyed the armor will automatically reform on the wearer stronger than it was previously. Give excellent boosts to defense and vitality. Also grants the ability for the user to turn into a massive four-armed demon that oddly resembles a pillbug. This form serves as a second life, and dying in this form will simply return you back to your state immediately prior to using the ability. You gain no equipment bonuses while in this form.",Arsenal,N/A,C,F,A,C,F,B,F,C,180,B,Train,Slow,N/A,N/A,TRUE,FALSE
Dark Matterification,Kirby,"Congratulations! You have now become a mass of dark energy/matter born from a condensation of negative emotions! You can fly, possess people, copy elemental abilities, shapeshift, and more! However you are significantly more prone to spiraling into darker emotions and will be far weaker to attacks that use positive or heartfelt emotions! Don't let the Power of Friendship erase you from existence!",N/A,N/A,B,B,A,E,A,C,S,S,"1,311",S,N/A,N/A,N/A,N/A,FALSE,FALSE
Just Beat It!,Generic,Whenever a fight begins a song begins playing. Acting in time with the beat of the song enhances your actions.,Passive,N/A,E,F,D,F,D,D,F,F,16,D,N/A,N/A,N/A,N/A,FALSE,FALSE
CRITICAL,Generic,"When in a fight, you will see a white flash or similar indicator on occasion. Hitting that spot, or acting at that specific timing, will result in your attack dealing double damage! Though your enemy can notices these flashes as well and even figure out what they mean. Potentially allowing them to use them to trap you or predict your movements.",Passive,N/A,E,D,D,F,D,E,F,E,18,D,Train,Slow,N/A,N/A,FALSE,FALSE
Kuugen'd,KuugenTheFox,"Breasts are large, women are lesbian, and the men are unseen. Welcome to Kuugenland, enjoy your stay. Oddly less skimpy than expected. Expect opportunities for (boob) growth, people starting businesses for passion, universal basic income, and lesbians. Yes, it really does have to be stated twice.",World,N/A,F,E,F,F,F,D,E,F,7,E,N/A,N/A,N/A,N/A,FALSE,FALSE
Herald of Orignium,Arknights,"Orignium is a semi-transparent black stone-like substance with a glowing yellow core that can be used as an immensely potent power source and incredibly large data storage. Within the mass of Orignium is  the Assimilated Universe, where all of the information Orignium records is stored, preserved, and can be altered or restored. Now it is under your control. While Orignium can serve as effectively a variant of stone control, it's true power is in the reality altering properties and information storage. Properly using Orignium, typically through a medium, allows people to use Arts- magic that can be studied, understood and taught. When Orignium comes into contact with biological matter, it will assimilate that matter into itself, creating a record of the entirety of that entity within the Assimilated Universe that you can do what you wish with- people included. This is not a fast process, and you can control or stop it. Being infected in this way allows naturally casting Arts without study, potentially to an extremely powerful degree. Though at the cost of worsening Oripathy and eventually leading to death. Your body is also stored there, and can be altered just the same as anything else, as well as serving as a backup should you be horrifically injured or die.",Race,N/A,SS,SS,SS,F,SS,F,SS,A,"5,100",SS,Train,Medium,N/A,N/A,FALSE,FALSE
Nachzehrer,Arknights,"A Sarkaz subrace- the Nachzehrer are generally slender, favoring robes and flowing fabric. They are most known for their predisposition to cannibalism and magic relating to causing necrosis in living organisms. While it is possible to resist this instinct, the hunger will never fade and you will eternally smell of decay should you partake. Often called 'Lords of War', a practived Nachzehrer is a terrifying opponent that rots and consumes their enemies to continually get stronger.",Race,N/A,C,F,C,F,F,F,D,F,25,D,Train,Fast,N/A,N/A,FALSE,FALSE
Protoframe Virus,Warframe,"Roll a number between 1-65. You are now the Protoframe of that specific Warframe. The transformation will be painful and take days, but you will be blessed with the default abilities of whatever Warframe you've become. You can train to improve those abilities beyond their in-game use. You keep your fun bits, btw, but they might be a little weird looking after the transformation. Choose your own appearance.",Race,N/A,A,A,S,A,A,C,SS,S,"2,410",S,Train,Hyper,N/A,N/A,FALSE,FALSE
Tony Tony Chopper,One Piece,"Boku wa Docutah! Tony Tony Chopper! The Doctor of the Strawhats, Tony Tony Chopper is a genius in medicinal and pharmecutical work, and can also transform himself using his Rumble Balls. With the correct materials and modifications, he can improve his Rumble Balls to increase their effects. He comes with Nine Transformations, or Points. But Monster Point should only be used in an emergency. You'll have to work for him to consider you Nakama, Chopper has a hard time trusting.",Familiar,Male,C,F,C,A,C,C,A,D,245,B,Trust,Fast,N/A,N/A,FALSE,FALSE
Captain Cooke's Specialties Recipes,FIGHT KNIGHT,"A small leatherbound booklet that smells of the sea. It is filled with many strange recipes for food that grant the consumer the knowledge on how to use incredible barehanded techniques! The ingredients can be a bit exotic, but you can still find them.",Arsenal,N/A,E,E,F,F,F,E,F,E,4,F,Train,Medium,N/A,N/A,FALSE,FALSE
Two Water Buckets,Minecraft,"Two water buckets that when splashed on the ground will create a seventy five centimeter deep pool of water. If both water buckets are used in a specific pattern, it will create infinite source of water. The buckets can also be used to contain any form of liquid from powdered snow to milk to lava.",Arsenal,N/A,D,D,F,F,F,E,F,C,21,D,N/A,N/A,N/A,N/A,FALSE,FALSE
Limbo Blade,Lunacid,"A result of perfected alchemical process, a blade held delicately in the twilight of light and dark. Prevents curses and blindness from ailing the user and does both light and dark damage. Its true purpose is to kill what cannot die.",Arsenal,N/A,S,S,D,F,F,E,F,D,"1,011",S,Tinker,Slow,N/A,N/A,FALSE,FALSE
Lucid Blade,Lunacid,"A 'magical' longsword used by an old royal wizard, capable of blasting waves of magic born from the moon. Its time under the well of madness has increased its potency against those that neither dream nor remain logical.",Arsenal,N/A,S,SS,E,F,F,D,F,B,"1,556",S,Train,Slow,N/A,N/A,FALSE,FALSE
"""FIRE"" Blade",Lunacid,"A dark steel hilt that, when held with conviction, will emit a flaming blade from the ricasso. It can illuminate any area you are in, except underwater.",Arsenal,N/A,D,E,E,F,E,E,F,E,10,D,Train,Medium,N/A,N/A,FALSE,FALSE
Icaraian Flight Ring,Lunacid,A ring with that enhances the caster's jump ability for 2 seconds per jump. Be cautious of where you land.,Wearable,N/A,C,E,F,F,C,F,F,E,22,D,Tinker,Medium,N/A,N/A,FALSE,FALSE
Rocinante,Limbus Company,A sentient pair of shoes/horse. Suppresses bloodfiend characteristics and maintains the illusion of humanity.,Familiar,N/A,C,C,C,F,C,F,F,F,40,D,Trust,Medium,N/A,N/A,FALSE,FALSE
Race Change Card,Generic,"When you roll a race change on the Gacha, it now becomes a physical card. Anyone holding the card can use it to apply the race change to themselves. Single use per card created.",Passive,N/A,D,D,E,E,E,E,D,D,24,D,N/A,N/A,N/A,N/A,TRUE,FALSE
Fursona!,Generic,"Gives you a single use Evoker with a pawprint on the side. Yes, you must shout ""Fursona!"" when using it. Changes you directly into your fursona. If you don't have one, it assigns a random animal to be your fursona. You get to pick the design, at least.",Race,Other,C,D,D,D,D,D,C,D,50,C,N/A,N/A,N/A,N/A,TRUE,FALSE
Crystal Spear,Elden Ring,"A spear made of crystals that are stronger than steel. Can be used to cast magic, like a wand/staff",Arsenal,N/A,C,F,C,D,F,F,F,D,30,D,Tinker,Medium,N/A,N/A,TRUE,FALSE
Bunny's Blessings,Generic,A bunny ear headband and matching tail buttplug. Increases charisma and sex appeal.,Wearable,N/A,E,F,F,F,F,D,F,E,7,E,N/A,N/A,N/A,N/A,TRUE,TRUE
Bronze Bag of Holding,Dungeons and Dragons,"A hip bag woven from bronze thread, able to contain two thousand pounds worth of items. You automatically know how to find anything inside.",Wearable,N/A,C,F,F,F,F,E,F,E,12,D,N/A,N/A,N/A,N/A,TRUE,FALSE
Beginner Hand to Hand Combat,Generic,You have a decent talent at any martial art you try. You could beat most people in a fight outside of professional fighters. Improves learning speed,Skill,N/A,E,F,E,E,F,F,F,E,4,F,Train,Slow,N/A,N/A,FALSE,FALSE
Beginner Math,Generic,"You can solve any math problem up to the level you've already learned in your head. Might take a bit, but it's not hard.",Skill,N/A,E,F,F,E,F,F,F,E,3,F,Train,Slow,N/A,N/A,FALSE,FALSE
Beginner Blunt Weapon Mastery,Generic,You have a decent talent with any blunt weapon you try. You could beat most people in a fight outside of professional fighters. Improves learning speed,Skill,N/A,E,F,E,E,F,F,F,E,4,F,Train,Slow,N/A,N/A,FALSE,FALSE
Beginner Marital Arts,Generic,"You can fuck pretty well and know what a clitoris is, putting you solidly above the average person at sex.",Skill,N/A,E,F,E,E,F,E,F,E,5,E,Train,Slow,N/A,N/A,FALSE,FALSE
Beginner Medicine,Generic,"You can perform first aid, apply medicine, know what most medicines do, and improvise basic medical tools for field procedures. Improves learning speed.",Skill,N/A,E,F,F,E,F,F,F,E,3,F,Train,Slow,N/A,N/A,FALSE,FALSE
Healthy,Generic,"You're very healthy. Increases vitality, virility, and removes previous health complications prior to gaining this ticket.",Passive,N/A,D,F,D,E,E,E,E,F,14,D,N/A,N/A,N/A,N/A,FALSE,FALSE
Blood Fuel,Generic,"Your blood functions as high quality fuel/power, allowing you to run anything that requires its own power source. Including electronics.",Passive,N/A,D,D,E,F,E,F,F,F,12,D,N/A,N/A,N/A,N/A,FALSE,FALSE
Sexercise,Generic,"You can now substitute full body exercise with sex. Applies benefits after sex has ended, effect scales with quality of sex.",Passive,N/A,D,F,D,E,D,D,E,E,23,D,Train,Medium,N/A,N/A,FALSE,TRUE
Sprinkle,Generic,Telekinetically control water with enough strength to remove moisture and act as a water gun,Ability,N/A,E,F,E,F,F,F,F,E,3,F,Train,Medium,N/A,N/A,FALSE,FALSE
Gust,Generic,Create and control winds strong enough to injure or knock someone off their feet,Ability,N/A,E,F,E,F,E,F,F,E,4,F,Train,Medium,N/A,N/A,FALSE,FALSE
Metal Detector,Generic,"You can detect metals around you like a mental radar. The more valuable, the more distinct its presence. Starts with a 10 meter radius.",Ability,N/A,E,F,E,E,F,F,F,E,4,F,Train,Medium,N/A,N/A,FALSE,FALSE
Cosmetic Calibration,Generic,"You can change any cosmetic thing about your appearance, ability color, hair color, pupil shape, skin tone, etc.",Ability,N/A,E,F,E,F,F,E,F,E,4,F,Train,Medium,N/A,N/A,FALSE,FALSE
Leaf Blade,Generic,"Conjure a longsword sized leaf blade. Abnormally durable, razor sharp, still not as durable as normal steel. Also conjure smaller leaves as projectiles. Leaves are permanent, but lose lethality over time.",Ability,N/A,E,F,D,F,F,F,F,E,7,E,Train,Medium,N/A,N/A,FALSE,FALSE
Bubbling,Generic,Encase targets in bubbles that slowly float upwards or hover in place. Each bubble is roughly as durable as 1cm thick glass (scales with power level). Damaged bubbles pop and vanish. Encasing yourself allows you to control movement direction.,Ability,N/A,E,F,E,F,E,F,F,E,4,F,Train,Medium,N/A,N/A,FALSE,FALSE
Rough Knuckle,Generic,"Augment your fists with energy, allowing even a normal man to shatter bricks and punch through stone walls. Not very efficient. More energy spent means more power.",Ability,N/A,E,F,D,F,F,F,F,E,7,E,Train,Medium,N/A,N/A,FALSE,FALSE
Hormone Regulation,Generic,"Control your own hormones at will, increase concentrations or lower them, regulate mood, cause bodily changes, so on and so forth. Be careful with your regulations.",Ability,N/A,E,E,E,E,E,E,E,E,8,E,Train,Medium,N/A,N/A,FALSE,FALSE
Soul Arrow,Dark Souls,Use your soul's energy to fire a mildly homing arrow at enemies. Power scales with soul's power and energy levels.,Ability,N/A,E,F,D,F,F,F,F,E,7,E,Train,Medium,N/A,N/A,FALSE,FALSE
Root,Generic,Grow ethereal roots into the ground to drain energy and nutrients from the soil and increase vitality/energy regeneration. Roots you in place while in use.,Ability,N/A,D,F,E,E,F,F,F,E,8,E,Train,Medium,N/A,N/A,FALSE,FALSE
Snow Tiger,Generic,"A powerful snowy white tiger. Powerful and smart, larger than lions, big enough to ride. Default female.",Familiar,Female,E,F,D,E,D,E,F,E,14,D,Trust,Medium,N/A,N/A,FALSE,FALSE
Skeleton Band,Generic,"A group of skeletons that can play any instrument and comes with its own equipment. Cannot enter combat, cannot be harmed. Summon and pick a playlist for them to play. They fall apart and reassemble comedically when struck.",Familiar,N/A,D,E,F,F,F,D,F,E,12,D,Trust,Medium,N/A,N/A,FALSE,FALSE
Golden Goose,Generic,A regular looking goose that lays a golden egg every 24 hours. Will be gold unless the egg is fertilized.,Familiar,Female,D,F,F,F,F,E,F,D,11,D,Trust,Medium,N/A,N/A,FALSE,FALSE
THWOMP,Super Mario,A giant angry rectangular boulder creature that moves in straight lines. Really likes crushing things below it. Summon as a hazard or a wall. Repairs itself when desummoned.,Familiar,N/A,D,F,D,E,D,E,E,D,23,D,Trust,Medium,N/A,N/A,FALSE,FALSE
Carpenter Ants,Generic,"A massive ant colony of literal carpenter ants. When provided with proper materials, they can build a house in a single day and expand by recycling wood waste. Might even build a town in a day when big enough.",Familiar,Female,D,F,D,D,D,E,F,E,22,D,Time,Medium,N/A,N/A,FALSE,FALSE
Shitty Copper,Generic,A bag of endless shitty copper. Contains 1000 tons at a time.,Novelty,N/A,D,F,F,F,F,F,F,D,10,D,N/A,N/A,24hr,N/A,TRUE,FALSE
Perfect Decoy,Generic,An exact replica of your body. Has no DNA or genetics. It's just a flesh puppet that looks exactly like you.,Novelty,N/A,F,F,F,F,F,F,F,F,0,F,N/A,N/A,N/A,N/A,TRUE,FALSE
Hormone Cookies,Generic,10 boxes of 20 pink strawberry wafer cookies each. Eating one cookie swaps your sex for 24 hours. Eating 20 in one day makes it permanent.,Consumable,N/A,E,F,E,E,F,D,E,E,10,D,N/A,N/A,24hr,Manual,TRUE,FALSE
Saw Cleaver,Bloodborne,Both a serrated saw and a massive cleaver. Great at slaying beasts. Extra damage against beasts and beastlike enemies.,Arsenal,N/A,E,F,D,F,F,F,E,D,12,D,Train,Medium,N/A,N/A,TRUE,FALSE
Music Player,Generic,An indestructible MP3 player with great sound quality. Plays any song you've heard of before and records automatically.,Novelty,N/A,E,F,F,F,F,E,F,E,3,F,N/A,N/A,N/A,24hr,TRUE,FALSE
Psychic Paper,Doctor Who,"A piece of paper that makes anyone who looks at it see what they expect or want to see, such as ID, permits, badges, etc. Doesn't work on smart people, people with no imagination, or anyone far more powerful than you.",Arsenal,N/A,E,E,F,E,F,F,F,F,3,F,N/A,N/A,N/A,1hr,TRUE,FALSE
Doctor's Appointment Ticket,Generic,"Rip the ticket to receive a detailed doctor's note about your physical condition, plus several possible treatment plans for any conditions you might have.",Consumable,N/A,E,E,F,F,F,F,F,E,3,F,N/A,N/A,1wk,1hr,TRUE,FALSE
Escape Ticket,Generic,Tear the ticket to teleport to a 4 cubic meter bunker in another dimension for 8 hours. The bunker is fully stocked with water and MREs and resembles a prison cell. You can be tracked by spatial manipulation abilities. You cannot escape without spatial manipulation. Teleports you back after 8 hours.,Consumable,N/A,C,F,F,F,F,F,F,F,10,D,N/A,N/A,N/A,N/A,FALSE,FALSE
Gun Voucher,Generic,Tear the ticket to receive a real life (2026 or prior) gun of your choice. You receive one magazine for that weapon every 24 hours.,Consumable,N/A,E,F,D,F,F,F,F,F,6,E,N/A,N/A,24hr,N/A,TRUE,FALSE
Mystic Eye Killers,Type Moon,A pair of stylish glasses that suppress eye based abilities and magic. Makes the user resilient to eye based abilities as well. Doesn't work if the ability is too powerful.,Wearable,N/A,C,D,F,F,F,E,F,E,17,D,N/A,N/A,N/A,N/A,FALSE,FALSE
Gosha Village,Taimanin,"Somewhere in your world, probably Japan or the closest analogue, is a secret ninja academy/headquarters of the Taimanin, demon slaying ninjas. Most of them are women, and all of them dress in really sexy latex suits. Also, there's a lot of horny demons now. Good luck with that.",World,N/A,B,D,D,D,C,B,B,B,225,B,Time,Slow,N/A,N/A,FALSE,TRUE
Invitation to The Gesellschaft,Limbus Company,"Administrator [Naive Faust] cordially invites you to join The Gesellschaft, a space for Fausts to share knowledge and compile it together to know it all. Benefits from joining The Gesellschaft inclde: Becoming a Faust, getting to discuss and learn many things from other Fausts and much more (also Naive Faust can have someone else to chat to). If you deny this invitation you it will let you reroll again but Administrator [Naive Faust] will be sad.",Consumable,N/A,D,C,F,D,F,E,E,D,27,D,Train,Slow,N/A,N/A,FALSE,FALSE
Snaust,Limbus Company,"Snaust is a strange small snail-like being with a human head that resembles Faust. She may not be the smartest, but Snaust likes learning about many things, she also likes reading (and people reading things to her), sweets, and fruits.",Familiar,Female,E,E,E,E,F,E,E,D,11,D,Trust,Snail,N/A,N/A,FALSE,FALSE
Propeller Hat with a Large Lollipop,Generic,A propeller hat and a large rainbow lollipop of your favorite flavor. Putting on the hat and licking the candy will result in you regaining whimsy and remembering that the world is a kind place and everything can always get better.,Novelty,N/A,F,D,F,F,F,E,F,E,7,E,N/A,N/A,24hr,N/A,TRUE,FALSE
Deep Pockets,Generic,"From now on, all your pockets, bags or objects that are meant to hold something will have a larger space than what they should realistically be capable of without encumbering you. The space inside each will become larger the higher your base stats get.",Passive,N/A,D,C,F,F,F,F,F,D,20,D,Time,Slow,N/A,N/A,FALSE,FALSE
Okami Bestiary,Okami,"Almost a curse, but not quite- pollution and negativity in your world now form into thematically appropriate demons straight from Okami and Japanese myth. Defeat them and their boss monsters in the area and regrow guardian saplings to purify the area and return both life and peace to the land.",World,N/A,B,C,B,D,B,E,C,A,276,B,Time,Slow,N/A,N/A,FALSE,FALSE
NSOLA Company,Haydee,"Somewhere in your world is a largely defunct company that specializes in creating mass produced sex bots either modeled after attractive celebrities, or left faceless and visibly robotic. Also, there are a lot of security bots, some of which have titties too. Take control and reactivate the facility to gain an army of big titty thicc bootied robot women.",World,N/A,C,D,D,D,D,F,C,D,45,D,Tinker,Slow,N/A,N/A,FALSE,TRUE
Mareth,Corruption of Champions,"Somewhere in your world there is a village named Ingnam, near which is a portal to the Demon Realm of Mareth- a world of corruption, lust, sex, mutation, magic, violence, and conflict. Entering is easy. Leaving is nearly impossible. Beware how long you stay. You may not want to return anyway.",World,N/A,A,C,C,C,C,B,A,B,340,B,N/A,N/A,N/A,N/A,FALSE,TRUE
Savarra,Corruption of Champions,"Somewhere in your world is a gateway to the world of Savarra- a whole plane and world of its own with empires, magic, gods, corruption, and marauding demons from Mareth- and all worlds connected to it. Take care how long you stay- you might not want to come back, even if given the chance.",World,N/A,A,C,C,C,C,B,A,B,340,B,N/A,N/A,N/A,N/A,FALSE,TRUE
United Galactic Confederacy,Trials in Tainted Space,"Your world is now just one new planet within the entire United Galactic Confederacy- though you don't exactly know it yet. Once you or your civilization reach the level of space travel, the entire galaxy and all its wonders, drugs, sex, weirdness, mutations, corruption, and weird mutant corruption sex drugs are at your fingertips.",World,N/A,A,C,C,C,SSS,B,A,B,"5,330",SS,N/A,N/A,N/A,N/A,FALSE,TRUE
H-Hell,HDOOM,"Hell is real, and it is horny as FUCK. It's still a demon invasion, but at least you get to fuck them instead of just getting ripped to pieces or tortured for eternity, right?",World,N/A,S,C,C,C,C,B,A,B,740,A,N/A,N/A,N/A,N/A,FALSE,TRUE
Alfheim,Youkoso! Sukebe Elf no Mori e,"Your world now has a hidden portal to Alfheim, a mystical forested land comprising only elves and dark elves, all of whom worship their great Holy Tree, which births new elves. Its power has been fading, though- either fix the tree's magic, or fuck every elf you see to repopulate the elven race and save them from extinction.",World,N/A,S,F,D,D,D,B,D,C,580,A,N/A,N/A,N/A,N/A,FALSE,TRUE
Bundle of Minecraft Food and Seeds,Minecraft,"A green leather bundle that contains one of each food, seed, plant and sapling in Minecraft. Their growth speed is the same in game, taking less than a week to fully grow (less if you are using compost/fertilizer or Bone meal), and guarantees you will always get more of it when you harvest.",Farmable,N/A,E,E,F,F,D,E,F,D,13,D,Time,Fast,N/A,N/A,TRUE,FALSE
Dark Mother,Angel Blade,"The evil organization Dark Mother appears in your world, ruled by the mysterious (and always lactating) Phantom Lady and her many sexy female minions and generals! Their goals are mysterious, evil, and usually involve a lot of women getting sexually assaulted. Fighting them as well are the Angels! Angel Blade, Angel Ender, and Angel Beretta, the mostly naked (extremely lesbian) heroines of justice, love, and flashing their holes for literally everyone to see! Pick a side and fight for the fate of the world! Or just one city's sexually attractive female population.",World,N/A,B,C,C,C,C,B,C,C,160,B,N/A,N/A,N/A,N/A,FALSE,TRUE
Anthro World,Generic,"Every human or sapient being in the world is now a thematically appropriate, usually quite sexually attractive and horny, anthropomorphic animal. Usually their own fursona, unless they didn't have one. The world is also way more sexually charged and open to public kink and sex as a result. You are the only one aware of the change. Try not to think too hard about the difference between an anthro cow lady and the beef at the supermarket.",World,N/A,B,D,D,D,D,D,D,D,85,C,N/A,N/A,N/A,N/A,FALSE,TRUE
Guardian Saplings,Okami,"Every time you purge a place of unholy, dark, evil, or negative entities, you receive one Guardian Sapling. Plant it and allow it space to grow, and it will prevent further incursions from such entities. It even clears up pollution and sickness.",Farmable,N/A,C,D,D,F,F,F,D,B,75,C,Time,Slow,N/A,N/A,TRUE,FALSE
Deckbuilder,Generic,"All of your gacha tickets now take the form of playing cards shuffled in random order at the start of each combat, allowing you to use ability combos faster and more easily than before, at the cost of randomness in your draw pattern. Standard deckbuilder rules apply during combat- discard pile, graveyard, draw pile, etc. The more tickets you get, the more cards you can play.",Passive,N/A,C,C,F,C,F,F,F,F,30,D,Ticket,Medium,N/A,N/A,FALSE,FALSE
Saibamen Pods,Dragon Ball,"A tube of Saibamen pods. When grown in high quality soil, they become far more powerful, even enough to rival beings capable of blowing up planets. These ones are modified to be slightly more intelligent and less likely to attack those that grow them.",Farmable,N/A,SS,F,SS,D,SS,F,SS,D,"4,010",S,Time,Slow,N/A,N/A,TRUE,FALSE
Monster Spawner,Minecraft,"A 1 cubic meter metal cage with faces decorating all six sides. When some kind of egg, juvenile, or other small creature is placed within, the spawner will light up with flames and begin creating fully grown duplicates of that creature en masse. Creatures must be less than 6x the size of the user. Once placed, it cannot be moved again. Killed duplicate creatures drop ""XP"" orbs that slowly rank up your stats as well as appropriate items for their type, ie sheep drop mutton and wool, cows drop beef, zombies drop rotten flesh, etc.",Farmable,N/A,C,F,C,F,D,F,D,C,40,D,N/A,N/A,N/A,N/A,TRUE,FALSE
Tech Tree: Gemtech,Steven Universe,"You can now recreate and, eventually, improve upon the technology of the Gem Empire provided you have the tools and materials. Ships, warp pads, buildings, weapons, etc.",Skill,N/A,SSS,A,S,B,SSS,D,C,B,"10,715",SSS,Tinker,Medium,N/A,N/A,FALSE,FALSE
Diamond,Steven Universe,"You are now a big, lesbian, probably gigantic rock with a hardlight body and all the challenges that come from being 20+ feet tall in a world of humans. At least you can sing, dance, and have demigod-like powers. Pick a color, try to be original about your Diamond powers.",Race,Female,SSS,S,B,D,C,A,D,SS,"6,670",SS,Train,Medium,N/A,N/A,FALSE,FALSE
Tech Tree: Spiral,Tengen Toppa Gurren Lagann,"You can recreate the technology of the spiral races- Gunmen of all sizes, city ships, moon sized robots capable of FTL, ships that can target the universe itself. Grants a spark of Spiral Energy. Cultivate it well, or you won't get anywhere. Your starting point is a single handheld digging drill, once used by a little boy in a hole.",Skill,N/A,EX,SSS,SSS,SSS,SSS,SSS,S,SSS,"40,500",SSS,Tinker,Medium,N/A,N/A,FALSE,FALSE
GTFO,Generic,"You are smart enough to know when you're not built for a situation, and when your plot armor is paper thin. You have an easier time running from fights.",Skill,N/A,E,F,F,D,D,F,F,F,11,D,Train,Medium,N/A,N/A,FALSE,FALSE
Me and My Crew,Generic,"In any situation in which you are outnumbered you may call for your crew. Upon doing so a number of generic thugs, themed after yourself and fitting your preferences, will step out of any available cover until you now outnumber your enemy. These crew members have no special powers, but scale between half to three quarters of your own physical ability. They may carry simple melee weapons, which they can use to similar scaling to your own skill.",Ability,N/A,E,F,E,E,E,D,F,F,9,E,N/A,N/A,N/A,N/A,FALSE,FALSE
1v1 Me,Generic,"One single opponent and yourself are sent to an alternate dimension completely separate and unassailable from the outside. Once there you will continue whatever challenge is happening completely free of any interference. The dimension will supply all necessary objects, but these objects cannot be removed from the area. Bar completed products, should they need to be judged by a separate party as part of the challenge.",Ability,N/A,C,F,F,F,F,F,F,F,10,D,N/A,N/A,N/A,N/A,FALSE,FALSE
Bakudan Transformation,Scaler,"This allows you to transform into a Bakudan. Short, stubby legs, horns shaped like hooks, and the ability to create balls of explosives, these little guys pack a mean punch, but not much else. It'll take a lot of creativity to make good use of this form.",Ability,N/A,D,F,D,F,F,F,E,F,11,D,Train,Slow,N/A,N/A,FALSE,FALSE
Signature Weapon,Generic,"You have a signature weapon! This weapon can be anything you want, from a pair of knuckle dusters to an orbital kill sat, and everybody knows its yours. If it shows up, everybody will be convinced that you had a hand in it, regardless of the truth. You innately know how to make it, repair it, and care for it. It isn't immune to being destroyed, but you will quickly find yourself obtaining just enough resources to remake it and are incapable of using those resources for anything else.",Passive,N/A,F,F,C,F,F,F,F,F,10,D,N/A,N/A,N/A,N/A,FALSE,FALSE
Krock Transformation,Scaler,"This allows you to transform into a Krock, an armored lizard creature that can roll itself into a spiked ball to gain momentum. This momentum can build up hard enough to strike through walls, and if you can find yourself on two rails, you can increase your speed even further. Very defensive, but the offense is lacking.",Ability,N/A,D,F,C,F,C,F,E,F,26,D,Train,Slow,N/A,N/A,FALSE,FALSE
"No Kings, No Gods, No Masters",Generic,"You cannot be held to any agreement, bound in any manner, or otherwise be forced to accept the words or actions of another. This doesn't prevent you from getting harmed or temporarily imprisoned, but you'll always get out eventually. Even the one true God couldn't keep you trapped or force you to do anything. You can still sign contracts, they just don't mean anything to you.",Passive,N/A,C,F,F,F,F,C,F,F,20,D,N/A,N/A,N/A,N/A,FALSE,FALSE
Videogame Healing,Video Games,"Allows you to eat food to actively heal your body from any damage you've taken. Doesn't fix limbs, but does fix stabs or blunt force trauma.",Passive,N/A,C,F,F,F,F,F,E,F,11,D,Train,Snail,N/A,N/A,FALSE,FALSE
Shaman,Shaman King,"To be a Shaman requires many things, but the most important of all is Furyoku. Through Furyoku, you may follow at least one of the Schools of Shaman training, gaining the ability to commune with long dead spirits as the bridge between the human world, and the world of Gods and Spirits. Oversouls, Shikigami, Necromancy, Witch arts. These and more are all possible.",Passive,N/A,A,E,B,C,C,B,E,S,722,A,Train,Medium,N/A,N/A,FALSE,FALSE
Inkling/Octoling,Splatoon,"You are now entirely composed of ink. Your base form is that of a squid or octopus, but you can transform into a humanoid form. Naturally generate ink, which is venomous, and can be used to paint things or create objects and weapons with training. You can fit through incredibly small spaces and submerge yourself in ink, which significantly increases your natural ink generation and rapidly heals you. Falling into enough water will kill you, anything pool sized or larger.",Race,N/A,E,E,D,F,E,C,C,F,28,D,Train,Fast,N/A,N/A,FALSE,FALSE
Rave Blooded,Generic,"All of your bodily fluids are now neon colored, UV reactive, and glow in the dark. This has no effect on your health or biology beyond the cosmetic. You may chose colors when you roll this, but the choice is permanent. ",Passive,N/A,E,E,F,F,F,F,E,F,3,F,N/A,N/A,N/A,N/A,FALSE,FALSE
A Magic Top Hat,Generic,"A magical top hand. When you reach your hand inside you can pull out anyone or anything you know the exact location of, so long as it isn't too large. This does not give you the strength to actually pull them through the hat, just the opportunity.",Arsenal,N/A,C,D,F,F,E,F,F,D,21,D,N/A,N/A,N/A,8hr,TRUE,FALSE
Blue Noah,Space Battleship Yamato,"A 450m long flagship and migratory spaceship with a full complement of weaponry, fighters, and other resources needed to fly a long expedition. Resides in a pocket space until removed, at which point it can no longer be recalled. Being removed on a planet will put it in a safe orbit above such planet and place a landing craft in the nearest free space that can auto pilot you into the ship.",Vehicle,N/A,A,C,SS,C,SSS,C,F,A,"6,230",SS,Tinker,Medium,N/A,24hr,TRUE,FALSE
Love Conquers All,Generic,"The more intense the bond of trust, friendship, and love between you and your companions, the stronger you both are. Starts small, but can achieve the impossible so long as you believe you can do so. Also makes you capable of concieving children together, regardless of potential impossiblity.",Passive,N/A,C,F,D,D,D,D,F,F,30,D,Trust,Medium,N/A,N/A,FALSE,FALSE
The Penetrator,Saints Row,An exceptionally large dildo with a handle. Useful as a baseball bat. It wiggles menacingly.,Arsenal,N/A,F,D,D,F,F,D,F,D,20,D,N/A,N/A,N/A,24hr,TRUE,TRUE
Junko Enoshima,Danganropa,"The Ultimate Despair. An extremely perceptive and intelligent teenager capable of enacting an apoctalyptic scenario with nothing but the two aforementioned skills. Consistently bored with people, being capable of figuring out how someone will react in most any circumstance- bar when in despair. Completely fetishizes the emotion as a result, both wanting to feel it and have others feel it. To the point of self-sabotage. Otherwise often switches her personaliy and presentation as the mood suits her and she gets bored with her current one. Will react positively to being told how she died in her world.",Familiar,Female,F,C,E,S,E,C,F,B,572,A,Trust,Slow,N/A,N/A,FALSE,FALSE
Tech Tree: Minecraft Create,Modded Minecraft,"Gain access to the tech tree as given in the ""Create"" mod. Including all add-ons, such as aeronautics, estrogen, and etc. Automatically comes with a wrench, a set of cog wheels, some casings, and some shafts.",Skill,N/A,E,E,D,D,C,D,E,E,29,D,Tinker,Fast,N/A,N/A,FALSE,FALSE
Tech Tree: The Hunter's Workshop,Bloodborne,"Beasts are for hunting, and now you have the tech to do it. Gain access to the technology and inventions of the Hunter's Workship, primarily featuring trick weapons. Uses a lot of blood and equally allows refining your own blood into an injected regenerative supplement.",Skill,N/A,C,D,C,C,D,C,D,B,105,B,Tinker,Medium,N/A,N/A,FALSE,FALSE
Gravity Falls Anomalies,Gravity Falls,"The world is now a much more interesting place. No matter where you are, legends, rumors, and other oddities will exist. Some are fake, but a lot more are real. Be careful, and never trust a triangle.",World,N/A,B,B,D,D,D,D,D,B,175,B,Time,Fast,N/A,N/A,FALSE,FALSE
White Monster Seeds,Generic,"A few curious seeds that, when planted, will grow into a single can of white Monster. Altering the seeds will make other types of Monster grow. More seeds can be obtained by letting the Monster grown by this seed bloom.",Farmable,N/A,E,F,F,E,F,F,E,F,3,F,N/A,N/A,N/A,1hr,TRUE,FALSE
Neti Transformation,Star Wars,"Become as tree. The Neti are a species of shapeshifting sentient plants that by default look like trees. You may survive through photosynthesis and water and can alter your size and shape at will, though you will always have bark for skin and a number of thin, branching arms. Lifespan is measured in thousands of years. You are Force Sensitive, and can train this into abilities such as mind reading, emotion reading, seeing the future (immediate or long term), manipulating or pushing things from a distance, and more.",Race,N/A,C,C,C,D,C,D,D,C,65,C,Train,Medium,N/A,N/A,FALSE,FALSE
Neko Arc Transformation,FATE,"You are now a short catgirl creature. As a comedic character, you are nearly indestructible and possess a wide range of powers including eye beams and fire breathing. Your voice is also squeaky and you have an irresistible urge to add 'nya' into your speech. As a bonus, the cafe Ahnenerbe will appear in the world, a place where parallel worlds converge. It's strawberry pie is considered unmatched.",Race,Female,D,B,D,D,D,E,F,E,72,C,Time,Slow,N/A,N/A,FALSE,FALSE
Affini,Human Domestication Guide,"You become an Affini, a biologically immortal alien plant being with some shapeshifting capability and incredibly enhanced multitasking. Also you can graft any plant to your body and synthesize drugs within your tissues as well. Increases compassion and desire to tentacle-fuck a drugged up transgender puppygirl. No, that is not a joke.",Race,Other,D,B,D,B,D,B,C,E,176,B,Train,Snail,N/A,N/A,FALSE,TRUE
Lens of Truth,Legend of Zelda,"A magical artifact resembling a purple magnifying glass with three prongs along the top, the Lens of Truth will allow the user to see perfectly through all illusions and reveal the invisible. Using the Lens will slowly drain energy.",Arsenal,N/A,D,E,F,E,F,F,F,E,8,E,N/A,N/A,N/A,N/A,TRUE,FALSE
Gerudo Mask,Legend of Zelda,"A carved and painted wooden mask depicting a Gerudo warrior. When worn the mask will fuse with the wearer's face and transform them into a Gerudo, an all female race of exceptionally tall amazons. The wearer can easily remove mask at any time.",Wearable,Female,E,E,E,F,E,E,F,E,6,E,N/A,N/A,N/A,8hr,TRUE,FALSE
Goron Mask,Legend of Zelda,"A carved and painted wooden mask depicting a Goron. When worn the mask will fuse with the wearer's face and transform them into a Goron, a race of strong and friendly rock eaters. The wearer can easily remove mask at any time.",Wearable,Nonbinary,E,E,C,F,C,E,F,E,24,D,N/A,N/A,N/A,8hr,TRUE,FALSE
Zora Mask,Legend of Zelda,"A carved and painted wooden mask depicting a Zora. When worn the mask will fuse with the wearer's face and transform them into a Zora, an amphibious race of fish people. The wearer can easily remove mask at any time.",Wearable,N/A,E,E,E,F,D,D,E,E,15,D,N/A,N/A,N/A,8hr,TRUE,FALSE
Rito Mask,Legend of Zelda,"A carved and painted wooden mask depicting a Rito. When worn the mask will fuse with the wearer's face and transform them into a Rito, a race of flying bird people. The wearer can easily remove mask at any time.",Wearable,N/A,E,E,E,F,D,E,F,E,10,D,N/A,N/A,N/A,8hr,TRUE,FALSE
Deku Mask,Legend of Zelda,"A carved and painted wooden mask depicting a Deku Scrub. When worn the mask will fuse with the wearer's face and transform them into a Deku Scrub, a small humanoid plant able to spit nuts from their mouth. The wearer can easily remove mask at any time.",Wearable,N/A,D,E,E,F,E,E,F,E,10,D,N/A,N/A,N/A,8hr,TRUE,FALSE
Pacifier of Serentiy,Generic,"A plastic pacifier sized for an adult. When suckled upon, it will cause a calming feeling of mindless serenity to infuse the user, dispelling all fears and anxieties.",Wearable,N/A,E,E,F,E,F,E,F,E,5,E,N/A,N/A,N/A,8hr,TRUE,FALSE
Four Sword,Legend of Zelda,"A magic sword, that when drawn will split the wielder into four aspects of themselves. The aspects can act independently, but still maintain the goals and drives as the original. The aspects can fuse back together by all sheathing the sword.",Wearable,N/A,D,E,E,E,E,D,E,D,20,D,N/A,N/A,N/A,8hr,TRUE,FALSE
Slime Core,Generic,"Generate a Slime Core, the central (and only) organ of a slime. Your body melts, turning entirely into slime. You may choose what color/s you have as well as whether or not you have simple patterns. Gain the ability to alter your entire body and grow bigger when intaking water. So long as your core is not damaged, you cannot be injured by anything which targets your physical body. The interior of your body is highly acidic, though you can turn that off, and you can consume anything. Also you're biologically immortal, don't need to breathe, and float on water.",Race,N/A,D,F,E,F,E,F,C,E,18,D,Time,Medium,N/A,N/A,FALSE,FALSE
Vorpan,Dead Cells,An unbreakable frying pan. Still a good cooking utensil. Hits really hard.,Arsenal,N/A,E,F,D,F,F,F,F,F,6,E,N/A,N/A,N/A,N/A,TRUE,FALSE
Feline Attachment,Generic,"A cat tail buttplug. When worn properly, increases reflexes, agility, dexterity, and acrobatics. Reduces fall damage. Use lube.",Wearable,N/A,E,F,F,F,D,E,F,F,7,E,N/A,N/A,N/A,N/A,TRUE,TRUE
Prayer Beads,Flashgitz,"These Prayer Beads signify your devotion, granting you increased holy power, and even an adjustment to your temper. You could reach Nirvana, provided you channeled your chakras to the right place, and yanked them out like you were ripstarting a lawn mower.",Wearable,N/A,C,F,D,C,F,E,F,E,27,D,N/A,N/A,N/A,N/A,TRUE,TRUE
Blessed Peach Tree,Chinese Mythology,"A magic peach tree. Every part of it is warded against evil, curses, and demons. A sword made from its wood could kill a ghost or a demon like steel through flesh. You receive one tree and 5 saplings.",Farmable,N/A,D,D,F,F,F,E,F,D,16,D,Time,Slow,N/A,N/A,TRUE,FALSE
Beginner Shooting,Generic,"You shoot guns as good as the average soldier. You improve faster with training, though.",Skill,N/A,E,F,E,E,F,F,F,E,4,F,Train,Slow,N/A,N/A,FALSE,FALSE
Beginner Physics,Generic,You can do physics as well as a physics grad student. Mostly good for lab work.,Skill,N/A,E,F,F,E,F,F,F,E,3,F,Train,Slow,N/A,N/A,FALSE,FALSE
Beginner Management,Generic,You can manage your time and schedule enough that you could get a job as a secretary.,Skill,N/A,E,F,F,E,F,F,F,E,3,F,Train,Slow,N/A,N/A,FALSE,FALSE
Nimble,Generic,You have moderately increased reflexes and speed,Passive,N/A,E,F,F,D,D,F,F,F,11,D,Train,Medium,N/A,N/A,FALSE,FALSE
Free Flier,Generic,Flying becomes instinctual. Flying abilities are more efficient. Does not actually grant flight. Sorry.,Passive,N/A,E,F,F,D,D,F,F,F,11,D,Train,Medium,N/A,N/A,FALSE,FALSE
Charming Eyes,Generic,"Your eyes are now very, very pretty. Does not actually make them magical.",Passive,N/A,F,F,F,F,F,D,F,F,5,E,N/A,N/A,N/A,N/A,FALSE,FALSE
Chill,Generic,Create and control ice with enough precision to make ice cubes or ice knives.,Ability,N/A,E,F,D,F,F,E,F,F,7,E,Train,Medium,N/A,N/A,FALSE,FALSE
Illumination,Generic,Conjure and control multiple bright light points. Consume more energy to make the lights semi-permanent,Ability,N/A,D,E,F,F,F,E,F,F,7,E,Train,Medium,N/A,N/A,FALSE,FALSE
Four Arms,Generic,"You now have four arms, obviously. You can control the new ones like you've always had them.",Passive,N/A,E,F,D,F,D,E,E,F,13,D,Train,Medium,N/A,N/A,FALSE,FALSE
Diagnosis,Generic,Receive detailed information about a target on touch,Ability,N/A,E,F,F,D,F,F,F,F,6,E,Train,Medium,N/A,N/A,FALSE,FALSE
Slippery Skin,Generic,"You have abnormally slippery skin, like you're constantly coated in oil without being oily. Makes you hard to grab.",Passive,N/A,E,F,F,F,D,F,D,F,11,D,N/A,N/A,N/A,N/A,FALSE,FALSE
Frisking Glance,Generic,"Anyone you look at, you know their full inventory, what they're wearing, and what's on their body. Also, you know the approximate value of each item.",Ability,N/A,D,F,F,D,F,F,F,F,10,D,Train,Medium,N/A,N/A,FALSE,FALSE
Dream Mirror,Generic,View the dreams of anyone in your sensory range. You can influence them by whispering in their ears.,Ability,N/A,D,D,F,D,F,F,F,F,15,D,Train,Medium,N/A,N/A,FALSE,FALSE
Harvest's Bounty,Generic,"Create delicious fruits, vegetables, and other harvestable crops by spending energy",Ability,N/A,D,E,F,F,F,E,F,D,12,D,Train,Medium,N/A,N/A,FALSE,FALSE
Tech Tree: Mundane Vehicles,Generic,"You can make, modify, and design any mundane level of vehicle at current world's tech progression",Skill,N/A,E,F,F,D,D,F,F,F,11,D,Train,Medium,N/A,N/A,FALSE,FALSE
Hustle,Yomi Hustle,"Perform a gesture or action lasting longer than half a second to recover energy and stamina. Can only be done in combat. The longer the action, the better the results. Aggravation equals effectiveness.",Ability,N/A,D,D,D,D,D,D,F,F,30,D,Train,Medium,N/A,N/A,FALSE,FALSE
Moonless,Fear and Hunger,"A massive, mutated, four eyed wolf larger than a tank, capable of swallowing a grown man in one bite.",Familiar,Female,D,F,D,E,D,E,D,D,27,D,Trust,Medium,N/A,N/A,FALSE,FALSE
Schrodinger's Cat,Generic,"A cat that teleports freely and cannot stay dead. Like the nazi catboy, but less problematic. And less useful.",Familiar,Female,D,F,F,F,D,F,D,D,20,D,Trust,Medium,N/A,N/A,FALSE,FALSE
Dogmeat,Fallout,"A seemingly immortal Dog that appears all around Post Apocalypse America, Dogmeat is a German Shephard, a very loyal friend, and a very good boy. Treat him well.",Familiar,Male,D,E,D,E,D,C,E,C,38,D,Trust,Medium,N/A,N/A,FALSE,FALSE
Cathyl,Monster Musume,"A minotaur lady with huge tits, big biceps, and a 7'7"" tall frame. She's ridiculously strong, resistant to moderate heat, and lactates a lot. She's quite emotional and bad with names.",Familiar,Female,D,E,D,E,D,C,D,D,37,D,Trust,Medium,N/A,N/A,FALSE,TRUE
Insti-gator,Generic,An alligator specialized in provocation and starting conflicts. Really good at enraging entire crowds with words alone.,Familiar,Other,E,D,D,E,D,F,E,E,19,D,Trust,Medium,N/A,N/A,FALSE,FALSE
Coco Jumbo,JoJo's Bizarre Adventure,"An otherwise normal tortoise with the Stand ""Mr. President"", allowing anyone to access a room inside its shell with the right key. The room is pre-furnished and has a functional living space, but you must bring in your own food and equipment.",Familiar,Male,D,F,F,F,F,F,E,F,6,E,Trust,Medium,N/A,N/A,FALSE,FALSE
Butcher's Bag of Infinite Meat,Generic,A bag of effectively endless fresh meat. You can take 100kg of any normal animal meat from the bag every 24 hours. Reach inside and grab it. Try not to think of where it comes from.,Consumable,N/A,D,E,F,F,F,F,F,F,6,E,N/A,N/A,24hr,24hr,TRUE,FALSE
Magic Scroll of Blizzard,Generic,Invoke the scroll to call a 1km wide blizzard centered on you. Lasts 30 minutes. Does not affect you or allies.,Consumable,N/A,C,F,D,F,C,F,F,E,26,D,N/A,N/A,8hr,Auto,TRUE,FALSE
Liquor Spring,HunterxHunter,An ornate fountain/spring that flows perpetually. Any water taken from the spring turns into a high quality liquor of your choice after 1 hour. Returning the booze to the fountain resets it to water again.,Novelty,N/A,E,E,F,F,F,E,F,D,8,E,N/A,N/A,N/A,24hr,TRUE,FALSE
Blue Moon,Terraria,"Retrieved from the Dungeon after the defeat of the Guardian, this Flail can extend far further then it should, and hits quite hard, hard enough to dent metal, crush stone, and shatter metal. Used correctly, it could be a powerful tool, but used incorrectly, and it's you who shall be the fool.",Arsenal,N/A,D,F,C,F,D,F,F,F,20,D,Train,Slow,N/A,N/A,TRUE,FALSE
Tozama,Jujutsu Kaisen,"Tozama, or Slaughter Demon, is a Cursed Tool, containing enough Cursed Energy that even a non-Jujutsu Sorcerer could use it to Exorcise a Cursed Spirit. Though basic, it is a reasonably useful weapon, both for a novice or a skilled wielder.",Arsenal,N/A,D,F,D,F,D,F,F,E,16,D,N/A,N/A,N/A,N/A,TRUE,FALSE
Threaded Cane,Bloodborne,"One of the Trick Weapons of the Hunter's Workshop, used to fulfil a Hunter's duties. It can stay locked together as a rigid bladed cane, or seperate into a whip covered in serrated blades. You could keep it untransformed, and simply flog your enemies to death in an act of ceremony. But finery must not be kept in place of survival.",Arsenal,N/A,E,F,D,E,F,F,F,F,7,E,Tinker,Medium,N/A,N/A,TRUE,FALSE
Speed Cola,Call of Duty,A can of soda that increases dexterity for one hour. Does not stack. You must drink the whole can. Do not drink more than 3 different buffing drinks at once. You will die.,Consumable,N/A,E,F,F,E,D,F,E,F,8,E,N/A,N/A,24hr,N/A,TRUE,FALSE
Skippy,Cyberpunk 2077,"A smart automatic handgun capable of firing homing shots. Also comes with an onboard AI that can and will judge you. He's a bit annoying, but means well. 5 magazines to start.",Arsenal,N/A,D,F,D,D,F,E,F,E,17,D,Tinker,Medium,24hr,Manual,TRUE,FALSE
Earring of Hearing,Generic,Clip on earrings that boost hearing to the level of a barn owl,Wearable,N/A,E,F,F,D,F,F,F,F,6,E,N/A,N/A,N/A,Manual,TRUE,FALSE
Nichirin Ingots,Demon Slayer,"3 ingots, 5kg each. Nichirin has absorbed sunlight and is super effective against all things weak to the sun. Amplifies heat and fire based abilities. Can be superheated without deforming.",Consumable,N/A,D,D,D,F,F,F,F,F,15,D,Tinker,Medium,1wk,Manual,TRUE,FALSE
Cipher Pata,Elden Ring,A pair of wrist mounted blades made entirely of ciphers of light. Scales with maximum energy level. Unblockable by physical objects. Deals holy damage.,Arsenal,N/A,D,D,D,D,F,F,F,D,25,D,Time,Medium,N/A,Manual,TRUE,FALSE
Beginner Blacksmithing,Generic,You can make any basic weapon and tool in a forge (with dubious quality). You can accurately gauge the quality of any metalwork you have in person.,Skill,N/A,E,F,F,E,F,E,F,F,3,F,Train,Slow,N/A,N/A,FALSE,FALSE
Stylist,Generic,"You're a damn good hairstylist, enough to get a job working for celebrities and the 1%. It's second nature at this point.",Skill,N/A,E,F,F,D,F,E,F,E,8,E,Train,Medium,N/A,N/A,FALSE,FALSE
Durable,Generic,Passively increases all physical defenses slightly,Passive,N/A,D,F,D,F,F,F,F,F,10,D,Train,Medium,N/A,N/A,FALSE,FALSE
Chronolog,Generic,You have a perfect internal clock down to the millisecond with perfect timing and memory for dates.,Passive,N/A,D,F,F,D,F,F,F,F,10,D,Train,Medium,N/A,N/A,FALSE,FALSE
Flexible,Generic,You are more flexible than an expert contortionist.,Passive,N/A,D,F,F,E,D,F,E,F,12,D,Train,Medium,N/A,N/A,FALSE,FALSE
Heat Object,Generic,"Heat up any object by touching it. The more energy you put in, the faster it heats up, and the more it heats up.",Ability,N/A,D,F,D,F,F,F,F,F,10,D,Train,Medium,N/A,N/A,FALSE,FALSE
Sand Veil,Generic,Create a sandstorm around yourself that hides your location and presence. You can see out of it fine.,Ability,N/A,D,D,F,D,F,F,F,F,15,D,Train,Medium,N/A,N/A,FALSE,FALSE
Shadow Dart,Generic,Create and fire silent shadow darts with bullet-like force,Ability,N/A,D,F,D,F,D,F,F,F,15,D,Train,Medium,N/A,N/A,FALSE,FALSE
Flash Grenade,Generic,Create balls of light that act as flashbangs. Extra painful for dark-aligned enemies,Ability,N/A,D,D,F,F,F,F,F,F,10,D,Train,Medium,N/A,N/A,FALSE,FALSE
Blood Manipulation,Jujutsu Kaisen,"Ultra fine control over your own blood- pressurized bursts, guided arrows, knives, bullets, etc. You can only create more blood by having a physiology that converts energy to blood. Be careful not to die of blood loss.",Ability,N/A,C,D,D,D,D,F,D,D,40,D,Train,Medium,N/A,N/A,FALSE,FALSE
Super Jump,Generic,Jump super high and super far at will. Leap tall buildings and such. You are also passively immune to fall damage.,Ability,N/A,D,F,F,F,C,F,D,F,20,D,Train,Medium,N/A,N/A,FALSE,FALSE
Route,Generic,"If you know the location or address of where you want to go, you can see a line guiding you there",Ability,N/A,D,F,F,D,F,F,F,F,10,D,Train,Medium,N/A,N/A,FALSE,FALSE
Stone Skin,Generic,Cover your skin in a stone-like layer to increase durability and mass,Ability,N/A,D,F,D,F,F,F,F,F,10,D,Train,Medium,N/A,N/A,FALSE,FALSE
Tech Tree: Basic Augments,Generic,"Design, modify, and create technology based around augments and implants. At this level, you're limited mostly to medical grade implants at best.",Skill,N/A,D,F,D,D,F,F,F,F,15,D,Train,Medium,N/A,N/A,FALSE,FALSE
Tech Tree: Basic Defense,Generic,"Design, modify, and create technology based around physical defenses and shields. At this level, you're limited mostly to mundane barriers and bulletproof glass at best.",Skill,N/A,D,F,D,E,F,F,F,F,11,D,Train,Medium,N/A,N/A,FALSE,FALSE
Truth Assertion,Generic,"Allows you to make others think what you're saying is true. While active, you also cannot speak with intent to lie or deceive. Manifests as a glowing white choker.",Ability,N/A,D,D,F,F,F,D,F,E,16,D,Train,Medium,N/A,N/A,FALSE,FALSE
Anchor Point,Generic,"Put a mark at your feet. While the mark is active, you can teleport back to that mark anytime. The further you go, the more energy it takes. Only one at a time.",Ability,N/A,D,F,F,F,B,F,F,F,55,C,Train,Medium,N/A,N/A,FALSE,FALSE
Trial,Generic,"View people in grayscale according to your morality- the darker the shade, the less moral they are by your own reckoning.",Ability,N/A,D,D,F,D,F,F,F,F,15,D,Train,Medium,N/A,N/A,FALSE,FALSE
Condor Candle,Deadman Wonderland,Expend health and energy to remotely detonate your blood into a conflagration. More vitality means more fire and force.,Ability,N/A,C,F,D,F,F,F,C,F,25,D,Train,Medium,N/A,N/A,FALSE,FALSE
Deathclaw Pair,Fallout,"A pair of Alpha Deathclaws that, somehow, listen to you. They are a breeding pair. They're also incredibly strong and absorb radiation.",Familiar,Other,C,F,C,E,C,D,B,F,86,C,Trust,Medium,N/A,N/A,FALSE,FALSE
Clothes Melting Slime,Generic,"A gray slime creature that melts all things referred to as clothes. The more clothes melted, the stronger it gets. The Apex Predator of all clothing.",Familiar,Other,D,E,D,F,F,D,F,F,16,D,Trust,Medium,N/A,N/A,FALSE,FALSE
Yes Man,Fallout,A reprogrammed Securitron capable of interfacing with tech and writing code. Armed with its own guns. Incapable of telling you no.,Familiar,Male,D,F,D,D,D,D,F,F,25,D,Trust,Medium,N/A,N/A,FALSE,FALSE
Connor,Detroit: Become Human,"An android sent by Cyberlife. Strong, competent, really good at detective work, odd habit of licking things. May go rogue when under high stress.",Familiar,Male,D,F,D,D,D,D,F,F,25,D,Trust,Medium,N/A,N/A,FALSE,FALSE
B-2 Super Battle Droids,Star Wars,"The workhorse of the Clone Wars. Big, heavy, huge, strong, deadly. Armed with wrist blasters on both forearms. Start with 4, summon more as time goes on.",Familiar,Other,C,F,C,E,D,C,F,C,46,D,Time,Medium,N/A,Auto,TRUE,FALSE
Junimo,Stardew Valley,"The apple shaped keepers of the forest. Supernaturally good at maintaining wilderness, forests, and farms. Start with 50, increases over time.",Familiar,N/A,C,F,F,E,E,F,E,D,18,D,Time,Medium,N/A,N/A,FALSE,FALSE
Wardrobe of Mending,Generic,A wardrobe of fancy clothes that suit your tastes. Mends clothes automatically when not worn for 24 hours.,Wearable,N/A,D,F,F,F,F,E,F,F,6,E,N/A,N/A,N/A,8hr,TRUE,FALSE
Pitcher of Eternal Water,HunterxHunter,A pitcher that can pour out an endless amount of clean drinking water.,Novelty,N/A,E,F,F,F,F,F,F,E,2,F,N/A,N/A,N/A,8hr,TRUE,FALSE
Fairy Powder,Black Souls,Inhale the powder to instantly be put into a deep sleep. Injury wakes the inhaler up instantly. Does not work on stronger foes.,Arsenal,N/A,D,E,F,F,F,F,F,F,6,E,N/A,N/A,24hr,8hr,TRUE,FALSE
Durable Baseball Bat,Generic,It'd take a nuke to deform this baseball bat.,Arsenal,N/A,E,F,C,F,F,F,F,F,11,D,N/A,N/A,N/A,8hr,TRUE,FALSE
Costume Wardrobe,Generic,"An infinite wardrobe full of any normal clothes you desire. Nothing too expensive or heavy, sorry! 50 outfits can be removed per day.",Wearable,N/A,E,F,F,F,F,D,F,F,6,E,N/A,N/A,24hr,8hr,TRUE,FALSE
Justice's Shades,Helltaker,Really cool shades that detect when someone believes they're lying to you.,Wearable,N/A,E,F,F,D,F,D,F,F,11,D,N/A,N/A,N/A,8hr,TRUE,FALSE
Stamin-Up,Call of Duty,A can of soda that increases stamina for one hour. Tastes really sour. Does not stack. You must drink the whole can. Do not drink more than 3 different buffing drinks at once. You will die.,Consumable,N/A,E,F,D,E,F,F,E,F,8,E,N/A,N/A,24hr,N/A,TRUE,FALSE
Falcon's Eye,Xiaolin Showdown,"A Shen Gong Wu monocle shaped like a falcon's head. Grants super vision: X-ray, far sight, and dark sight all at once.",Arsenal,N/A,D,F,F,D,F,F,F,C,20,D,N/A,N/A,N/A,Manual,TRUE,FALSE
Chekov's Gun,Generic,An M1 Garand that always shows up right when you need it and it ends up being useful. Can be modified without losing properties. Always shows up pristine and fully loaded.,Arsenal,N/A,D,E,D,F,E,F,F,F,12,D,Tinker,Medium,N/A,8hr,TRUE,FALSE
Hawk Glasses,Generic,Regular glasses that grant the metaphorical visual acuity of a hawk,Wearable,N/A,E,F,F,D,F,E,F,F,7,E,N/A,N/A,N/A,8hr,TRUE,FALSE
Hound Collar,Generic,A red dog collar that enhances olfactory abilities to bloodhound-like levels,Wearable,N/A,E,E,F,D,F,F,F,F,7,E,N/A,N/A,N/A,8hr,TRUE,FALSE
Brace of Exploding Tags,Naruto,"A leather pouch containing 50 explosive tags. Each one goes off like a hunk of C4, enough to bust through walls and injure or kill enemy combatants from up to 15 feet away. Imbue with energy, then throw or set on a surface and RUN. Can be remote detonated with practice.",Arsenal,N/A,C,D,C,F,F,F,F,F,25,D,Train,Medium,1wk,8hr,TRUE,FALSE
Black Bow of Pharis,Dark Souls,"A bow once belonging to the Heroic Archer Pharis. Has a very long range, and slightly guides your own aim. Comes with 30 arrows.",Arsenal,N/A,D,F,C,E,F,F,F,C,26,D,Train,Medium,24hr,8hr,TRUE,FALSE
Holy Hand Grenade of Antioch,Monty Python,"O Lord, bless this thy hand grenade, that with it thou mayst blow thine enemies to bits, in thy mercy. Take out the Holy pin, count to three, then throw. Will snuff out thine foes who are naughty in God's sight with 1 kiloton of force.",Arsenal,N/A,C,C,C,F,F,C,F,B,90,C,N/A,N/A,1wk,8hr,TRUE,FALSE
Gag of Silence,Generic,A ball gag that silences all noises produced by the wearer. Good for spies and ninja. Still humiliating.,Wearable,N/A,D,D,F,F,D,F,F,F,15,D,N/A,N/A,N/A,8hr,TRUE,TRUE
Green Spandex,Naruto,A green spandex suit that harnesses the power of YOUTH! Proudly wear it to gain extra bonuses to physical training and stamina recovery.,Wearable,N/A,D,F,D,D,D,D,F,C,35,D,N/A,N/A,N/A,Manual,TRUE,FALSE
Physician's Ring,Generic,A platinum ring with a pink diamond. Increases comprehension and dexterity in all medical matters.,Wearable,N/A,D,F,F,D,F,F,F,F,10,D,N/A,N/A,N/A,8hr,TRUE,FALSE
Youmu Konpaku Fumo,Touhou Project,Rub the fumo against a sword to bless it with sharpness and anti-spirit properties,Novelty,N/A,D,D,D,F,F,E,F,F,16,D,N/A,N/A,N/A,Manual,TRUE,FALSE
Fujiwara no Mokou Fumo,Touhou Project,"A fumo that never stays damaged, repairing itself instantly no matter what. Rub it against stuff to set that stuff on fire.",Novelty,N/A,C,D,D,F,F,E,F,F,21,D,N/A,N/A,N/A,Manual,TRUE,FALSE
Apprentice Driving,Generic,"You can drive anything with a fair amount of skill, from cars to planes to boats",Skill,N/A,E,F,F,D,F,F,F,F,6,E,Train,Medium,N/A,N/A,FALSE,FALSE
Beginner Teaching,Generic,You just got your teaching degree! Good luck getting your students to engage.,Skill,N/A,E,E,F,E,F,E,F,F,4,F,Train,Slow,N/A,N/A,FALSE,FALSE
Beginner Polearm Mastery,Generic,"You can use any polearm with decent effectiveness, but anyone who knows how to fight with one will beat you",Skill,N/A,E,F,E,E,F,F,F,E,4,F,Train,Slow,N/A,N/A,FALSE,FALSE
Beginner Savoir Faire,Generic,You're more graceful and know how to dance properly now. You can fall with grace and dignity.,Skill,N/A,E,F,F,E,E,F,F,E,4,F,Train,Slow,N/A,N/A,FALSE,FALSE
Mixology,Generic,"You're a damn good bartender and mixologist, good enough to get hired anywhere at a mundane level of skill. Still not as cool as that one japanese guy, though.",Skill,N/A,E,F,F,E,E,E,F,E,5,E,Train,Medium,N/A,N/A,FALSE,FALSE
Architecture,Generic,You're damn good at architecture to the point of designing entire cities aesthetically. Engineers hate you.,Skill,N/A,E,F,F,E,F,E,F,E,4,F,N/A,N/A,N/A,N/A,FALSE,FALSE
Kidnapping,Generic,You're damn good at kidnapping people for... some... reason...?,Skill,N/A,E,E,E,E,E,F,F,F,5,E,N/A,N/A,N/A,N/A,FALSE,FALSE
Strong,Generic,You have slightly increased passive strength. Grows over time and applies to all strength buffs.,Passive,N/A,D,F,D,F,F,F,F,F,10,D,Train,Medium,N/A,N/A,FALSE,FALSE
Child Friendly,Generic,The opposite of the NSFW tag. Keeps everything around you PG-13 and hides the worst of reality from sight. Mostly your junk.,Passive,N/A,D,D,F,F,F,D,F,D,20,D,N/A,N/A,N/A,N/A,FALSE,FALSE
Paper Trail,Generic,You always have your relevant papers and ID with you for whatever situation you're in. Extends to all allies when in the same group.,Passive,N/A,D,D,F,D,F,D,F,D,25,D,N/A,N/A,N/A,N/A,FALSE,FALSE
Aesthetic Overlay,Generic,"Your transformations, race changes, and body changes all stay aesthetically pleasing. To you, at least.",Passive,N/A,D,D,F,F,F,C,D,D,30,D,N/A,N/A,N/A,N/A,FALSE,FALSE
Introspection,Generic,"You always know your own condition, mentally and physically. Poison, depression, illness, injury, etc etc. You always know what's going on with you.",Passive,N/A,D,F,F,D,F,E,F,D,16,D,N/A,N/A,N/A,N/A,FALSE,FALSE
Shoebody,Drue Langlois,"The great teachings of John the Boptist. You know the perfect way to headbutt someone, and your forehead is strengthened for that purpose. Shoebody BOP! Increases acapella skill for some reason.",Passive,N/A,E,E,D,F,F,D,E,E,14,D,N/A,N/A,N/A,N/A,FALSE,FALSE
Electrician,Generic,"No, not the trade. You just get higher electrical resistance and higher electric ability efficiency",Passive,N/A,D,F,D,E,F,F,D,F,16,D,Train,Medium,N/A,N/A,FALSE,FALSE
I Can Quit Whenever I Want,Generic,"You are immune to getting addicted to any substance, no matter how much it affects your brain.",Passive,N/A,D,D,F,D,F,F,D,D,25,D,N/A,N/A,N/A,N/A,FALSE,FALSE
Spine of Steel,Generic,"Your spine is abnormally durable and hard to injure. Even if completely shattered, your spine heals properly far faster than any normal human",Passive,N/A,D,F,D,F,F,F,D,F,15,D,N/A,N/A,N/A,N/A,FALSE,FALSE
Poisonous,Generic,"Every part of you is poison- flesh, bones, blood, energy, soul. The potency depends on your own stats. You are, thankfully, immune to your own poison. You might need something to regulate all this at will.",Passive,N/A,D,F,E,F,F,F,C,F,16,D,Train,Medium,N/A,N/A,FALSE,FALSE
Adhesion,Generic,You can be sticky enough to cling to walls or prevent people from unsticking themselves from you. You can control your own stickiness. You're still no Spider-Man though.,Passive,N/A,F,F,F,F,F,F,F,F,0,F,Train,Medium,N/A,N/A,FALSE,FALSE
Deadman,Deadman Wonderland,"Your body has been implanted with a Nameless Worm, transforming you into a Deadman. Your body has gained a 'Red Diamond' inside of it, and yve gained access to a Branch of Sin ability. What your ability manifests as will be random, and could be long range, close range, or even allow you to create Hexagonal Wires connected by Blood. You'll need to train to prevent Anemia, and may even be able to evolve your abilities to crush entire cities.",Race,N/A,B,F,C,F,B,F,B,F,160,B,Train,Fast,N/A,N/A,FALSE,FALSE
Nullbulge,Generic,"A black sticky orb that when attached on someone's crotch, will cover either their body or underwear in a layer of the same colour, making the orb gain a customizable symbol and turning it into a really sensitive part of the body incapable of getting release. The orb can only be removed by the one that placed it in the first place.",Wearable,N/A,E,E,E,F,F,E,F,E,5,E,N/A,N/A,8hr,N/A,TRUE,TRUE
The Backrooms,The Backrooms,"In your world there is an alternate dimension born from the cognition of all living beings, resembling more a desolate office space with half-working ceiling lights and half-wet carpet floor that smells of almond. The only way to enter here is by 'No-clipping' on a random space in the world, you will neither suffer hunger nor thirst, but returning will be a challenge on itself.",World,N/A,C,S,B,D,F,D,F,C,580,A,N/A,N/A,N/A,N/A,FALSE,FALSE
Find my Pages,Slenderman,"Now in a forest in the world, resides the Slenderman and its pages. Anyone unfortunate to enter the forest and grab one of the pages will incur its wrath. If you find all of its pages without dying, it will occasionally aid you at odd times.",World,N/A,B,A,B,D,C,E,F,A,316,B,N/A,N/A,N/A,N/A,FALSE,FALSE
Juggernog,Call of Duty,"A can of cola that increases resilience for one hour. You must drink the entire can. Doesn't stack. Don't have more than four buffing drinks active at a time, you'll explode.",Consumable,N/A,E,F,D,F,F,E,F,F,7,E,N/A,N/A,24hr,N/A,TRUE,FALSE
Double Tap Root Beer,Call of Duty,"Root beer that somehow increases fire rate for one hour. You must drink the entire can. Doesn't stack. Don't have more than four buffing drinks active at a time, you'll explode.",Consumable,N/A,E,F,D,F,E,F,F,F,7,E,N/A,N/A,24hr,N/A,TRUE,FALSE
PhD Flopper,Call of Duty,"Everybody do the flop! Grants immunity to explosions and fall damage for one hour. When you drop to the ground from a small height, makes you explode and harm everyone around you. Tastes like prunes and chemicals. You must drink the entire can. Doesn't stack. Don't have more than four buffing drinks active at a time, you'll explode.",Consumable,N/A,E,F,E,F,D,F,F,F,7,E,N/A,N/A,24hr,N/A,TRUE,FALSE
Deadshot Daiquiri,Call of Duty,"When attack, you will always naturally aim for the head for one hour. Tastes sweet, like strawberries. You must drink the entire can. Doesn't stack. Don't have more than four buffing drinks active at a time, you'll explode.",Consumable,N/A,E,F,D,E,F,F,F,F,7,E,N/A,N/A,24hr,N/A,TRUE,FALSE
Mule Kick,Call of Duty,"Somehow allows you to carry one more weapon than you normally could without issue for one hour. You must drink the entire can. Doesn't stack. Don't have more than four buffing drinks active at a time, you'll explode.",Consumable,N/A,E,F,E,F,F,D,F,F,7,E,N/A,N/A,24hr,N/A,TRUE,FALSE
Tombstone Soda,Call of Duty,"For one hour, if you are severely injured or killed, you will not lose anything you would normally have lost as a result. You must drink the entire can. Doesn't stack. Don't have more than four buffing drinks active at a time, you'll explode.",Consumable,N/A,D,F,F,F,F,E,F,F,6,E,N/A,N/A,24hr,N/A,TRUE,FALSE
Double Tap Root Beer II,Call of Duty,"For one hour weapons shoot or arm faster and each bullet inexplicably becomes two at no cost. You must drink the entire can. Doesn't stack. Don't have more than four buffing drinks active at a time, you'll explode.",Consumable,N/A,E,F,D,F,D,F,F,F,11,D,N/A,N/A,24hr,N/A,TRUE,FALSE
Who's Who,Call of Duty,"For one hour, if you are injured to the point of unconciousness or killed, a doppelganger will spawn. You control the doppelganger, who only has a pistol and clothes, and if you get back to your body you may revive yourself, keeping everything but this perk. The doppelganger spawns near, but not in sight of, your body. You must drink the entire can. Doesn't stack. Don't have more than four buffing drinks active at a time, you'll explode.",Consumable,N/A,D,F,F,F,D,F,F,F,10,D,N/A,N/A,24hr,N/A,TRUE,FALSE
Electric Cherry,Call of Duty,"Reloading any weapon causes a small shockwave centered on yourself for one hour. This shockwave stuns anyone too close to you. You must drink the entire can. Doesn't stack. Don't have more than four buffing drinks active at a time, you'll explode.",Consumable,N/A,E,F,D,F,F,F,F,F,6,E,N/A,N/A,24hr,N/A,TRUE,FALSE
Vulture Aid Elixir,Call of Duty,"For a single hour, you may see anything helpful to you through walls, such as unusued weapons. In addition, you have a much higher chance to somehow obtain ammo for your weapons or money from defeated foes. You must drink the entire can. Doesn't stack. Don't have more than four buffing drinks active at a time, you'll explode.",Consumable,N/A,E,F,F,E,D,F,F,F,7,E,N/A,N/A,24hr,N/A,TRUE,FALSE
Widow Wine,Call of Duty,"If you're hit, an explosion of webbing will occur that binds anyone near you. Further, any explosives you use also send out these webs in addition to their usual effects and melee weapons will equally bind foes. This effect lasts one hour. You must drink the entire can. Doesn't stack. Don't have more than four buffing drinks active at a time, you'll explode.",Consumable,N/A,E,F,D,F,E,F,F,F,7,E,N/A,N/A,24hr,N/A,TRUE,FALSE
Perkaholics Anonymous,Call of Duty,"Perks just keep coming... you may activate the effects of any perk soda at will for the standard hour, with a cooldown of four hours after use. Further, you may drink any number of perk sodas, or activate any number of their effects, at one time without suffering any negative effects.",Passive,N/A,D,F,D,F,D,D,F,F,20,D,N/A,N/A,N/A,N/A,FALSE,FALSE
The Thievius Raccoonus,Sly Cooper,"An ancient family tome passed down through history, the Thievius Raccoonus has been filled out by generation after generation of the Cooper Clan. With this book, you can learn the skills of a master thief, and eventually see the blue sparks. Remember to jump and hit the Circle button.",Skill,N/A,C,F,F,C,C,D,F,A,135,B,Train,Slow,N/A,N/A,FALSE,FALSE
A Case of RC Cola,Generic,"A four pack of ice cold Royal Crown Draft Cola in glass bottles. Kind of a dud, but it tastes nice.",Consumable,N/A,F,F,F,F,F,F,F,F,0,F,N/A,N/A,24hr,N/A,TRUE,FALSE
Boss Monster,Dark Souls,"You're bigger. You're stronger. You're more resilient. You have a health bar constantly visibly to anyone that tries to fight you. You have a theme song that plays whenever you fight. You can use fog to block and area and force anyone entering to confront you. You're the fucking boss, and nobody is going to forget it.",Passive,N/A,D,F,D,F,D,C,F,E,26,D,N/A,N/A,N/A,N/A,FALSE,FALSE
Apotheosis,Generic,"You're a god. Not metaphorically or anything- legitimately a god. Choose something, you're in charge of it. Choose a couple more things if you want. You aren't in charge of them, but you can still do some stuff with it. Be careful- you can still die, and the games gods play are always the most dangerous.",Race,N/A,SS,SS,SS,SS,SS,SS,SS,SS,"8,000",SS,N/A,N/A,N/A,N/A,FALSE,FALSE
Aperture Science,Portal,"Under a wheat field and an outhouse lies the abandoned and partially destroyed main HQ of Aperture Science, overseen by GLaDOS. Should you find yourself here and complete the tests you'll find the documents necessary to declare yourself the CEO and sole owner of the entire company. The company maintains its excellent, if insane, reputation.",World,N/A,F,B,C,S,D,C,D,S,"1,080",S,N/A,N/A,N/A,N/A,FALSE,FALSE
Fazbear Entertainment,Five Nights at Freddy's,"A Utah based megacorporation reponsible for many extreme advances in robotics and artificial intelligence, all driven into attempting to making chain mascot resaurants. They own their entire supply chain, from the restaurants to the contruction companies to the mining companies. Currently overseen by a board of directors infected by the Mimic- a hostile memetic/roboic entity based on child murderer WIlliam Afton. Solving the mysteries of the various murders and haunting of the company will grant you documents allowing you to take control of the entire company. Provided you have any ability at seeing into Hell, you can find William Afton himself, if you want to stab him or something.",World,N/A,D,C,D,C,D,D,F,A,140,B,N/A,N/A,N/A,N/A,FALSE,FALSE
Bat Shark Repellant,DC Comics,It repels sharks. That's it.,Consumable,N/A,E,E,F,F,F,F,F,F,2,F,N/A,N/A,8hr,N/A,FALSE,FALSE
Dryleaf Arts,Elden Ring,"The teachings of a group of spiritual seekers known as the Dryleaf Sect, revealed only to those of worthy valor and character. The practice of this martial art marks the dawn of an ascetic's journey. You now know both the common version of the art and the version used by Dryleaf Dane.",Skill,N/A,E,E,D,F,E,E,F,D,14,D,Train,Slow,N/A,N/A,FALSE,FALSE
Emu,Generic,A normal Australian emu with intelligence close to that of a human. You may choose the sex.,Familiar,N/A,F,E,E,E,E,E,F,F,5,E,Trust,Slow,N/A,N/A,FALSE,FALSE
Pigeon,Generic,A normal pidgeon with intelligence close to that of a human. You may choose the sex.,Familiar,N/A,F,F,F,E,E,F,F,F,2,F,Trust,Fast,N/A,N/A,FALSE,FALSE
Sentient Battleform,Warframe,"Cast and cry, cast and cry~ You are now a Sentient battle form, ranging anywhere from the size of a large dog to almost 20 feet tall. You can fly, are an inhumanly shaped mass of robotics with a central core, have cool glowy bits, energy projectiles, and probably a laser beam. Also, you can hack into just about any tech you find.",Race,N/A,S,B,B,C,B,D,B,B,765,A,Tinker,Fast,N/A,N/A,FALSE,FALSE
Hercules Gene/MSTN Gene (Myostatin),Generic,"A mutation on both copies of the myostatin gene that removes limits on muscle mass. You have the idealized form of this, now getting larger and stronger muscles, and rapidly enhancing any gains from training. Just make sure to eat a lot of protein.",Passive,N/A,D,E,D,E,D,E,D,E,24,D,Train,Medium,N/A,N/A,FALSE,FALSE
Reverse Card,UNO,"A single use card that can reflect anything. Attacks, insults, debt, you name it!",Consumable,N/A,EX,D,F,F,F,F,F,D,"10,010",SSS,Twin,Snail,1yr,N/A,FALSE,FALSE
Ludicrous Speed,Space Balls,Spaceball I's warp drive compressed into a pocket sized button! Guaranteed to get you anywhere you need to be before you need to be there! (Warning: Using this will cause you to go plaid and possibly slam into a wall when trying to slow down),Arsenal,N/A,F,D,F,F,SS,F,F,F,"1,005",S,Tinker,Slow,N/A,N/A,FALSE,FALSE
Pokemon Egg,Pokemon,Congratulations on starting your Pokemon Journey! Here's your complementary Egg! It will hatch anywhere from 5 to 120 days (depending on egg cycle) into a random non-Mythical/non-Legendary Stage 1 pokemon and will bond with whomever the owner of said egg is upon hatching. Roll a random number for your new companion!,Familiar,N/A,D,F,F,F,F,F,D,D,15,D,Trust,Fast,N/A,N/A,FALSE,FALSE
Random Technical Machine,Pokemon,"A one-time use disk that will teach the recipient one random Pokemon move from the list of available TM moves. As TM numbers shift between each generation, the generation this disk will draw from will be randomized.",Consumable,N/A,D,D,D,D,D,D,D,D,40,D,N/A,N/A,N/A,N/A,FALSE,FALSE
Codec System,Metal Gear,A special operations micro radio system that can transmit images and whole conversations in less than a second with the reciever manipulating the small bones in ear for an incoming call. Every restock grants an additional pair.,Arsenal,N/A,F,D,F,F,F,E,F,B,56,C,Trust,Slow,1wk,N/A,FALSE,FALSE
Technical Machine Carry Case,Pokemon,A storage container that creates one-time use disks that will teach the recipient the pokemon move it contains. These disks will be generated at a rate of 1 disk per 1 week and can be stored in the container for future use. Every disk's imprinted move is randomized on creation from the list of available TM moves. Roll a random number to decide the generation it draws from.,Consumable,N/A,C,C,C,C,C,C,C,C,80,C,N/A,N/A,1wk,N/A,FALSE,FALSE
Omnipotent Orb,Persona,"The Omnipotent Orb is an a sphere made of an unknown material that bends the laws of the universe to nullify damage from any and all attacks, physical or magical, with the sole exception of 'Almighty' attacks capable of erasing something from existence.",Arsenal,N/A,EX,F,EX,F,F,F,F,EX,"30,000",SSS,N/A,N/A,N/A,N/A,FALSE,FALSE
Lucky Mallet,Persona,"This little mallet will slightly increase the strength, dexterity, vitality, agility and luck of whoever it hits.",Arsenal,N/A,D,D,D,F,D,F,F,D,25,D,N/A,N/A,N/A,N/A,FALSE,FALSE
Friede's Great Scythe,Dark Souls,"A large scythe that innately freezes an enemy on contact. Somehow always slashes the opponent no matter where they are struck with it, though more damage is done when the actual blade hits. By using a bit of energy a second, smaller, scythe may be summoned that inflicts magic damage. Together they are extremely aggressive and can send out sheets of ice that explode a second or two later.",Arsenal,N/A,D,F,D,F,D,E,F,E,17,D,N/A,N/A,N/A,N/A,FALSE,FALSE
Tech Tree: Factorio,Factorio,FACTORY IS GOD. You gain knowledge of the entire tech tree of Factorio starting from Nauvis all the way to Space Age. Makes you violently murderous towards large bugs. The Factory Must Grow.,Skill,N/A,B,C,D,SS,SS,E,B,C,"2,126",S,Tinker,Fast,N/A,N/A,FALSE,FALSE
Highlight,Generic,"Mark a target on touch. All highlighted targets have a colored outline you can see as long as they're within visible range, even through walls or while blind.",Ability,N/A,E,F,F,D,F,F,F,F,6,E,Train,Slow,N/A,N/A,FALSE,FALSE
Focused Strikes,Generic,Mark a target within line of sight. All attacks while active will only deal damage to that target. ,Ability,N/A,D,F,F,D,F,F,F,F,10,D,Train,Slow,N/A,N/A,FALSE,FALSE
Alcremie,Pokemon,"A dessert themed pokemon, sweet and cute. Comes in 9 cute varieties. Not always great at fighting, but she'll do her best! Extra damage against dragons due to Fairy typing",Familiar,Other,D,D,D,E,D,C,D,D,41,D,Trust,Medium,N/A,N/A,FALSE,FALSE
Miriel the Pastor of Vows,Elden Ring,"The steward of the Church of Vows. A gigantic tortoise wearing a large white mitre, Miriel is a gentle soul who will happily assist you on your journey. Miriel can be given scrolls as well as prayerbooks, and will readily teach new spells to the player for an appropriate fee. The best dog",Familiar,Male,C,E,D,C,E,F,D,C,42,D,Trust,Medium,N/A,N/A,FALSE,FALSE
Bucky,Chainsaw Man,"A headless chicken with a bowtie. Never stops joking around. As a Devil, he can form contracts with others and heal via blood. Not very strong, though, because people aren't afraid of chickens.",Familiar,Male,D,E,F,E,F,F,D,D,17,D,Trust,Medium,N/A,N/A,FALSE,FALSE
Crate of Explosives,Generic,"A crate of prospector's TNT. Use it wisely, and don't let anyone think it's a weird candle brand.",Consumable,N/A,F,E,C,F,F,F,F,F,11,D,N/A,N/A,24hr,N/A,TRUE,FALSE
X-ray Goggles,HunterxHunter,"A pair of X-Ray goggles that do all that fun stuff you saw on TV. See through walls, see through clothes, see through things you really don't want to. Comes with a dial to adjust the depth.",Wearable,N/A,E,F,F,D,F,F,F,F,6,E,N/A,N/A,N/A,N/A,TRUE,FALSE
Long Lost Delivery,HunterxHunter,A single use cell phone. Call the number within and describe your lost item. It will be delivered in less than a week.,Consumable,N/A,C,F,F,F,F,F,F,D,15,D,N/A,N/A,1wk,N/A,TRUE,FALSE
Horseshoe Necklace,Generic,A horseshoe on a necklace that grants the leg strength and stamina of a well bred horse. Kimi no aiba ga~!,Wearable,N/A,E,F,D,F,D,F,D,F,16,D,Train,Medium,N/A,N/A,TRUE,FALSE
Barrel of Everflowing Oil,Generic,"A 55 gallon drum containing an endless supply of medium quality crude oil. When tipped, oil pours at a steady 10 gallons per minute. Do not damage or modify the drum.",Novelty,N/A,C,F,E,F,F,F,F,E,12,D,N/A,N/A,N/A,N/A,TRUE,FALSE
Buffout,Fallout,"A highly potent anabolic steroid, popularized during Pre-War America's hey-day by professional athletes, this drug will act incredibly quickly, granting you increased strength, reflexes, and endurance. Be careful, it's addictive.",Consumable,N/A,E,F,D,F,D,F,F,F,11,D,N/A,N/A,24hr,N/A,TRUE,FALSE
Claidheamh Mor,Team Fortress 2,Highlander rules. Take someone's head with this zweihander to steal their energy and strength to add to your own.,Arsenal,N/A,C,F,D,F,D,F,F,D,25,D,N/A,N/A,N/A,N/A,TRUE,FALSE
Third Arm Sash,Xiaolin Showdown,"A belt sash that acts as a third arm, the Third Arm Sash is an incredibly useful Shen Gong Wu that grants the user an item that acts as a grappling hook, a swing, or a third fist. It can be infused with elemental power, and when combined with several other Shen Gong Wu can become the great Heylin Demon Mala Mala Jong.",Arsenal,N/A,C,F,D,F,D,F,F,D,25,D,Train,Fast,N/A,N/A,TRUE,FALSE
Beginner Blade Weapon Mastery,Generic,"You're reasonably skilled at any bladed weapon you pick up. Not enough to win fights, but enough to actually use it.",Skill,N/A,E,F,F,E,F,F,F,E,3,F,Train,Slow,N/A,N/A,FALSE,FALSE
Beginner Charisma,Generic,"You're more charismatic now, more attractive, nothing fancy but you could probably get a couple thousand followers as an influencer.",Skill,N/A,E,F,F,E,F,E,F,E,4,F,Train,Slow,N/A,N/A,FALSE,FALSE
Aesthetic Grooming,Generic,"You're good at taking care of your hair, hygiene, cleanliness, etc. You always know how to be presentable",Skill,N/A,E,F,F,E,F,E,F,E,4,F,Train,Medium,N/A,N/A,FALSE,FALSE
Beginner Conceptualization,Generic,"You have an easier time comprehending and understanding mystical and esoteric forces, not much more than the average person though.",Skill,N/A,E,F,F,E,F,F,F,E,3,F,Train,Slow,N/A,N/A,FALSE,FALSE
Beginner Persuasion,Generic,"You are slightly better with your words, and could probably win an online argument with an intelligent opponent",Skill,N/A,E,F,F,E,F,E,F,E,4,F,Train,Slow,N/A,N/A,FALSE,FALSE
Farming,Generic,"You could actually run a farm without looking like an idiot, and could compete with fairly experienced farmers",Skill,N/A,E,F,F,E,F,F,F,E,3,F,Train,Slow,N/A,N/A,FALSE,FALSE
Mental Image Blocking,DC Comics,"Dude what the fuck are those Tibetan monks teaching people. You are not quite immune, but can fool most telepaths and mind readers with false images and memories",Skill,N/A,D,F,F,C,F,F,F,D,20,D,Train,Medium,N/A,N/A,FALSE,FALSE
Hygienic,Generic,"You are naturally hygenic, both intentionally or otherwise.",Passive,N/A,E,F,F,E,F,D,F,E,8,E,Train,Medium,N/A,N/A,FALSE,FALSE
Animal Lover,Generic,"All mundane animals adore you, and non-mundane ones will take a shine to you more easily",Passive,N/A,D,F,F,F,F,D,F,D,15,D,Train,Medium,N/A,N/A,FALSE,FALSE
Metabolism,Generic,"You can control your own metabolism at will, speeding it up or slowing it down to a crawl.",Passive,N/A,D,F,F,E,F,F,D,F,11,D,Train,Medium,N/A,N/A,FALSE,FALSE
Pretty Up,Generic,Your looks have now all been enhanced. You're basically the prettiest version of you as you are now.,Passive,N/A,E,F,F,F,F,D,F,E,7,E,N/A,N/A,N/A,N/A,FALSE,FALSE
Perfect Skin,Generic,"You always have pretty, perfect skin. No more scars or unwanted marks. Your skin and superficial injuries heal faster now too.",Passive,N/A,D,F,F,F,F,D,F,E,11,D,N/A,N/A,N/A,N/A,FALSE,FALSE
Santa's Exception,Generic,"Much like Santa, people no longer mind you breaking into places you by all rights shouldn't be in. If you cause a disturbance or offend/frighten them in some way, that goes out the window. Followed by you, for your own safety.",Passive,N/A,D,D,F,D,F,D,F,F,20,D,Train,Slow,N/A,N/A,FALSE,FALSE
Geyser,Generic,"Create erupting geysers from the ground around you within 10 meters at base. The more power used, the stronger the geyser. Usually scalding hot by default.",Ability,N/A,C,F,D,F,F,F,F,F,15,D,N/A,N/A,N/A,N/A,FALSE,FALSE
Impulse,Generic,"Enhance the speed of your nerve signals, increasing reflexes and speed. Overuse causes nerve damage, but training increases resistance to that nerve damage.",Ability,N/A,D,F,D,D,D,F,D,E,26,D,Train,Medium,N/A,N/A,FALSE,FALSE
Quicksand,Generic,You can now turn the ground around you into quicksand at will to entrap enemies. Starts at 10 meters of range.,Ability,N/A,C,F,D,F,F,F,F,F,15,D,Train,Medium,N/A,N/A,FALSE,FALSE
Earth Armor,Generic,"Create earthen armor around your body to absorb physical attacks. Does not impede movement or speed. Might improve it, with practice.",Ability,N/A,C,F,D,F,D,F,F,F,20,D,Train,Medium,N/A,N/A,FALSE,FALSE
Razor Claws,Generic,"Turn your nails into razor claws that could tear through steel if you wanted to. They never dull, until you turn them back to normal.",Ability,N/A,C,F,D,F,F,D,D,F,25,D,N/A,N/A,N/A,N/A,FALSE,FALSE
Tech Tree: Cosmetics,Generic,"Modify, create, and design anything related to cosmetics and appearance. Hyper-real masks, aesthetic designs for machines, holograms, beauty cream, perfumes, lipsticks, etc.",Skill,N/A,C,D,F,C,F,C,F,C,45,D,Tinker,Medium,N/A,N/A,FALSE,FALSE
False Data,Generic,Feed enemies false data about your skills and abilities. Scrying and scanning type powers see what you want instead of what you have.,Ability,N/A,C,D,F,D,F,F,F,D,25,D,Train,Medium,N/A,N/A,FALSE,FALSE
Tech Tree: Real Robotics,Generic,"Design, modify, and build any real life examples of robotics- claw arms, Boston Dynamics stuff, automated drones, whatever. Has to be real life stuff, though.",Skill,N/A,D,F,F,D,F,F,F,F,10,D,Tinker,Medium,N/A,N/A,FALSE,FALSE
Ganta Gun,Deadman Wonderland,"A Branch of Sin that allows you to fire a condensed blood bullet at supersonic velocity. The more blood used and power expended, the stronger it gets.",Ability,N/A,C,F,C,F,D,F,D,F,30,D,Train,Medium,N/A,N/A,FALSE,FALSE
Touch Technopathy,Generic,Manipulate any device like it's part of your own body just by maintaining physical contact with its surface,Ability,N/A,C,F,F,C,F,F,F,F,20,D,Train,Medium,N/A,N/A,FALSE,FALSE
Gama,Jujutsu Kaisen,"From your shadow or nearby shadows, summon up to 5 large frog shikigami capable of holding people in their mouths, ensnaring targets with their tongues, and throwing and lifting heavy objects with said tongues. Can be summoned at different sizes, and in different amounts based on energy spent and energy capacity.",Familiar,Other,C,E,D,E,C,F,C,F,37,D,Train,Medium,N/A,N/A,FALSE,FALSE
Orochi,Jujutsu Kaisen,"From your shadow or nearby shadows, summon a massive building sized serpent shikigami capable of grabbing and crushing enemies in its coils or mouth, as well as burrowing and traveling through shadows. Size can be adjusted based on energy capacity and expenditure.",Familiar,Other,C,E,C,D,C,E,C,F,47,D,Train,Medium,N/A,N/A,FALSE,FALSE
Stray Cat,JoJo's Bizarre Adventure,"A very temperamental cat... plant... ghost... thing. In a pot. It controls air by creating deadly explosive bubbles that it freely directs. Each bubble can be used like real bullets or shields, or as carriers for any ability that ""charges"" an object with an effect. Gets sleepy in the dark. Premium fertilizer and cat treats only.",Familiar,Male,C,D,D,E,F,E,D,F,27,D,Trust,Medium,N/A,N/A,FALSE,FALSE
Untitled Goose,Untitled Goose Game,The biggest shithead asshole goose in existence. A bona fide expert in fucking with people and pissing them off. Cannot be permanently killed. Respawns after one hour. I wouldn't wish this on my worst enemies... but you might.,Familiar,Other,E,C,E,E,C,D,E,D,34,D,Trust,Medium,N/A,N/A,FALSE,FALSE
Puss,Puss in Boots,"An anthropomorphic, spanish daredevil of an orange cat. Very cute, very skilled, very agile. Extremely good with a rapier and a knife. Has nine lives... but might waste them doing stupid shit for the crowd.",Familiar,Male,E,D,E,E,D,C,E,D,29,D,Trust,Medium,N/A,N/A,FALSE,FALSE
Ring of Invisibility,Generic,"An ornate platinum ring that bends light around the wearer, rendering them invisible but NOT silent. Be careful when using it to sneak around. You are not immune to pressure plates or microphones.",Wearable,N/A,D,D,F,F,F,F,F,F,10,D,N/A,N/A,N/A,N/A,TRUE,FALSE
Reiterpallasch,Bloodborne,"A weapon wielded by the Noble Knights of Cainhurst, this Rapier combined an Elegant Knight's Sword with the peculiar firearm wielded by the Cainhurst Order. Used for the disposal of Beasts and Men alike, this weapon transforms between a normal rapier, and a gun with a bayonet attachment.",Arsenal,N/A,D,F,D,F,C,C,F,D,35,D,N/A,N/A,N/A,8hr,TRUE,FALSE
Malorian Overture,Cyberpunk 2077,"A heavy duty double action semi auto revolver chambered in .42 caliber. Comes with glowing iron sights and 6 round capacity. Bullets naturally ricochet off of hard surfaces. 30 bullets a day, every day.",Arsenal,N/A,E,F,D,F,F,F,F,F,6,E,N/A,N/A,24hr,8hr,TRUE,FALSE
Death Perception Soda,Call of Duty,"A can of cola that allows you to see the outlines of enemies through walls and obstructions for one hour. You must drink the entire can. Doesn't stack. Don't have more than four buffing drinks active at a time, you'll explode.",Consumable,N/A,E,F,F,D,F,F,F,F,6,E,N/A,N/A,24hr,N/A,TRUE,FALSE
Homerun Bat,Earthbound,A really durable baseball bat with extreme knockback on hit. Makes a really satisfying sound when it hits someone.,Arsenal,N/A,D,D,C,F,C,E,F,F,31,D,N/A,N/A,N/A,Manual,TRUE,FALSE
40k Warhammers,Generic,Forty thousand standard iron warhammers kept in item storage. You can take them out one at a time.,Arsenal,N/A,E,F,D,F,F,F,F,F,6,E,N/A,N/A,N/A,N/A,TRUE,FALSE
Demon Blood Blade,Adventure Time,"One badass blade made from the blood of the demon Kee-Oth. Unholy in nature, deals increased damage to angelic and holy beings. Also hits spiritual entities. Responds very well to hemokinesis.",Arsenal,N/A,C,D,D,F,F,F,F,D,25,D,N/A,N/A,N/A,Manual,TRUE,FALSE
Snake's Box,Metal Gear,A very unassuming box you can hide beneath and sneak with. Suppresses all presence while worn. Returns to item space on destruction. Can fool literally anything as long as they don't see you move.,Arsenal,N/A,D,B,F,F,F,D,F,E,61,C,N/A,N/A,N/A,1hr,TRUE,FALSE
Jar Helmet,Elden Ring,"A really cool pot worn as a helmet, once worn by a certain naked guy to fight a certain rot goddess. Grants increased physical capabilities and agility when facing divine entities and gods. Does not hinder vision. Supremely durable.",Wearable,N/A,D,D,D,D,D,B,F,C,85,C,N/A,N/A,N/A,Auto,TRUE,FALSE
Flintslate,Hollow Knight,"A tool made of polished flintgem, vaguely resembles a crystal with a metal handle. Sharpen any bladed weapon with the flintslate to imbue it with fire, causing it to deal extra damage and set enemies on fire for five minutes at a time. 3 uses per rest period.",Arsenal,N/A,C,F,D,F,F,F,F,F,15,D,N/A,N/A,8hr,Auto,TRUE,FALSE
Mentats,Fallout,"A miracle drug that enhances mental functions, granting clarity, processing speed, and memory retention. Also highly addictive. Overuse can cause severe memory degeneration and mental disorder. One box with eight doses.",Consumable,N/A,D,E,F,D,F,F,D,F,16,D,N/A,N/A,1wk,N/A,TRUE,FALSE
Reduvia,Elden Ring,"A jagged, bloodstained, forever dripping, twisted dagger. Infuse the blood with energy to create a blood slash to hit enemies at range. Decreases the drain of vitality consuming effects.",Arsenal,N/A,C,F,D,F,F,F,F,D,20,D,N/A,N/A,N/A,8hr,TRUE,FALSE
The Cursed Ticket,Generic,"Rip this ticket to roll the curse gacha! Any curse rolled automatically applies (sometimes retroactively), and also grants its standard ticket reward on application.",Consumable,N/A,A,A,F,F,F,F,F,F,200,B,N/A,N/A,N/A,N/A,FALSE,FALSE
Thalasin,Thalasin,"One box of prescription Thalasin, contains eight pills that chemically induce emotions regardless of biology and even powers through most resistances. Usually contains one of: Anger, Sadness, Happiness, Fear, Relief, Hope, Frustration, Pride, Lust, etc.",Consumable,N/A,B,B,F,B,F,F,B,B,250,B,N/A,N/A,24hr,N/A,TRUE,FALSE
Apprentice Blacksmithing,Generic,"You can forge decent quality armor, weapons, tools, and decorations with the right tools and equipment.",Skill,N/A,D,F,F,C,F,F,F,D,20,D,Train,Medium,N/A,N/A,FALSE,FALSE
Apprentice Teaching,Generic,"You can teach pretty well, anyone you try to instruct at anything will usually remember and internalize what you teach.",Skill,N/A,D,F,F,C,F,F,F,D,20,D,Train,Medium,N/A,N/A,FALSE,FALSE
Beginner Ninjutsu,Generic,"You have passed ninja basic training. You can handle knives and swords, and have a basic grasp of being a sneaky acrobatic ninja.",Skill,N/A,E,E,E,D,E,F,F,D,14,D,Train,Slow,N/A,N/A,FALSE,FALSE
Cat's Feet,Generic,You always land on your feet and are completely immune to fall damage.,Passive,N/A,B,F,F,F,C,F,F,F,60,C,N/A,N/A,N/A,N/A,FALSE,FALSE
Arousing Scent,Generic,You smell REALLY good. To the point it makes anyone sniffing you kinda horny.,Passive,N/A,D,F,F,F,F,D,D,E,16,D,N/A,N/A,N/A,N/A,FALSE,TRUE
Stonesprout,Generic,"This ability grants you the power to create constructs of rock and stone. Create walls, transform the terrain around you, smash your enemies with large pieces of rock, drive around on giant stone pillars. The possibilities aren't endless, but they are pretty varied.",Ability,N/A,C,F,C,F,B,F,F,F,70,C,Train,Medium,N/A,N/A,FALSE,FALSE
Crystals,Generic,"Generate Crystals from your body, letting them erupt out of you like spikes, or coating your skin for armor. You could sell them for crash, or refine the inner crystalline structure to form what you need with a keen eye.",Ability,N/A,C,F,C,F,F,C,F,F,30,D,Train,Slow,N/A,N/A,FALSE,FALSE
Low Gravity,Generic,"Lower the gravity of areas within your line of sight, reducing weight, falling speed, or inertia in some cases of objects you see.",Ability,N/A,B,F,F,D,C,F,F,F,65,C,Train,Slow,N/A,N/A,FALSE,FALSE
Catch the Rainbow,JoJo's Bizarre Adventure,"Catch the Rainbow functions as an ability for you to utilize, allowing you to control the rain for many different effects, some useful in a fight, others useful for mobility. Although this ability is incredibly powerful, it has a single drawback. It must be utilized during rainfall. Not waterfall, not a sprinkler. It has to be rain. Step on raindrops, seperate pieces of your body after letting them be hit with rain, plug your wounds temporarily to allow you to fight on, create blades or 'shrapnel' by throwing raindrops. A creative user is required to take full advantage of this Stand.",Familiar,N/A,C,F,D,C,C,C,F,F,45,D,Train,Medium,N/A,N/A,FALSE,FALSE
Sapling,Generic,"You can create and communicate with plants that you can manipulate within a general range of your body, around ten meters to start with. Make the grass grow, ripen plants or change their shape, create natural barriers of brambles or trees. All of this to harvest the bounty of nature.",Ability,N/A,C,F,C,F,C,F,B,F,80,C,Train,Medium,N/A,N/A,FALSE,FALSE
Web Slinger,Generic,"Look, we've all seen Sam Raimi's Spider-Man movies. Thwip Thiwip. It's just Tobey-Spidey's organic web shooters without the rest of the Spider-Man package. You gotta earn that.",Ability,N/A,D,F,C,F,C,F,F,F,25,D,Train,Slow,N/A,N/A,FALSE,FALSE
Piercing Eyes,Generic,"You can see far away, and see through objects. Better then 20/20 vision, you can also adjust the intensity of your new staring ability to suit your needs.",Ability,N/A,D,F,F,D,F,F,F,F,10,D,N/A,N/A,N/A,N/A,FALSE,FALSE
Tech Tree: Basic Alchemy,Generic,"The bare bones basics of Alchemy. Make alembics, pestle and mortar, or anything else you need to make potions. Right now you can only make mild things, health potions, stamina potions, weak defense potions, and 'weak' acids that could still eat through armor or stone, but with practice you could make more.",Skill,N/A,C,F,F,C,F,F,F,F,20,D,Tinker,Medium,N/A,N/A,FALSE,FALSE
Elemental Sight,Generic,"You have become attuned to the Elemental Forces and Energies of the World. The currents of the air, the flame of heat, the lightning's tremor, the feel of the earth, and the flow of water. You can see it all in your line of sight by looking through everything else in the world. Extends further to the electricity in someone's brain, the water in their blood, the way electricity flows through cables. Magically charged elements are even more vibrant to represent their connection to that element.",Ability,N/A,B,F,F,B,F,F,F,F,100,B,N/A,N/A,N/A,N/A,FALSE,FALSE
Barbs,Generic,"Your attacks now feel as if they're coated in barbed wire, leaving cuts wherever you hit proportional to the amount of damage that attack would normally inflict.",Ability,N/A,D,F,D,F,F,F,F,F,10,D,N/A,N/A,N/A,N/A,FALSE,FALSE
Dash,Generic,"Allows you to perform a Dash, granting you increased mobility once you activate it and pick a direction. You can move in any direction using this ability, and it can be used in the air.",Ability,N/A,C,F,F,F,C,F,F,F,20,D,Train,Fast,N/A,N/A,FALSE,FALSE
Obsidian Gargoyles,Heroes of Might and Magic,"Obsidian Gargoyle Statues brought to life. These statues are deceptively fast as they soar through the air, with a durable body and strength to match their stone forms. Able to tear a man in half without issue and ignore most small arms, they're incredibly effective Soldiers. You get five Gargoyles to start with, and can gain more based on your personal strength.",Familiar,N/A,B,F,B,E,B,F,F,C,161,B,Time,N/A,N/A,N/A,FALSE,FALSE
Hellhound,Generic,"A Hound of Hell in the flesh, this creature is as large as a human with a flaming, tooth filled maw that allows them to bellow out fire. If that isn't interesting enough, they have the strength to rip a grown man in half as well.",Familiar,Female,B,F,C,D,C,F,F,B,125,B,N/A,N/A,N/A,N/A,FALSE,FALSE
Wraith,Generic,"A weaker Spirit, though stronger then a ghost, a Wraith has very little combat power, but is very difficult to detect. They would be incredibly effective at scouting and surveillance, and will reform if killed after a short period of time.",Familiar,N/A,C,C,F,D,C,D,F,C,50,C,N/A,N/A,N/A,1hr,FALSE,FALSE
Gathering Swarm,Hollow Knight,"Do you find yourself leaving a lot of money behind as you hurry along your way? Fret not, this swarm of Lightbugs will gather any loose change near you. Useful for those who can't bear to leave anything behind, no matter how insignificant.",Familiar,N/A,D,F,F,F,B,F,F,F,55,C,N/A,N/A,N/A,N/A,FALSE,FALSE
Ring of Swiftness,Generic,"A magical ring made of Silver, this Ring improves your agility, reflexes, and balance, and even acts as a training aid, making it easier to practice with those skills.",Wearable,N/A,C,D,F,C,D,F,F,F,30,D,N/A,N/A,N/A,N/A,TRUE,FALSE
Hideout Realtor,HunterxHunter,"Create a secret hideout wherever you choose and it shall appear, packed full of the essentials and only accessable by you through a door you have created.",World,N/A,C,C,F,F,F,F,F,F,20,D,N/A,N/A,N/A,N/A,FALSE,FALSE
Hero's Bandages,Generic,"Bandages that automatically seek out your injuries and cover them, they're very effective at stopping you from bleeding, or setting your broken bones. You could eventually work to train them for other uses.",Wearable,N/A,D,F,F,D,D,F,F,F,15,D,Train,Medium,N/A,N/A,TRUE,FALSE
Cheshire Cat's Ring,Black Souls,"A gold ring engraved with a suspiciously smug cat. When wearing this ring you will be immune to fall damage, even if you fell from orbit.",Wearable,N/A,B,F,F,F,C,F,F,F,60,C,N/A,N/A,N/A,N/A,TRUE,FALSE
Relic Gold,Generic,"A gold coin, anyone who sees it will suddenly decide they must have it, as they believe it to be incredibly valuable. You could trade it for something so precious it could be considered one of a kind, and the recipient would still consider it a good deal.",Novelty,N/A,F,B,F,F,F,F,F,B,100,B,N/A,N/A,N/A,N/A,TRUE,FALSE
Regalia,Final Fantasy,"A transforming car that can switch between a general daily driving luxury car, an All Terrain Vehicle monster truck, or even a jet that could fly across the world. Stylish, durable, and sure to get you to where you're going. Gas included, it will be restocked every eight hours. Runs on Jet Fuel.",Vehicle,N/A,B,F,F,F,B,B,F,F,150,B,N/A,N/A,8hr,N/A,TRUE,FALSE
Perfume Pouch,Elden Ring,"A pouch containing all the aromatic essentials from the Perfumers of the Lands Between. It contains an Acid Spraymist, a Poison Spraymist, a Bloodboil Aromatic, an ironjar Aromatic, and an Uplifting Aromatic. Restocks.",Arsenal,N/A,D,F,D,F,F,F,F,F,10,D,N/A,N/A,24hr,N/A,TRUE,FALSE
Second Skin,Generic,"Skintight, so lightweight you won't even notice it on your body, it's like you're wearing nothing at all! The suit stimulates the body, drawing out its latent potential and improving your physical performance, although it has the unfortunate side effect of increasing and amplifying all sensations felt by the user. When worn with other clothing, it will suffer in efficiency. It is incredibly durable, tougher then steel, and will slowly mend over time.",Wearable,N/A,C,F,C,F,C,B,F,F,80,C,N/A,N/A,N/A,N/A,TRUE,TRUE
Apprentice Programming,Generic,"Grants you the knowledge of all Programmer Languages. Your efficiency and ability to code have improved dramatically, and you can generally read any programming language you encounter.",Skill,N/A,D,F,F,B,F,F,F,F,55,C,Tinker,Medium,N/A,N/A,FALSE,FALSE
Apprentice Blunt Weapon Mastery,Generic,"Your ability to handle blunt instruments and weapons such as hammers, mauls, clubs, or even rocks has been increased, you now know how to effectively move your body to take advantage of these weapons, and could match most practioners in skill and finesse.",Skill,N/A,D,F,D,C,D,F,F,F,25,D,Train,Fast,N/A,N/A,FALSE,FALSE
Apprentice Taming,Generic,"You have an increased affinity and ability to take most wild animals, making them subservient to you and obediant to your orders. You can also learn how to tame specific creatures faster, including humans to an extent.",Skill,N/A,D,C,F,C,F,B,F,F,75,C,Train,Medium,N/A,N/A,FALSE,FALSE
Beginner Item Construction,Generic,"You can now enchant items! To a small extent anyway. A plate that automatically heats itself, a rudimentary hotplate, a basic gas mask. So long as you know what you're doing, or know of the effect you wish to recreate, you could reasonably do so. Though stronger items may take more time.",Skill,N/A,C,F,F,C,F,F,F,F,20,D,Tinker,Slow,N/A,N/A,FALSE,FALSE
Apprentice Performance,Generic,"Sing a song, do a dance, play an instrument! You can do it all with this download of knowledge. You could even be the frontman to a band, if you wanted.",Skill,N/A,D,F,F,C,F,B,F,F,65,C,Train,Medium,N/A,N/A,FALSE,FALSE
Beginner Spycraft,Generic,"You're an okay spy. Not a great one, but okay. You can eavesdrop, mask feelings, deceive people, use disguises, and deduce plans. You're also okay with guns and knives. You're no match for a trained spy though.",Skill,N/A,D,E,D,D,D,D,F,D,31,D,Train,Slow,N/A,N/A,FALSE,FALSE
Silent Steps,Generic,"You naturally have silent footsteps, like an assassin. Or a cat.",Passive,N/A,D,F,F,F,D,F,F,F,10,D,Train,Medium,N/A,N/A,FALSE,FALSE
Breathless,Generic,"You no longer need to breathe at all, even in space. You can still act like it, though. Also you can speak even in a vacuum",Passive,N/A,D,F,E,E,F,F,D,F,12,D,N/A,N/A,N/A,N/A,FALSE,FALSE
Poseidon's Blessing,Generic,"You can now breathe underwater, move just as well underwater as on land, and are friends to all natural sea life.",Passive,N/A,C,F,C,D,C,D,C,C,60,C,N/A,N/A,N/A,N/A,FALSE,FALSE
Hacker,Generic,You can intuitively find any fault and interface skillfully with technology. You have an increased ability to get around firewalls and other digital defenses.,Passive,N/A,D,D,F,D,F,F,F,F,15,D,Tinker,Medium,N/A,N/A,FALSE,FALSE
Iron Fist,Generic,You have fists literally as hard as iron. Your unarmed strikes and fist abilities are enhanced.,Passive,N/A,D,F,C,F,F,F,F,F,15,D,Train,Medium,N/A,N/A,FALSE,FALSE
Fast Reflexes,Generic,Your reflexes are fast enough to dodge normal punches and even avoid the aim of guns with ease. Scales with stats.,Passive,N/A,D,F,F,D,D,F,F,F,15,D,Time,Medium,N/A,N/A,FALSE,FALSE
Thick Skin,Generic,"Your skin is dense and strong enough to serve as tough padding or even armor, without losing its natural smooth texture and feel.",Passive,N/A,D,F,C,F,F,F,F,F,15,D,Time,Medium,N/A,N/A,FALSE,FALSE
Made Maid,Generic,"You may designate lower members of an orgnization you are part of, and yourself, as 'Made Maids'. So long as they continue to work for the organization they will gradually improve at 'maid' duties, including cooking, cleaning, fashion, repair, and combat. This process will also gradually feminize them- you may designate an 'ideal maid' which they will resemble when the process is finished. This also makes them much less likely to leave the organization without significant reason. As you get stronger, the affected will resemble the 'ideal maid' more and more, to the point where they will all eventually look exactly like it.",Passive,N/A,D,E,F,F,F,E,F,F,7,E,Time,Medium,N/A,N/A,FALSE,TRUE
Body Shifting Massage,Generic,"Gain skills in massaging around fat, bone structure, and the body in general. When performing a massage, you may alter the body of anyone you are working on into whatever shape you like through moving what they already have around. With practice you may add more, but by default it is sum zero. For instance, if you wish to give a man breasts the fat must come from somewhere else on the body. Slimming the waist means what was there must go somewhere else. The affected person will not realize what you are doing while on the table, but as soon as the massage is done nothing will prevent them from noticing.",Ability,N/A,D,F,F,F,F,F,D,F,10,D,Train,Medium,N/A,N/A,FALSE,TRUE
Skinsuit Zipper,Generic,"A simple zipper that, when applied to a person's skin, can be unzipped. This will instantly remove that person's ability to move and render their body completely empty. Anyone may then step into the body, regardless of how different their body is to the new suit, and zip the zipper to take control of that body. They gain access to all the memories and reflexes of the body they are inhabiting, and the original person in effect goes to sleep and 'dreams' whatever the person wearing their body does. People with strong wills can resist the zipper. The zipper may be removed by the one who placed it at any time, potentially locking someone into a body that isn't their own.",Arsenal,N/A,D,F,F,E,F,F,D,F,11,D,N/A,N/A,N/A,N/A,TRUE,TRUE
Body Pump,Generic,"One bike pump. Serves as a normal bike pump, but can also be attached to any body part. When pumped, that part of the body will fill with air and get bigger. There is no limit to how large this can make a body part, and the enlarged part is oddly bouncy and light due to being filled with air. The part will lose air over time and return to its normal size.",Novelty,N/A,E,F,F,F,F,F,F,F,1,F,N/A,N/A,N/A,N/A,TRUE,TRUE
Progenitor of Monsters,Generic,"Your kids are monsters, literally. At any point you may decide to have a child, and any time you have sex you may decide to get pregnant or get your partner pregnant. This child is guaranteed to be a new species, with abilities, traits, looks, and similar determined by you maxing one value below the max value of of your stats. The only guarantee is that they are naturally considered scary, threatening, or monstrous by the inhabitants of the world, regardless of what they actually look like. The pregnancy is guaranteed to be fast, though stronger kids take more time. Delivery will not cause any complications.",Ability,N/A,S,F,F,F,F,F,SS,S,"2,000",S,Train,Fast,N/A,N/A,FALSE,TRUE
Pocket Stomach,Generic,"You can swallow anything and place it into an extradimensional space separate from your actual stomach. They remain there until you decide to let them out. It's warm and cozy, if a bit claustrophobic and slightly wet. If you die everyone is immediately freed. Does not give your actual stomach any more room.",Ability,N/A,D,F,F,F,F,F,F,F,5,E,N/A,N/A,N/A,N/A,FALSE,TRUE
ReBirth,Generic,"You have a womb and vagina now. You may pull any living creature into yourself by placing part of it against your vagina. Once inside, their body may be altered as you please, including giving them abilities, passives, and traits based on what you possess or know how to add. Biology knowledge will help immensely. These will be near exact copies of what you have, but one rank down from yours. The resulting person has some natural affection for you, but retains all knowledge, experience, and personality of the creature you took in. Which means sapient people may not be happy with what you've done to them...",Ability,N/A,A,F,F,F,F,F,A,F,200,B,Train,Medium,N/A,N/A,FALSE,TRUE
Attribute' Drain,Generic,"When in contact with someone you may steal their physical attributes. Such as bust size, muscle size, butt size, and similar. With training, you may reverse this to give others your attributes instead.",Ability,N/A,C,F,F,F,F,F,F,F,10,D,Train,Fast,N/A,N/A,FALSE,TRUE
Arcanum: Girls,Generic,"GIRLS! You've got magic powers and they're all focused on girls. Make people into girls. Make magic clothing or accessories for girls (which may turn the wearer into a girl). Make a girl believe she is a specific type of girl (gyaru, goth, tomboy, etc). Make girls able to get other girls pregnant. Do anything as long as its in service to making more girls or making girls happy. The more you use the powers, the more of a girl you are, but thats fine because you were always a girl. Spread the power of girls!",Ability,N/A,C,D,F,E,F,D,F,F,21,D,Train,Fast,N/A,N/A,FALSE,TRUE
Mug of Cum,Generic,"A large glass beer mug completely full of semen. Whose semen? Don’t worry about it. Just know that it’s hot and fresh. And if you manage to chug the whole thing in one try, it will completely sate all your needs for food or drink for the next 24 hours at the cost of feeling slightly uncomfortably full the whole time.",Consumable,N/A,E,E,F,F,F,F,F,F,2,F,N/A,N/A,24hr,N/A,TRUE,TRUE
Bad Dragon Subscription,Generic,"You get a large silicone dildo shaped like some random fantasy creature’s cock. It’s intimidatingly large, bestial in shape, and randomly colored. And you get a new one every month from now on. Forever. Enjoy.",Novelty,N/A,F,E,F,F,F,E,F,F,2,F,N/A,N/A,1m,N/A,FALSE,TRUE
Panty Thief,Generic,Allows you to remotely steal a target’s underwear. They must be within 10 meters of you. There is a small flash of light as the item appears in your hand.,Ability,N/A,E,E,F,F,F,F,F,E,3,F,N/A,N/A,N/A,N/A,FALSE,TRUE
Conspicuous Van,Generic,A large beat up white work van with ‘Free Candy’ crudely painted along the side. The vehicle is incredibly conspicuous and will be noticed by anyone nearby. Has infinite fuel and is somehow perfectly mechanically fine.,Vehicle,N/A,E,E,E,F,C,F,F,E,14,D,N/A,N/A,N/A,N/A,TRUE,FALSE
Demon Girl Scout Troop,Generic,"Cute but evil. A troop of seven young girl scouts that also happen to be demons. Badges they earn automatically appear on their sashes, and they gain them from performing actions given in the ""Complete Book of Badges"". Including, but not limited to, first-aid, hiking, flying, rituals, blood painting, regular painting, and etc. Each of the girls represents one of the seven sins, and should one die the others can bring them back by performing a summoning ritual involving ritualistic sacrifice.",Familiar,Female,D,D,E,D,E,D,D,D,32,D,Trust,Medium,N/A,N/A,FALSE,FALSE
Bottle of Drow Breast Milk,Dungeons and Dragons,A bottle of Drow breast milk. Tastes slightly chalky with a hint of tart.,Consumable,N/A,E,F,F,F,F,F,F,E,2,F,N/A,N/A,N/A,N/A,FALSE,TRUE
Bottle of Tiefling Breast Milk,Dungeons and Dragons,A bottle of Tiefling breast milk. Tastes like buttermilk with a hint of cinnamon.,Consumable,N/A,E,F,F,F,F,F,F,E,2,F,N/A,N/A,N/A,N/A,FALSE,TRUE
Detachable Genitals,Sei So Tsui Dan Sha,You can detach someone genitals by grabbing and giving a firm tug. Works on vulvae by palming them. The detached genitals can then by stuck to any solid surface or onto someone's body. Genitals stuck to a surface or another person can be easily removed by anyone using the same technique to detach them. All sensation is transmitted as well as fluids. If attached to a person they feel the same sensations as a person and can use the detached genitals to temporarily overwrite their own set for full functionality.,Ability,N/A,D,E,F,F,F,F,E,D,12,D,N/A,N/A,N/A,N/A,FALSE,TRUE
Whisker Fruit,Corruption of Champions,"A fruit resembling a a peach with tiny whiskers like protrusions. When eaten it will progressively transform the eater into a furry Catgirl. Will not remove your penis, but will make it feline shaped. It will also increase one's speed, agility, and flexibility. There is a hard pit in the center that can be planted to grow a Whisker Fruit tree. Cooking the fruit will nullify it's transformative effects.",Farmable,N/A,E,F,F,F,E,F,E,F,3,F,N/A,N/A,N/A,N/A,FALSE,TRUE
Canine Pepper,Corruption of Champions,"This pepper is shiny and red, bulbous at the base but long and narrow at the tip. Smells spicy. It looks like a canine dick. When eaten it will progressively transform the eater into a dog or wolf furry. It will also increase one's speed and strength. There are seeds inside that can be planted to grow a Canine Pepper plant. Cooking the pepper will nullify it's transformative effects.",Farmable,N/A,E,F,E,F,F,F,E,F,3,F,N/A,N/A,N/A,N/A,FALSE,TRUE
Barrel of ‘Banana Pudding’,Generic,"A fifty gallon barrel full of semen. Your semen to be precise. It will have all the properties of a load straight from your balls. As well as any special or exotic properties your cum might have.  As long as it’s in the barrel it will stay hot and fresh. It’s been sterilized and can’t be used for conception, but surely there are plenty of other uses for this stuff. Maybe. If you don’t have the equipment to produce semen, it will simulate what you would be shooting if you did.",Novelty,N/A,F,E,F,F,F,F,F,E,2,F,N/A,N/A,N/A,N/A,FALSE,TRUE
Milfy-Way,Generic,A chocolate candy bar that will transform the eater into a 40 year old woman. This is purely a physical transformation with the mind and mental maturity being completely unaffected. Any special abilities or exotic attributes are maintained. The transformation lasts for 24 hours.,Consumable,N/A,E,F,F,F,F,F,E,F,2,F,N/A,N/A,N/A,N/A,FALSE,FALSE
Girly-Pop,Generic,A pleasant tasting lollipop that will transform the person sucking on it into a 10 year old girl. This is purely a physical transformation with the mind and mental maturity being completely unaffected. Any special abilities or exotic attributes are maintained. The transformation lasts for 24 hours.,Consumable,N/A,E,F,F,F,F,F,E,F,2,F,N/A,N/A,N/A,N/A,FALSE,FALSE
3D Glasses,Generic,"A pair of red and blue anaglyph 3D glasses. Anyone seen wearing them will invoke a sense of fond nostalgia in anyone that was a kid in the 1980s or 1990s. If worn during the 1980s or 1990s will make one seem slightly more approachable and likeable by kids, but invoke a sense of scorn from over serious adults.",Wearable,N/A,E,F,F,F,F,D,F,F,6,E,N/A,N/A,N/A,N/A,FALSE,FALSE
Master Cycle Zero,Legend of Zelda,"A motorcycle created by the ancient Sheikah people, designed to to be reminiscent of a unicorn. It can be fueled by almost anything organic or mystically significant. ",Vehicle,N/A,D,F,F,F,D,F,F,E,11,D,N/A,N/A,N/A,N/A,FALSE,FALSE
Lynel,Legend of Zelda,"A powerful monster resembling a centaur with the body of a horse, the torso of muscular human, and the head of a horned lion. Lynels are skilled archers as well as fearsome melee combatants. ",Familiar,N/A,E,E,D,E,E,E,E,D,16,D,N/A,N/A,N/A,N/A,FALSE,FALSE
RImepelt,Pathfinder,"The pelt of a winter wolf, a large snow white warg, made into a cloak. The pelt allows the wearer to transform into a winter wolf 2 hours a day. While transformed you can still speak normally and have access to a frozen breath weapon.",Wearable,N/A,D,E,E,F,E,F,E,E,10,D,N/A,N/A,N/A,N/A,FALSE,FALSE
Chain Chomp,Mario,"A pet chain chomp. A creature resembling large metal orb with eyes and a mouth full of sharp teeth with the personality of a loyal guard dog, the chain chomp is classic member of Bowser's forces. This one will guard what you want, but also be happy to accompany you on your adventures or even be used as a flail like weapon.",Familiar,N/A,E,F,E,F,E,F,E,E,5,E,N/A,N/A,N/A,N/A,FALSE,FALSE
The Glaive,Krull,"This weapon takes the form of a 5 pointed star-shaped array of handles from which 5 blades may emerge. When thrown, you may guide it with your will by holding your hand extended, causing it to fly and spin as you will. This weapon is capable of sawing through the walls of evil magical space fortresses, and bringing down the roofs of chambers, and is even powerful enough to wound the Beast though a stronger power was needed to defeat it.",Arsenal,N/A,D,F,E,F,E,F,F,E,8,E,N/A,N/A,N/A,Auto,FALSE,FALSE
Tech Tree: Ancient Sheikah Technology,Legend of Zelda,"You can recreate and eventually improve upon ancient Sheikah technology such as the Sheikah Slate, Divine Beasts, Shrines, and Guardians.",Skill,N/A,C,E,C,D,C,F,F,C,46,D,Train,Medium,N/A,N/A,FALSE,FALSE
The Yiga Clan,Legend of Zelda,"The banana loving ex-sheikah clan now exist somewhere in the world, propagating their love for bananas, science, and Ganon around the world. If you find them and beat all of them, inclding Master Kohga, in both a fight and banana eating competition, you shall be declared the new Yiga leader, gaining you access to their technological, magical, and ninjutsu knowledge.",World,N/A,C,C,D,C,D,D,F,B,95,C,N/A,N/A,N/A,N/A,FALSE,FALSE
BIG. DRAMATIC. TEXT.,Kill La Kill,Announcing yourself or an ability in a way that shows style? Now whenever you want to make an impact giant bold splash text will appear behind you echoing your statements for all to see.,Ability,N/A,E,A,E,E,E,A,E,E,206,B,N/A,N/A,N/A,N/A,FALSE,FALSE
Death Weapon Transformation,Soul Eater,Gain an alternate form of a weapon of your choice. This weapon form grows in strength from having greater resonance with your chosen wielder and consuming the souls of the corrupt and evil.,Ability,N/A,C,E,C,D,C,C,C,C,66,C,N/A,N/A,N/A,N/A,FALSE,FALSE
Wiggly Elf Ears,Generic,You now have a pair of elf ears! They will wiggle depending on your mood. With practice you can wiggle them intentionally.,Passive,N/A,E,E,E,E,E,E,E,D,12,D,N/A,N/A,N/A,N/A,FALSE,FALSE
Eggnancy Beamu,Generic,"Fire a energy beam from your chest. Anyone hit with it becomes pregnant with monster girl eggs, the number increases depending on how long the beam is fired at a target.",Ability,N/A,D,E,E,E,E,D,D,D,24,D,N/A,N/A,N/A,N/A,FALSE,TRUE
Delusional Poison Body,FATE,"Your entire body is now poisonous, even someone touching your skin for a moment will lethally poison someone.",Passive,N/A,D,D,D,E,E,E,D,D,28,D,N/A,N/A,N/A,N/A,FALSE,FALSE
Tech Tree: Sexy Brews,Corruption of Champions,"You now have all the experience required to begin distilling your own alcoholic, and non-alcoholic, beverages that turn the drinkers into bimbos, himbos, and similar. Initially you can only make Bimbo Liqueur and Bro Brew, but with practice you can make Bimbo Champagne, Goth Mead, and various other drinks.",Skill,N/A,D,F,D,D,F,D,F,D,25,D,N/A,N/A,N/A,N/A,FALSE,TRUE
Bimbo Liqueur,Corruption of Champions,"A liqueur that, when drunk, turns the drinker into a platinum blonde bimbo. Intelligence gains are halved, losses are doubled, hair turns blonde, severely increases libido, and grants exceptionally large tits, hips, and ass.",Consumable,N/A,E,F,E,E,F,F,F,F,3,F,N/A,N/A,1m,N/A,FALSE,TRUE
Golden Seed,Corruption of Champions,"A magic seed. When eaten, gradually transforms the eater into a harpy. The type with wings instead of arms. They're all female. Grows into a flower that produces more seeds.",Farmable,Female,E,F,F,F,E,F,E,F,3,F,N/A,N/A,N/A,N/A,FALSE,FALSE
Oviposition Elixir,Corruption of Champions,"An elixir than, when drunk, causes any drinker with a womb and vagina to become pregnant with a batch of small eggs. Consuming another potion before the current egg pregnancy is done turns them into large eggs. The eggs are multicolored, look like chicken eggs when laid, and the pregnancy lasts about a month. Check the egg entries for what you lay.",Consumable,N/A,E,F,F,F,F,F,E,F,2,F,N/A,N/A,1wk,N/A,TRUE,TRUE
Rubbery Black Egg,Corruption of Champions,"A normal looking egg, except for the black color. When eatern, turns the eaters skin smooth and hair rubbery. A large egg will turn the eaters skin into latex or rubber. The egg will turn large after being left for two days.",Consumable,N/A,E,F,F,F,F,F,E,F,2,F,N/A,N/A,1m,N/A,FALSE,TRUE
Blue Egg,Corruption of Champions,"A normal looking egg, except for the blue color. When eatern, gives the user a cock or enlarges the one already there. A large egg will turn the user more masculine, removing breasts, vagina, and making hips/butt smaller. The egg will turn large after being left for two days.",Consumable,N/A,E,F,F,F,F,F,E,F,2,F,N/A,N/A,1m,N/A,FALSE,TRUE
Brown Egg,Corruption of Champions,"A normal looking egg, except for the brown color. When eatern, makes the eater's butt larger. A large egg will make the eater's butt larger, faster. The egg will turn large after being left for two days.",Consumable,N/A,E,F,F,F,F,F,E,F,2,F,N/A,N/A,1m,N/A,FALSE,TRUE
Pink Egg,Corruption of Champions,"A normal looking egg, except for the pink color. When eatern, makes the eater more feminine, increases fertility, and shrinks cock and balls. A large egg will entirely remove cock and balls and singificantly increase fertility and feminimity. The egg will turn large after being left for two days.",Consumable,N/A,E,F,F,F,F,F,E,F,2,F,N/A,N/A,1m,N/A,FALSE,TRUE
Purple Egg,Corruption of Champions,"A normal looking egg, except for the purple color. When eatern, enlarges the eater's hips and makes them thicker. A large egg will significantly increase hip size and thickness. The egg will turn large after being left for two days.",Consumable,N/A,E,F,F,F,F,F,E,F,2,F,N/A,N/A,1m,N/A,FALSE,TRUE
White Egg,Corruption of Champions,"A normal looking egg. When eatern, increases the eater's nipple length. A large egg will significantly lengthen nipples and make them fuckable. The egg will turn large after being left for two days.",Consumable,N/A,E,F,F,F,F,F,E,F,2,F,N/A,N/A,1m,N/A,FALSE,TRUE
Royal Bee Honey,Generic,"Honey that turns you into a queen beegirl. You naturally have large breasts and permanently lactate Bee Honey. Anyone who consumes enough Bee Honey will turn into one of your drones, completely obeying your orders and also lactating Bee Honey. Placing the Royal Honey in a beehive, or with other honey making insects, will have them create Royal Bee Honey instead of their normal. This will not transform the insects when they eat it.",Farmable,Female,E,E,D,D,D,F,E,F,18,D,N/A,N/A,N/A,N/A,FALSE,TRUE
World of Kinks,Generic,"All the best parts of your kinks and fetishes, none of the drawbacks! The world itself accommodates your kinks to make sure they have everything you enjoy and nothing you don't. Also, your kinks are now way publicly accepted in your world, to the point that it's about as normal as vanilla sex. Unless you're into it not being like that, of course.",World,N/A,SS,C,F,F,F,C,E,C,"1,031",S,N/A,N/A,N/A,N/A,FALSE,TRUE
Breast Negotiation Practices,Generic,Put your breast foot forward and drop them all on the table. Pulling out your breasts during a negotiation improves your standing,Ability,N/A,E,F,F,F,F,E,F,F,2,F,N/A,N/A,N/A,N/A,FALSE,TRUE
Lucky,Fallout,"Lucky is a unique variant of the .357 Magnum Revolver. It deals moderate damage and has a high fire-rate and Critical Chance and uses a low amount of Action Points.  It's what it says in the can, a lucky revolver that does more and better crits.",Arsenal,N/A,D,F,D,F,F,C,F,F,20,D,N/A,N/A,24hr,8hr,TRUE,FALSE
1000 kg of Chlorophyte bars,Terraria,"1000 kg worth of Chlorophyte ingots, an organic metal that spreads through mud. Magical, very durable, and farmable. Can be turned into homing bullets and other magical items.",Farmable,N/A,B,F,C,F,C,F,C,F,80,C,N/A,N/A,N/A,N/A,TRUE,FALSE
Truly Down Unda,Generic,A special effect that does one thing. It turns Australia upside down. That's it,World,N/A,SS,F,F,F,F,F,F,F,"1,000",S,N/A,N/A,N/A,N/A,FALSE,FALSE
Helltaker,Helltaker,"The titular Helltaker. Huge. Intimidating. Obsessed with getting a harem of demon girls. Really good at making pancakes. Kinda dumb, but means well.",Familiar,Male,E,D,C,D,D,A,F,B,176,B,Trust,Medium,N/A,N/A,FALSE,FALSE
Pandemonica,Helltaker,"The Tired Demon. Comes in two forms: exhausted and sadistic. Give her coffee to risk your life. She's one hell of a dominatrix, and not always the good kind",Familiar,Female,B,F,C,D,C,A,F,A,275,B,Trust,Medium,N/A,N/A,FALSE,FALSE
Modeus,Helltaker,"The Lustful Demon. Easily flustered. Loves romance, but can't handle it. Buries all of her feelings in lust. Might smash your head in with a giant hammer.",Familiar,Female,B,F,B,D,C,A,F,A,315,B,Trust,Medium,N/A,N/A,FALSE,FALSE
Cerberus,Helltaker,"The Triple Demon. Three bodies, one mind, one good dog. Kinda stupid. Kinda malicious. Likes kidnapping kids to teach them forbidden magics and knowledge.",Familiar,Female,B,F,C,D,C,A,F,A,275,B,Trust,Medium,N/A,N/A,FALSE,FALSE
Malina,Helltaker,The Sour Demon. Drunk. Bitchy. Always in the mood for turn based games. Loves game night. Hates idiots who can't play the fucking game. Ply her with alcohol and GOOD turn based games.,Familiar,Female,B,F,C,D,C,A,F,A,275,B,Trust,Medium,N/A,N/A,FALSE,FALSE
Zdrada,Helltaker,"The Bitch Demon. Bitchy. Mean. Smoky, literally. Smokes a lot, bitches a lot, has a sadomasochistic streak and also wears contacts for some reason.",Familiar,Female,B,F,C,D,C,A,F,A,275,B,Trust,Medium,N/A,N/A,FALSE,FALSE
Azazel,Helltaker,"The Curious Angel. Always seeking more knowledge of Hell and strange things beyond Heaven's rules. Obsessive with notes and data points. Hey, is her hair turning white or is it just me?",Familiar,Female,B,F,C,D,C,A,F,A,275,B,Trust,Medium,N/A,N/A,FALSE,FALSE
Justice,Helltaker,"The AWESOME Demon. Chill, badass, just plain cool. She's a bro in every respect except her boobs. Also she's blind. And really good at punching things.",Familiar,Female,B,F,B,D,B,A,F,A,355,B,Trust,Medium,N/A,N/A,FALSE,FALSE
Lucifer,Helltaker,"The CEO of Hell. Bitchy, rude, mostly just a bullyable tsundere. Not even her subordinates listen to her, despite her great strength and power. Still has some immunity to holy weapons.",Familiar,Female,S,F,A,D,A,A,F,A,905,A,Trust,Medium,N/A,N/A,FALSE,FALSE
Judgement,Helltaker,"Hell's High Prosecutor. Overwhelming. Powerful. Badass. One of the baddest bitches you'll ever meet, but has a surprisingly kind personality behind the demon act. Shouts a LOT.",Familiar,Female,A,F,B,D,B,A,F,A,405,B,Trust,Medium,N/A,N/A,FALSE,FALSE
Beelzebub,Helltaker,"The Great Fly. Once exiled to the void, now here to narrate, be grandiose and generally be a theater kid. Probably lying to you all the time. Probably. Obsessively cleans herself.",Familiar,Female,A,F,A,D,A,A,F,A,505,A,Trust,Medium,N/A,N/A,FALSE,FALSE
Loremaster,Helltaker,"No no no, of course she's not a demon! See? Her halo is right- right... um... these are fake horns! They're just glued on really well! A-and the hair is a wig! Right?",Familiar,Female,A,F,C,D,C,A,F,A,325,B,Trust,Medium,N/A,N/A,FALSE,FALSE
Moon,Helltaker,"The Faceless Demon. A shapeshifter without peer. Not always great at mimicking those she shapeshifts into. Vengeful, cold, calculating... loses her temper easily. Weak to pancakes.",Familiar,Female,B,C,C,D,C,A,F,A,285,B,Trust,Medium,N/A,N/A,FALSE,FALSE
Tower,Helltaker,"The Unbreakable Demon. Brash. Cruel. Really wants to be the High Prosecutor of Hell, and is willing to stab a whole bunch of people to get it. Nowhere near as strong as Judgement, though.",Familiar,Female,B,F,B,D,B,A,F,A,355,B,Trust,Medium,N/A,N/A,FALSE,FALSE
Generic Demons,Helltaker,"Hell's great workforce. Who could get by without a bunch of generic demons? Summon five at a time, if you need a hand, or to get paperwork done.",Familiar,Female,C,F,C,D,C,C,F,A,145,B,Trust,Medium,N/A,N/A,FALSE,FALSE
Archangel Michael,Helltaker,"The Leader of Heaven's Angels. Militaristic. Strict. Decorated. Sort of a mysterious person, honestly, as if she had no actual lore... she's probably just the quiet, strict type, though.",Familiar,Female,S,F,A,D,A,A,F,A,905,A,Trust,Medium,N/A,N/A,FALSE,FALSE
Generic Angels,Helltaker,"Heaven's great workforce. Who could get by without a bunch of generic angels? Summon five at a time, if you need a hand, or to get paperwork done.",Familiar,Female,C,F,C,D,C,C,F,A,145,B,Trust,Medium,N/A,N/A,FALSE,FALSE
Punishment,Helltaker,Who's a good boy? Who's a good boy? Judgement's dog that she just kinda picked up and took home. Cute. Simple looking. A little dumb.,Familiar,Male,F,E,F,D,F,A,F,F,106,B,Trust,Medium,N/A,N/A,FALSE,FALSE
Skeletons,Helltaker,"Hell's great army. Giant, yoked skeleton dudes that mostly just stand around and look tough, though they're not that hard to kick around. Will reassemble when broken. Also great at pogging. Summon 10 at a time.",Familiar,Male,E,F,D,D,D,B,F,C,76,C,Trust,Medium,N/A,N/A,FALSE,FALSE
Subject 67,Helltaker,"LMSU 667, the only successful Human/Demon hybrid. Constantly pissed off. Hates Loremaster. Really good at puzzles. Extremely weak to apple pie.",Familiar,Male,B,F,C,D,D,A,B,C,230,B,Trust,Medium,N/A,N/A,FALSE,FALSE
Breasts Plate,Generic,An overly large breastplate. When worn it will shift the wearer to fit it perfectly by giving them large enough breasts to take up the extra space. This does not change anything else about the wearer.,Arsenal,N/A,E,F,E,F,F,F,F,F,2,F,N/A,N/A,N/A,N/A,TRUE,TRUE
Herbalist,Generic,"Plants are easy. You can identify and use the vast majority of plants, and even the rarer ones you can at least recognize, even if using them is beyond you.",Skill,N/A,D,F,F,D,F,F,F,F,10,D,Train,Medium,N/A,N/A,FALSE,FALSE
Scholar,Generic,"Book smarts? Indeed. Reading and learning come more easily to you. You don't quite have eidetic memory, but it's no trouble at all to recall anything you've read.",Skill,N/A,D,F,F,D,F,F,F,F,10,D,Train,Medium,N/A,N/A,FALSE,FALSE
Cuddle King,Generic,"Your cuddles are now amazing. You know exactly how to set anyone with you at ease, and they'll feel much safer while cuddling with you.",Skill,N/A,E,E,F,E,F,D,F,F,8,E,N/A,N/A,N/A,N/A,FALSE,FALSE
Acceptable PDA,Generic,"So long as you aren't too blatant, people will overlook your public displays of affection.",Skill,N/A,E,F,F,F,F,D,F,F,6,E,N/A,N/A,N/A,N/A,FALSE,TRUE
Imp,Generic,"You're a low rank demon, a little small and puny, but far superior to the human condition anyway. Increased affinity to Fire, Darkness, and Unholy effects. Weakness to Holy, Light, and exorcisms in general",Race,N/A,D,F,D,D,D,E,D,D,31,D,Train,Medium,N/A,N/A,FALSE,FALSE
Form Fitting,Generic,"Anything you wear will fit. No matter what it's made of anything you put on will somehow adjust to perfectly fit you. This will end as soon as you take it off, returning the item to its usual proportions.",Passive,N/A,E,F,F,F,F,D,F,F,6,E,N/A,N/A,N/A,N/A,FALSE,FALSE
Acid Reflect,Generic,"Your body really doesn't like being hurt. Anyone that harms you will find that all of your bodily fluids act like acid to them. Blood, spit, anything. The acid is only as dangerous as your Might value.",Passive,N/A,D,F,D,F,F,F,D,F,15,D,N/A,N/A,N/A,N/A,FALSE,FALSE
Hard Heart,Generic,Heart problems? Anyone hitting your heart is going to have problems. Your heart works better in general and is just as strong as your bones.,Passive,N/A,D,F,D,F,F,F,D,F,15,D,N/A,N/A,N/A,N/A,FALSE,FALSE
Micro Pyrokinesis,Generic,"You can control heat and flame at small scale within 10 meters, with a maximum flame size matching a match or a lighter. You have atomic scale precision with it, though.",Ability,N/A,C,F,F,C,F,F,F,F,20,D,Train,Medium,N/A,N/A,FALSE,FALSE
Fireballs,Generic,"Launch fireballs from your hands or other appendages. Size, power, and speed are dependent on energy consumed and skill with this ability.",Ability,N/A,C,F,C,F,F,F,F,F,20,D,Train,Medium,N/A,N/A,FALSE,FALSE
Heat Metal,Dungeons and Dragons,"Increase the temperature of any metal within 60 feet. The more energy you expend, the faster it heats and the hotter it gets. Anything touching the metal takes heat damage.",Ability,N/A,C,F,C,F,F,F,F,F,20,D,Train,Medium,N/A,N/A,FALSE,FALSE
Extinguish Flames,Generic,"Remotely extinguish any flame within sensory range. The stronger the flame, the more energy needed to put it out.",Ability,N/A,C,F,C,F,F,F,F,F,20,D,Train,Medium,N/A,N/A,FALSE,FALSE
Fire Claws,UnOrdinary,"Grow your fingernails into long, sharp claws and coat them in super hot flames capable of slicing and melting metal with ease.",Ability,N/A,C,F,C,F,F,F,F,F,20,D,Train,Medium,N/A,N/A,FALSE,FALSE
Micro Hydrokinesis,Generic,"You can control water and ice at small scale within 10 meters, with a maximum volume of a few drops. You have atomic scale precision with it, though.",Ability,N/A,C,F,F,C,F,F,F,F,20,D,Train,Medium,N/A,N/A,FALSE,FALSE
Rain,Generic,"Make it rain on command. The more energy spent, the larger the downpour and the further it goes. Boosts water abilities. Suppresses fire abilities.",Ability,N/A,C,F,F,C,F,F,F,F,20,D,Train,Medium,N/A,N/A,FALSE,FALSE
Ice Sprout,Generic,"Form ice from the ground within 20 meters to create constructs, walls, pillars, barriers, etc. The more energy spent, the faster they form and the more you can shape them.",Ability,N/A,C,F,C,F,F,F,F,F,20,D,Train,Medium,N/A,N/A,FALSE,FALSE
Arc,Generic,Channel electricity through your body and discharge it at will. With training you can channel more power more precisely,Ability,N/A,C,E,C,F,F,F,F,F,21,D,Train,Medium,N/A,N/A,FALSE,FALSE
Electromagnetic Sight,Generic,"Channel energy to see electromagnetic fields and electricity around you, even through walls. You can even tell different sources apart.",Ability,N/A,C,F,F,C,F,F,F,F,20,D,Train,Medium,N/A,N/A,FALSE,FALSE
Fissure,Generic,"Create fissures on any object on touch to split it apart or shatter it entirely. The stronger the object, the harder it is to fissure.",Ability,N/A,C,F,C,F,F,F,F,F,20,D,Train,Medium,N/A,N/A,FALSE,FALSE
Sandstream,Generic,Launch high pressure sand from your body to effectively sandblast them and blind them. 10 meter range to start out.,Ability,N/A,C,D,C,F,F,F,F,F,25,D,Train,Medium,N/A,N/A,FALSE,FALSE
Crystal Spikes,Generic,Create massive crystal spikes from the ground or any contacted surface within 10 meters of the point of contact to impale opponents or make barriers,Ability,N/A,C,F,C,F,F,F,F,F,20,D,Train,Medium,N/A,N/A,FALSE,FALSE
Disc of Light,Elden Ring,Throw out a razor sharp disc of light that eventually returns to you on an arcing path.,Ability,N/A,C,F,C,F,F,F,F,F,20,D,Train,Medium,N/A,N/A,FALSE,FALSE
Bio-Spikes,Generic,"Sprout spikes from your body made of generic biological material to impale foes. They will not harm your body when created or while in use. Retracts into nothing, or falls off harmlessly when done. Starting range of 10 meters.",Ability,N/A,C,F,C,F,F,F,F,F,20,D,Train,Medium,N/A,N/A,FALSE,FALSE
Venom Injection,Generic,"You can now inject potent venom into someone with bite, claws, spray, spit, or otherwise attached to your powers. Venom potency depends on stats.",Ability,N/A,C,F,F,F,F,F,C,F,20,D,Train,Medium,N/A,N/A,FALSE,FALSE
Zero Gravity,Generic,Expend energy to move around through the air as if in a zero gravity environment. Best used with some method of propulsion.,Ability,N/A,C,F,F,F,C,F,F,F,20,D,Train,Medium,N/A,N/A,FALSE,FALSE
Gearbox,Generic,"Manipulate the output of any machine you touch, either lowering output to preserve longevity or increase maximum output to its physical limits even when the mechanism for the change does not physically exist.",Ability,N/A,C,F,F,C,F,F,F,F,20,D,Train,Medium,N/A,N/A,FALSE,FALSE
Void Shadow,Legendary Mechanic,"Create shadow copies of yourself. They can't interact with the world but also can't be damage. They are fast, can blind enemies, and share their senses with you. Lasts 30 minutes at a time. Only one copy at base.",Ability,N/A,C,D,F,C,F,F,F,F,25,D,Train,Medium,N/A,N/A,FALSE,FALSE
Rebake,Generic,"Spend energy to recreate any food you've cooked with your own hands. The recreated food exists as a permanent, real item. Energy scales with complexity, volume, and expense of food. Only applies to regular food items.",Ability,N/A,C,D,F,F,F,D,F,F,20,D,Train,Medium,N/A,N/A,FALSE,FALSE
Capra Demons,Dark Souls,Goat skull headed demons formed of Chaos. Resistant to fire and unholy damage. Larger and stronger than any normal human. Expend more energy to summon more demons.,Familiar,N/A,C,E,D,E,D,D,D,D,37,D,Trust,Medium,N/A,N/A,FALSE,FALSE
Beowolf Pack,RWBY,"A pack of wolf-like monsters formed of destruction and darkness. Werewolf shaped, bear sized, vicious and strong enough to throw cars around like nothing. Can search out living beings via strong negative emotions. Start with 10.",Familiar,N/A,C,D,D,E,D,F,D,D,36,D,Time,Medium,N/A,N/A,FALSE,FALSE
Havel's Greatshield,Dark Souls,A greatshield of magical stone wielded by Havel the Rock. Grants enhanced durability and allows you to cast stoneskin to further reinforce your body.,Arsenal,N/A,C,F,C,F,F,F,F,D,25,D,N/A,N/A,N/A,8hr,TRUE,FALSE
Pocket Armory,Generic,A large gray duffel bag containing one of every single mundane non-mechanical weapon made of high grade steel. Take one weapon out at a time. Returning the weapon to the bag repairs it for next usage.,Arsenal,N/A,D,F,C,F,F,F,F,D,20,D,N/A,N/A,N/A,8hr,TRUE,FALSE
Evil Eye Ring,Black Souls,A gold ring with an eye-shaped ruby on top. Grants minor regeneration.,Wearable,N/A,D,F,D,F,F,F,F,F,10,D,N/A,N/A,N/A,Manual,TRUE,FALSE
Kubikiribocho,Naruto,A massive cleaver shaped sword wielded by the best swordsmen an entire ninja village could produce. Conducts energy incredibly well. Regenerates by drinking the blood of your enemies.,Arsenal,N/A,C,F,D,F,F,F,E,C,26,D,N/A,N/A,N/A,Manual,TRUE,FALSE
Riptide,Percy Jackson,"A xiphos made of Celestial Bronze, hidden in the form of a regular capped pen. Cannot hurt mortals or the mundane, but deals extra damage to supernatural creatures and even Gods when wielded properly. Increases water affinity.",Arsenal,N/A,C,F,C,F,F,F,F,D,25,D,N/A,N/A,N/A,Auto,TRUE,FALSE
Crescent Rose,RWBY,An ungodly powerful sniper-scythe normally wielded by a tiny girl in a red hood. Fires .50 bmg Dust rounds with both bolt action and semi-auto capability. Can shred through reinforced steel and armor like it's nothing. Chops trees down even with a halfhearted swipe. One magazine with 20 shots per 24 hours.,Arsenal,N/A,C,E,C,F,D,C,F,D,41,D,N/A,N/A,24hr,1hr,TRUE,FALSE
Light Cycle,TRON,"A high tech, sleek, futuristic motorcycle hidden in a baton. Powers itself ambiently off of solar, or from an electrically charged area. Top speed of 300 mph, provides Jet Wall functionality to deter pursuers.",Vehicle,N/A,C,F,D,F,C,C,F,D,40,D,N/A,N/A,N/A,1hr,TRUE,FALSE
Regalia of Eochaid,Elden Ring,A one handed executioner's blade imbued with the skill Eochaid's Dancing Blade. Channel your energy into the blade and fling it forth to deal damage for you before it returns.,Arsenal,N/A,C,F,C,F,C,F,F,F,30,D,N/A,N/A,N/A,Auto,TRUE,FALSE
Satchel of Seeds,Generic,"An ordinary looking hip satchel that contains a nearly unlimited amount of any mundane seed found on Earth in the year 2026. You can remove 10kg of material every 24 hours. To pull a seed or sapling, simply think about it and reach in. Comes with a notepad detailing information on all of its contents.",Farmable,N/A,C,F,F,F,F,F,F,B,60,C,N/A,N/A,N/A,8hr,TRUE,FALSE
Flynn's Ring,Dark Souls,A ring that increases strength in proportion to how little you carry.,Wearable,N/A,C,F,C,F,F,F,F,F,20,D,N/A,N/A,N/A,8hr,TRUE,FALSE
Berserker Armor,Berserk,"Armor forged by the dwarf Hanarr, imbued with magic to suppress fear and pain and drive the wearer forth with violence. Grants increased strength and allows the wearer to fight at the very edge of their body's true limits. Forcibly pins your body back together so you can keep fighting. You really shouldn't wear this.",Arsenal,N/A,C,C,C,F,C,F,F,C,50,C,N/A,N/A,N/A,Manual,TRUE,FALSE
Taimanin Changing Booth,Taimanin,A summonable changing booth that allows you to quick-change into a custom made bulletproof and enchantable Taimanin suit tailored to you and your set of abilities. Have fun parading in skin-tight latex and mesh. One outfit per person. Re-entering the booth repairs the outfit.,Wearable,N/A,C,C,C,F,C,C,F,F,50,C,N/A,N/A,N/A,Auto,TRUE,TRUE
Ran Yakumo Fumo,Touhou Project,"A fumo of a nine tailed fox shikigami, possessing Master level Mathematics. Shake the plushie and give it a writing utensil and it can write down the calculated answer to any question you could give it.",Novelty,N/A,C,E,F,A,F,E,F,F,112,B,N/A,N/A,N/A,Manual,TRUE,FALSE
Apprentice Shooting,Generic,"You're decent enough at firearms and projectiles to consistently land hits with any weapon you choose, but not enough to keep nailing headshots over and over.",Skill,N/A,D,F,F,C,D,F,F,F,20,D,Train,Medium,N/A,N/A,FALSE,FALSE
Apprentice Mechanics,Generic,"Machines just make sense. You know you way around pretty much all mundane machines, enough to fix and make basic machinery.",Skill,N/A,D,F,F,C,F,F,F,F,15,D,Train,Medium,N/A,N/A,FALSE,FALSE
Apprentice Marital Arts,Generic,"You're pretty damn good at sex, enough to actually make them cum and respond to what they want on a moment's notice.",Skill,N/A,D,F,F,C,D,C,F,F,30,D,Train,Medium,N/A,N/A,FALSE,FALSE
Throwing,Generic,"Give it a pitch. You have a natural talent will throwing things, to the point of incredible, though not supernatural, speed and accuracy. ",Skill,N/A,D,F,D,F,F,F,F,F,10,D,Train,Medium,N/A,N/A,FALSE,FALSE
Literacy,Generic,"You can read. Anything. As long as it's not something lost to time or similar esoteric, you can read it. You've even got a few tricks to make reading faster.",Skill,N/A,D,F,F,D,F,F,F,F,10,D,Train,Medium,N/A,N/A,FALSE,FALSE
Enhanced Stamina,Generic,Do it all day. You've got enhanced stamina.,Passive,N/A,D,F,D,F,D,F,F,F,15,D,N/A,N/A,N/A,N/A,FALSE,FALSE
Headpat,Generic,"Headpats are mandatory. Your headpats feel significantly better, giving a sense of calm on contentment. They also work to remove corruption and negative mental effects.",Passive,N/A,C,F,F,D,F,D,F,F,20,D,N/A,N/A,N/A,N/A,FALSE,FALSE
Reward Assurance,Generic,"If you perform a task someone set, they will be compelled to give an equivalent reward even if they don't like it. This only activates if you had some form of agreement before the task was done, though this doesn't need to be done in person.",Passive,N/A,D,D,F,F,F,F,F,F,10,D,N/A,N/A,N/A,N/A,FALSE,FALSE
King of Disco,Generic,"Light up the dance floor! Nobody can beat you at dancing*! Also gives you the balance, rhythm, finesse, and coordination to actually dance. *Normally. Gods and similar supernatural beings may still beat you.",Passive,N/A,D,F,F,F,D,D,F,F,15,D,Train,Fast,N/A,N/A,FALSE,FALSE
Tough Skin,Generic,"Your skin is oddly tough. It isn't much, but it's enough to handle small knives from people who don't know what they're doing.",Passive,N/A,F,F,D,F,F,F,F,F,5,E,N/A,N/A,N/A,N/A,FALSE,FALSE
Half Light,Disco Elysium,"Your instincts are easy to listen to. Maybe a bit too much- you'll instinctively know the exact advice each of your base instincts (Fight, Flight, Fuck) would give you in any given situation. Try not to listen to them too much.",Passive,N/A,E,F,F,D,F,F,F,F,6,E,Train,Slow,N/A,N/A,FALSE,FALSE
Loveable Pervert,Generic,"As long as you don't go too far, your perverted actions are exasperating or charming instead of deeply inappropriate .",Passive,N/A,D,E,F,E,F,D,F,F,12,D,N/A,N/A,N/A,N/A,FALSE,FALSE
Eagle Eyes,Generic,Your eyesight is amazing. You don't need any form of vision correction and can pick out things from much farther than a normal person.,Passive,N/A,D,F,F,E,F,F,F,F,6,E,N/A,N/A,N/A,N/A,FALSE,FALSE
Bloodless,Generic,"As long as you have even a little blood left in your body, you won't suffer any ill effects from blood loss.",Passive,N/A,D,F,F,F,F,F,D,F,10,D,N/A,N/A,N/A,N/A,FALSE,FALSE
Fertility Calibration,Generic,You decide how fertile you are. From completely barren to impregnated/impregnating with even the smallest drop.,Passive,N/A,D,F,F,F,F,E,D,F,11,D,N/A,N/A,N/A,N/A,FALSE,TRUE
Honesty,Generic,You're just too honest. People feel bad about lying to you and are generally more honest around you.,Passive,N/A,D,D,F,F,F,F,F,F,10,D,N/A,N/A,N/A,N/A,FALSE,FALSE
Bureaucrat's Eye,Generic,"Simple paperwork. You can read any legal or government document without issue, no jargon is enough to stop you and every loophole will be easily noticed.",Passive,N/A,D,F,F,E,F,F,F,F,6,E,N/A,N/A,N/A,N/A,FALSE,FALSE
Endless Stomach,Generic,"Your appetite is endless, and your stomach can keep up. You may eat as much as you want and never feel more than comfortably full. More- your stomach will properly digest all that food, allowing you to pre-eat for days to months at a time.",Passive,N/A,D,F,F,F,F,E,D,F,11,D,N/A,N/A,N/A,N/A,FALSE,FALSE
Allowance,Generic,Every week you get money equivalent to 2x the general basic job wage sent directly to your wallet or bank account. Think cashier or store clerk.,Passive,N/A,D,F,F,F,F,F,F,F,5,E,N/A,N/A,N/A,N/A,FALSE,FALSE
Dullahan's Deception,Generic,"Decapitation? Just a flesh wound. You can remove your head at will. This doesn't harm you in any way and your head is still 'attached' to your neck through some complex magic thing. This means your detached head can still eat, drink, talk, and do everything else.",Passive,N/A,D,F,E,F,F,F,F,F,6,E,N/A,N/A,N/A,N/A,FALSE,FALSE
Flameshaping,Generic,"Produce moderately strong flames capable of being shaped into constructs such as arrows and fireballs, even swords if you practice.",Ability,N/A,D,F,D,F,F,F,F,F,10,D,Train,Medium,N/A,N/A,FALSE,FALSE
Firehose Spray,Generic,Produce large volumes of freshwater from your hands. You cannot control it any more than just aiming a hose. Could seriously hurt someone and knock them over.,Ability,N/A,D,F,D,F,F,F,F,F,10,D,Train,Medium,N/A,N/A,FALSE,FALSE
Snow Warning,Generic,"Summon a snowstorm on your position that boosts ice based abilities. The more energy expended, the bigger the storm is.",Ability,N/A,C,D,C,F,F,F,F,F,25,D,Train,Medium,N/A,N/A,FALSE,FALSE
Stone Bullet,Generic,"Conjure hardened stone pellets and fire them at supersonic speed. The more energy spent, the greater your volume and rate of fire. Do your best A-10 impression, even.",Ability,N/A,D,F,C,F,F,F,F,F,15,D,Train,Medium,N/A,N/A,FALSE,FALSE
Exorcists's Light,Generic,"Emite an exorcising light from your body. Useless to normal or holy beings, extra powerful against unholy and dark-aligned beings.",Ability,N/A,D,D,F,F,F,F,F,D,15,D,Train,Medium,N/A,N/A,FALSE,FALSE
Minor Healing Light,Generic,"Bathe a target within 10 meters with healing light, restoring their health and vigor. Effect scales with power level. Stronger targets are harder to heal. Does not cure status effects, only physical wounds like cuts, stabs, and broken bones.",Ability,N/A,D,F,F,F,F,F,F,D,10,D,Train,Medium,N/A,N/A,FALSE,FALSE
Phantom Touch,Generic,"Touch a target from range with any sensation you choose. They cannot physically affect a target beyond stimulating their skin. Hands, mouth, teeth, so on and so forth.",Ability,N/A,D,F,F,F,F,F,F,F,5,E,Train,Medium,N/A,N/A,FALSE,FALSE
Acceleration,Generic,"The longer you move, the faster you go, capped at 500% movement speed. Limit expands through training.",Ability,N/A,D,F,F,F,D,F,F,F,10,D,Train,Medium,N/A,N/A,FALSE,FALSE
Tech Tree: Games,Generic,Build constructs and machines dedicated to games and entertainment. You have 100x the efficiency of a full dev team when working on games or game related mechanisms. This includes anything from arcade machines to digital software.,Skill,N/A,D,D,F,D,F,D,F,D,25,D,Train,Medium,N/A,N/A,FALSE,FALSE
Share Sense,Generic,"Link your senses with others and vice versa- see what they see, touch what they touch. Activates on touch. Must be willing. Technically no cap on amount of people who can share senses, but it gets disorienting very quickly.",Ability,N/A,D,F,F,C,F,F,F,F,15,D,Train,Medium,N/A,N/A,FALSE,FALSE
Spiritual Interaction,Generic,"You can physically interact with the spirital world, as can your abilities. Your perception extends to souls and spirits of all kinds.",Ability,N/A,D,D,F,D,F,F,F,D,20,D,Train,Medium,N/A,N/A,FALSE,FALSE
Cat Form,Generic,"Turn into a cat whenever you want, though at base you are still just a normal cat. Also comes with a hybrid form. Sadly not a Zoan transformation, so it isn't enhanced.",Ability,N/A,D,F,F,D,D,D,D,F,25,D,Train,Medium,N/A,N/A,FALSE,FALSE
Great Soul Arrow,Dark Souls,"Draw forth your soul energy and shape it into a weapon that homes in on targets when fired. The stronger your soul, the stronger the arrow.",Ability,N/A,D,D,D,D,F,F,F,F,20,D,Train,Medium,N/A,N/A,FALSE,FALSE
Whip Wing,Deadman Wonderland,"A Branch of Sin that allows you to condense your blood into prehensile whips. The stronger your vitality and the higher the amount of blood spent, the stronger the whips.",Ability,N/A,D,F,C,D,F,F,C,F,30,D,Train,Medium,N/A,N/A,FALSE,FALSE
Wyvern,Generic,A massive flying reptile with fire breath. Only has wings and hind legs instead of all six main limbs. Can swallow a man whole and roast a batallion. Can lay eggs to reproduce... or make a really big omelette.,Familiar,Female,C,F,C,D,C,D,C,C,60,C,Trust,Medium,N/A,N/A,FALSE,FALSE
Divine Dogs,Jujutsu Kaisen,"From your shadow or nearby shadows, summon two Divine Dogs with vicious fangs and razor claws. They aren't particularly esoteric, but they're strong, fast, stealthy, smart, and damn good at killing. They can also jump through nearby shadows. If one dies, the other inherits its essence and becomes Divine Dogs: Totality, a larger, more werewolf-like form.",Familiar,Other,C,D,D,D,D,C,D,D,50,C,Train,Medium,N/A,N/A,FALSE,FALSE
Potato GLaDOS,Portal,"The snarkiest, meanest ""AI"" stuck in a potato that you've ever seen. Obsessed with testing, full of Aperture Science Labs data, and capable of interfacing with any system you plug her into. She could build anything in her database... if you give her the tools.",Familiar,Female,C,D,F,A,F,C,D,D,135,B,Tinker,Fast,N/A,N/A,FALSE,FALSE
Worker Iron Golems,Minecraft,"A set of 10 iron golems with solid mechanical skill and a knack for physical labor. Tireless and capable of working without breaks, but not programmed to enter combat. Summon more workers the more energy you have.",Familiar,Other,C,F,C,D,E,F,F,D,31,D,Time,Medium,N/A,N/A,FALSE,FALSE
Lopunny,Pokemon,"A fully evolved rabbit pokemon with great agility, hella strong kicks, and a very cutesy demeanor. She can and will kick your ass if you don't raise your friendship score first, though.",Familiar,Female,C,F,C,D,C,C,C,D,60,C,Trust,Medium,N/A,N/A,FALSE,FALSE
Dragon Ball,Dragon Ball,"One singular dragon ball. Does literally nothing on its own, but will summon Shenron if you manage to roll this ticket 7 times. Somehow. You aren't fudging your rolls, are you?",Novelty,N/A,SS,F,F,F,F,F,F,S,"1,500",S,Twin,Hyper,N/A,Auto,TRUE,FALSE
Trinket of Chi,Terraria,"A trinket once owned by a monk who became a statue. When standing still for 3 or more seconds, recover energy and health faster.",Wearable,N/A,D,F,D,D,F,F,F,D,20,D,N/A,N/A,N/A,1hr,TRUE,FALSE
Stimpack,Fallout,A syringe pack full of modified stem cells and healing agents. Boosts regeneration and healing when injected. Do not used while malnourished or otherwise lacking nutrients.,Consumable,N/A,D,F,F,F,F,F,D,D,15,D,N/A,N/A,24hr,8hr,TRUE,FALSE
Super Crown,Mario,"A pink and gold crown with cutesy eyes on it. When placed on the head of any vaguely sentient being (no, not sapient, sentient), it will turn them into a pretty girl, usually a cute princess resembling Princess Peach. Does not come off unless you want it off.",Wearable,N/A,A,C,F,F,F,F,A,C,220,B,N/A,N/A,N/A,Auto,TRUE,FALSE
Dimensional Courier,Generic,A phone with a single number in it. Call it to contact the Dimensional Courier and buy anything from anywhere you've been to (as long as it's purchaseable with regular money as a civilian). Works across realities. Delivery within 8 hours tops. Going rate is 10% commission on all purchases.,Novelty,N/A,D,F,F,F,A,F,F,F,105,B,N/A,N/A,N/A,Auto,TRUE,FALSE
Universal Rations,Generic,"A bottle of 100 small white pills. Each pill counts as all the nutrients and dietary needs your body requires for 8 hours and leaves you full, regardless of race or dietary restrictions. Pills are flavorless.",Consumable,N/A,C,F,F,F,F,F,F,F,10,D,N/A,N/A,24hr,Auto,TRUE,FALSE
Whip of Ecstasy,Generic,A whip that cannot harm beyond superficial marks. All pain and damage dealt becomes raw ecstasy and sexual pleasure for the victim instead. Great for masochists with sensitive skin.,Arsenal,N/A,D,D,F,F,F,C,F,F,20,D,N/A,N/A,N/A,N/A,TRUE,TRUE
Apprentice Cooking,Generic,"You're quite the seasoned chef. You can make complex dishes with no issues, and most of what you make is of fine restaurant quality.",Skill,N/A,D,F,F,D,F,C,F,F,20,D,Train,Slow,N/A,N/A,FALSE,FALSE
Apprentice Blade Weapon Mastery,Generic,"You're quite good at handling bladed weapons and instruments. You can match most dedicated practitioners in skill, if not experience and physicality. Still not a pro, though.",Skill,N/A,D,F,D,D,D,F,F,F,20,D,Train,Slow,N/A,N/A,FALSE,FALSE
Apprentice Interfacing,Generic,"You can pick locks, pockets, and feel around various mechanics with ease. You could fiddle a safe open in moments.",Skill,N/A,D,F,F,C,F,D,F,F,20,D,Train,Slow,N/A,N/A,FALSE,FALSE
Apprentice Communication,Generic,"You're quite skilled at understanding others and letting your own intentions be heard. You can make yourself understood to most people, though you're not an expert yet.",Skill,N/A,D,D,F,D,F,D,F,F,20,D,Train,Slow,N/A,N/A,FALSE,FALSE
Gooning,Generic,"You are very skilled at the art of being a Goon, a Mook, a Guy, a Thug. You can shake people down, intimidate people for answers, and are decent enough at handling knives, guns, and fisticuffs. You also have a heavy Brooklyn accent if you want. You could hench at any crime organization you want.",Skill,N/A,D,D,D,D,D,D,F,F,30,D,Train,Slow,N/A,N/A,FALSE,FALSE
A Very Special Ranch,Generic,"Somewhere in the world is an abandoned ranch that you are now the proud owner of. It won't take much effort to get it working again, but all the equipment on the ranch is made to modify and farm humans for fur, milk, and other products. Nothing gruesome, fortunately, but it'd take significant money and time to replace everything to handle normal animals. Once it's out the ranch is restarted, people will regularly come around looking to join.",World,N/A,D,F,F,F,F,F,D,D,15,D,Time,Slow,N/A,N/A,FALSE,TRUE
Thicc & Shake,Trials in Tainted Space,"A container of batter. When applied to the hips and butt region, allows the user to stimulate those regions to make them larger. Active for 4 hours at a time. Overuse of this product can result in unintended effects. Including, but not limited to, an inability to make any of these areas smaller or an obesssion with anal sex.",Consumable,N/A,E,F,F,F,E,F,E,F,3,F,N/A,N/A,24hr,N/A,FALSE,TRUE
Milk Caramel Gushers,Trials in Tainted Space,A caramel treat that instantly makes the user lactate heavily. Overuse may result in being incapable of ceasing lactation.,Consumable,N/A,E,F,F,F,F,F,E,F,2,F,N/A,N/A,24hr,N/A,FALSE,TRUE
Mousearella Cheese,Trials in Tainted Space,"A cheese snack in a plastic wrapper. Consumption of this will gradually turn the user into a mouse anthromorph, complete with large ears and a tail.",Consumable,N/A,E,F,F,F,E,F,E,F,3,F,N/A,N/A,24hr,N/A,FALSE,TRUE
Ruskvel,Trials in Tainted Space,"A greasey treat. Gradually turns the user into a Raskvel if consumed- a bunnylike species characterized by poor long term thinking, but incredible mechnical prowess.",Consumable,N/A,E,F,E,B,E,F,E,F,54,C,N/A,N/A,24hr,N/A,FALSE,TRUE
NIKKE,Nikke: Goddess of Victory,"Flooded with nanites, your brain has been placed into an entirely mechanical body. Given the means, you can observe, edit, replace, or delete your memories. Your body is powered by an energy core and you do not need to eat or sleep, though you can do both and do gain energy from eating. Crafted of exceptionally strong alloys, your body is difficult to harm and extremely strong. Should you die your memories can be implanted into another body if you have the means.",Race,Female,D,F,D,E,D,D,E,F,22,D,Tinker,Snail,N/A,N/A,FALSE,FALSE
Your Personal Gacha,Generic,"Congrats! You now have a gacha all to yourself. Unfortunately, there isn't anything in there. Fortunately, you can put things in there yourself. Any object or person may be put into the gacha, which will turn them into a sexy woman with all abilities they already had completely loyal to you. These women may then be summoned to help you, and if killed will simply return to the gacha. Strong people may be able to resist and break out of the gacha, recalling all character back and rendering in inoperable for a month.",Ability,N/A,A,B,D,F,F,E,E,F,157,B,Train,Hyper,N/A,Auto,FALSE,FALSE
Commemorative Cards,Generic,"Through the power of violence you can turn your defeated enemies into cards. You may either make a copy of them in card form or actually trap their existence inside of a card. The card will be for whatever game you play, or a popular game in universe, and nobody will question it's legality. Provided you have the tools, these cards may be modified to change the person within physically, mentally, or their abilities. You may summon the people out of the card and they will be forced to aid you, though they may only do the bare minimum unless otherwise told. Additionally, you make take on their forms and review their memories if you wish.",Ability,N/A,A,D,E,F,F,E,E,E,109,B,Train,Fast,N/A,N/A,FALSE,FALSE
Discard,Generic,"Steal any inanimate object you touch into a decorative playing card with some weight and heft. The more massive the object, the harder it is to take in, same with power level. With practice, you could even combine cards for new effects and items.",Ability,N/A,C,C,F,D,D,F,F,F,30,D,Tinker,Medium,N/A,N/A,FALSE,FALSE
Rapid Fire Flintlock pistol,Generic,"""I've got seventeen more shots in this single shot flintlock!"" Don't ask how they figured out how to put a switch on a flintlock and give it an 18 round extendo-mag. Just... don't. It works. That's all there is to say. Still as inconvenient as a normal flintlock reload for the first pellet, though.",Arsenal,N/A,E,E,D,F,F,E,F,E,9,E,N/A,N/A,N/A,N/A,TRUE,FALSE
SA-X,Metroid,"A fusion of Samus Aran's DNA, Varia Suit, and an X-Parasite. Highly adaptable. Incredibly intelligent. Surprisingly powerful. Weak to enemies that drain life force and freezing attacks. Surprisingly, not just a mindless killer.",Familiar,Female,D,D,C,D,C,D,B,A,190,B,Train,Medium,N/A,N/A,FALSE,FALSE
Hoppou,Kantai Collection,"The abyssal embodiment of the WW2 Dutch Harbor in the form of a small, adorable, albino child who really likes her little plane that she carries everywhere. She is, in fact, a giant eldritch military installation with lots of anti-air, lots of minions, lots of tiny fairies to keep herself equipped and maintained, and also somehow still knows how to swim... or at least skate on the water's surface. Would like her enemies to go home now, please.",Familiar,Female,B,C,C,E,D,C,C,B,146,B,Tinker,Medium,N/A,N/A,FALSE,FALSE
Parasol Beauty,Kingdom Hearts,"The prettiest of roses have the cruelest of thorns-or, in this case laser parasols and spinning skirts of doom. A duo of this Heartless will now appear and help you out with ranged fighting. They are weak to fire, light, and soul attacks. Just make sure they don't eat any nearby hearts or souls.",Familiar,Female,C,D,E,E,D,D,E,C,38,D,Train,Medium,N/A,N/A,FALSE,FALSE
Black Coat,Kingdom Hearts,"A set of clothing consisting of a black coat, pants, upper wear, boots, and gloves that change to fit and hide the face of  the wearer. Mainly used to protect the soul/heart from corrupting influences when travelling in the Corridors of Darkness. A snazzy set of clothing for all ocassions.",Wearable,N/A,C,D,E,F,F,E,F,A,117,B,N/A,N/A,N/A,N/A,TRUE,FALSE
Training Mode,Generic,"You now have access to a private training realm in the void, where you can hone all your skills and abilities against customizable enemies resembling and patterned after enemies that you've already fought before. You cannot suffer lasting damage or die in the training room.",World,N/A,A,A,F,F,F,A,F,A,400,B,Train,Medium,N/A,N/A,FALSE,FALSE
Serial Designation V,Murder Drones ,"A bitchy, sarcastic, moody Disassembly Drone repressing a lot of trauma. She comes standard with lots of different weapon hands, bladed wings, a nanite acid stinger, and teeth that can chomp right through steel and flesh. Weak to sunlight, always needs coolant in either blood or oil to stave off overheating, regenerates quickly when wounded. Also doesn't wear pants for some reason...",Familiar,Female,C,F,C,D,B,D,C,E,91,C,Tinker,Medium,N/A,N/A,FALSE,FALSE
Serial Designation J,Murder Drones ,"A bitchy, corporate, bootlicking Disassembly Drone repressing a lot of trauma. She comes standard with lots of different weapon hands, bladed wings, a nanite acid stinger, and teeth that can chomp right through steel and flesh. Weak to sunlight, always needs coolant in either blood or oil to stave off overheating, regenerates quickly when wounded. Secretly a suicidal manic alcoholic who regrets literally everything in her life.",Familiar,Female,C,F,C,D,B,D,C,E,91,C,Tinker,Medium,N/A,N/A,FALSE,FALSE
Serial Designation N,Murder Drones ,"A friendly, gentle, adorkable Disassembly Drone repressing a lot of trauma. He comes standard with lots of different weapon hands, bladed wings, a nanite acid stinger, and teeth that can chomp right through steel and flesh. Weak to sunlight, always needs coolant in either blood or oil to stave off overheating, regenerates quickly when wounded. He's a pilot~ And also a lot more intelligent than most people think he is for some reason.",Familiar,Male,C,F,C,D,B,D,C,E,91,C,Tinker,Medium,N/A,N/A,FALSE,FALSE
Maid J,Murder Drones ,"A normal worker drone capable of doing household tasks like cleaning, cooking, setting the table, entertaining guests, so on and so forth. Clingy to certain people, bitchy to most others. Seems to like sucking up to corporate entities.",Familiar,Female,D,F,D,D,D,D,F,E,26,D,Tinker,Medium,N/A,N/A,FALSE,FALSE
Maid V,Murder Drones ,"A normal worker drone capable of doing household tasks like cleaning, cooking, setting the table, entertaining guests, so on and so forth. Soft and anxiety-riddled, fairly clumsy, needs glasses for some reason.",Familiar,Female,D,F,D,D,D,D,F,E,26,D,Tinker,Medium,N/A,N/A,FALSE,FALSE
Butler N,Murder Drones ,"A normal worker drone capable of doing household tasks like cleaning, cooking, setting the table, entertaining guests, so on and so forth. Loves dogs, thinks the best of everyone around him, a lot more competent than most people think he is.",Familiar,Male,D,F,D,D,D,D,F,E,26,D,Tinker,Medium,N/A,N/A,FALSE,FALSE
Uzi Doorman,Murder Drones ,"A sarcastic, bitchy, emo gremlin of a Solver drone. She possesses an incomplete solver, sometimes freaks out about eating people, and is still learning the ins and outs of her freaky mutant body.",Familiar,Female,C,F,D,C,D,D,C,E,46,D,Tinker,Medium,N/A,N/A,FALSE,FALSE
Doll,Murder Drones ,"A sarcastic, dour, serial killer of a Solver drone. She possesses an incomplete solver, sometimes freaks out and starts mass murdering people, and is still learning the ins and outs of her freaky mutant body.",Familiar,Female,C,F,D,D,C,D,C,E,46,D,Tinker,Medium,N/A,N/A,FALSE,FALSE
Tessa Elliott,Murder Drones ,"A mostly normal Australian rich girl who's just happy to be here. She likes digging up dead relatives for their hair, repairing destroyed worker drones, eldritch horror, satanic rituals, and bitchy corpo worker drones.",Familiar,Female,E,E,E,D,E,E,E,E,12,D,Trust,Medium,N/A,N/A,FALSE,FALSE
Absolute Solver Uzi Doorman,Murder Drones ,"The primary host of the Absolute Solver. Possibly a giant eldritch planet devouring centipede robot in disguise. Has gone through character development and accepts her own cringe, and is now a damaged OC main character badass.",Familiar,Female,SS,B,A,C,S,C,SS,C,"2,680",S,Tinker,Hyper,N/A,N/A,FALSE,FALSE
Cyntessa,Murder Drones ,The primary host of the Absolute Solver. Possibly a giant eldritch planet devouring centipede robot in disguise. Is wearing the corpse of the person who rescued her from the dump and also destroyed multiple planets because she was hungry. And evil.,Familiar,Female,SS,B,A,C,S,C,SS,C,"2,680",S,Tinker,Hyper,N/A,N/A,FALSE,FALSE
Worker Drones,Murder Drones ,"Summon 5 random worker drones to assist you in your day to day. They can be canon (unpowered) drones, or just generic worker drones. You can summon more with practice and higher energy levels.",Familiar,Other,D,F,D,E,D,D,F,E,22,D,Train,Medium,N/A,N/A,FALSE,FALSE
Disassembly Drones,Murder Drones ,"Summon 3 random Disassembly Drones to help you in combat. No, N, J, and V are not included, these ones are generic. You can dress them up as you like, though. Summon more with energy increases and training.",Familiar,Female,C,F,C,E,B,D,C,E,87,C,Train,Medium,N/A,N/A,FALSE,FALSE
Boob Fairy,Generic,"You can grow, shrink, alter, and otherwise modify boobs. Your own or others. This doesn't grant any further magic powers, you may only alter the physical traits of boobs- shape, size, weight, bounciness, etc.",Ability,N/A,D,E,F,F,E,E,E,F,9,E,N/A,N/A,N/A,N/A,FALSE,TRUE
Arcanum: Boobs,Generic,"Boobs are magic! You have the basic knowledge required to become a proper boobmancer. This includes changing the physical properties of boobs, growing them, shrinking them, putting a pocket dimension between them, creating magical items that interact with them, and anything else as long as it's boob focused.",Skill,N/A,C,F,F,F,F,D,D,F,20,D,N/A,N/A,N/A,N/A,FALSE,TRUE
Tech Tree: Cosplay,Generic,"You're not making the genuine item, but you can get pretty close.  Making things from fiction comes naturally to you, and it doesn't matter what resources you have access to in order to do it. The items you make aren't going to work as well as the actual thing, and some items flat out won't work without the right stuff, but that doesn't mean a degraded copy isn't valuable. While you can train to make bigger and better things, you cannot make anything new using this tree. It must have come from something else you've once seen, though altering those is possible with some effort.",Skill,N/A,B,B,B,B,B,B,B,B,400,B,N/A,N/A,N/A,N/A,FALSE,FALSE
Japanese High Schooler,Generic,"Godly powers don't work on you. The Creator of all reality could be starting you flat in the face and wanting you dead and you'd continue to exist regardless. This doesn't stop a God from stabbing you or casting fireball, but anything that's related to being a God flat out doesn't work.",Passive,N/A,S,F,F,F,F,B,F,B,600,A,N/A,N/A,N/A,N/A,FALSE,FALSE
Dark Samus,Metroid,"An evil clone of Samus Aran made after Metroid Prime absorbed Samus' Phazon suit and DNA. Frighteningly intelligent, extremely powerful, horrifically good at killing things. Is kinda just a skull and a bunch of nerves in a black suit.",Familiar,Female,D,D,C,C,C,D,B,A,195,B,Train,Medium,N/A,N/A,FALSE,FALSE
Shadow Bug Samus,Metroid,"Two copies of Samus Aran's Gravity Suit, visually if not in function. They are made of Shadow Bugs created during the Subspace Emissary Event. Not quite as intelligent or skilled as the real Samus, they still pack a punch.",Familiar,Female,D,D,C,D,D,D,B,A,185,B,Train,Medium,N/A,N/A,FALSE,FALSE
Desert Phantoms,Metroid,"Mechanical spiders with the upper torso of Samus' power suit attached to them. They're not very powerful, but you get 10 to start, and can grow that to an army with more energy capacity.",Familiar,Other,D,D,D,D,D,D,B,C,90,C,Tinker,Medium,N/A,N/A,FALSE,FALSE
Samus Aran,Metroid,"The galaxy's most powerful bounty hunter, destroyer of planets, killer of space pirates, can't keep a partner to save her life, banned from every genetic ancestry service in the known universe. Stoic. Sometimes snarky. Badass.",Familiar,Female,C,D,C,C,B,C,B,A,245,B,Train,Medium,N/A,N/A,FALSE,FALSE
BB'd,FATE,"Your devilish kouhai has a present! You look near exactly like BB- long purple hair, a very large bust, and a shapely figure. It also comes free with becoming a digital entity. You're a supercomputer, and don't need to perform any biological function. Plus you can jump into any system with ease. Also a thing for gambling, but you already had that didn't you?",Race,Female,A,B,F,A,B,B,F,C,360,B,Train,Medium,N/A,N/A,FALSE,FALSE
Saberface,FATE,"Are you sure you're not the King of England? You resemble Artoria Pendragon. Or at least a version of her. At least your body now produces magical resources at an extremely accelerated rate and you're much stronger than average. Plus anything that cares about being a King, especially of England, will respond to you. As long as you keep quiet about not actually being the king.",Race,Female,C,B,A,C,B,A,F,S,820,A,Train,Medium,N/A,N/A,FALSE,FALSE
TIG OL' BITTIES,Generic,"You get a pair of absolutely humongous, shirt tearing, bra busting, spine cracking titties, each one as big or bigger than your head. Good thing your spine is reinforced to handle it. Good luck with everything else, though!",Passive,Female,E,F,D,F,F,C,D,C,31,D,N/A,N/A,N/A,N/A,FALSE,TRUE
Enough Mooks,Generic,"How many? Enough. You can summon a large number of completely replaceable minions. They usually come with some form of face obscuring clothing and have randomized appearances within standard human range. They're smart enough, but not particularly trained, capable of doing any grunt work easily and some management tasks with a bit of training. They won't fill in your top ranks, but they've got the lower ones covered.",Familiar,N/A,E,F,E,E,E,E,F,E,6,E,Train,Slow,N/A,N/A,FALSE,FALSE
Collection of Chastity Cages,Generic,"Congratulations, you now own a briefcase with a LOT of chastity cages! Standard, flat, nullge, inverted, vibrating, belts, any mundane chastity cage you can think of, you've got one in your preferred aesthetics. Thankfully, also comes with lube for some of the riskier ones. Cages naturally disinfect, repair, and organize when placed back into the case.",Wearable,N/A,E,F,F,F,F,D,F,F,6,E,N/A,N/A,N/A,24hr,TRUE,TRUE
Kinky Portals,Generic,"A bag of several wearable portals you can use to do all sorts of kinky stuff. Fuck your own holes with your dick, fuck someone else from across town, do a portal daisy chain and use someone else's hole as a sleeve while using their cock to fuck someone else! The sky's the limit, really.",Wearable,N/A,C,F,F,F,F,D,F,F,15,D,N/A,N/A,N/A,24hr,TRUE,TRUE
Collection of Sex Toys,Generic,"A fetish collector's wet dream. One surprisingly concealed backpack carrying what might as well be an entire arsenal of mundane sex toys- vibrator bullets, dildos, wands, anal beads, sounding wands, cock sleeves, ovi-dildos, cum lube, so on and so forth. Any sex toy you could buy online in 2026, you now own. Yes, that includes the waifu sex dolls and the custom themed fleshlights and whatnot.",Novelty,N/A,C,F,F,F,F,D,F,F,15,D,N/A,N/A,N/A,24hr,TRUE,TRUE
Novelty Torpedo Dildo,Generic,"It's a dildo as long as your leg, thick as your wrist, and shaped like a torpedo. Great if you wanna pretend to be a naval vessel. 2x ""damage"" against ship-based characters.",Novelty,N/A,D,F,E,F,F,D,F,F,11,D,N/A,N/A,N/A,24hr,TRUE,TRUE
Abyssal Tentacle Monster,Kantai Collection,"Not really an Abyssal, so much as it is the ideal fetish object based on Abyssal aesthetics. A baseball sized black orb that, when activated, will seek out the nearest willing holes and fuck them into a gaping, drooling, ruined mess until utterly satisfied. Usually with tentacles, sometimes with dildos, sometimes with Shipgirl or Abyssal shaped pseudopods with really big dicks.",Novelty,N/A,D,F,D,F,E,D,D,F,21,D,N/A,N/A,N/A,24hr,TRUE,TRUE
Tech Tree: Clockwork,Generic,"Brass, gears, and ticking. You've got some real skill at clockwork creations, everything from the smallest watches to giant mecha! If it could concieveably be built using clockwork, you can do it. Eventually. After much trial and error. Some things are better ideas than others.",Skill,N/A,F,F,A,B,A,F,F,F,250,B,Train,Slow,N/A,N/A,FALSE,FALSE
Harbour Princess,Kantai Collection,"An Abyssal Installation with great big... runways. Powerful, fierce, somewhat tragic, surprisingly cute. Stacked as fuck, both in body proportions and in terms of minions, aircraft, fairies, supplies, and weaponry. Give her time to dig in, and she's as defensible as any major fortress.",Familiar,Female,C,D,C,D,D,B,C,C,105,B,Tinker,Medium,N/A,N/A,FALSE,FALSE
Arcanum: Candy,Generic,"Willy Wonka wishes. Your skill at candy is unmatched. You can make candies that automatically perform various effects up to large candy structures or even candy golems! Just try not to get pissed if some kids start eating your house, okay?",Skill,N/A,A,F,B,D,B,E,C,F,216,B,Train,Fast,N/A,N/A,FALSE,FALSE
Hell Knight,DOOM,"A towering demon from Hell, the knights are prized as shock troops and gladiators, happy to run down and destroy any opponent their lord wishes. They have no weapons or armor, but are monstrously strong and have a powerful jump.",Familiar,Other,C,D,C,E,D,F,F,E,32,D,N/A,N/A,N/A,N/A,FALSE,FALSE
Go GO SENTAI!,Generic,"Whenever you cause an explosion, by turning your back to it and posing you cause a secondary, larger, explosion.",Ability,N/A,B,E,C,F,F,B,F,F,111,B,N/A,N/A,N/A,N/A,FALSE,FALSE
Fuse It,Generic,Immediately gain and roll two 3* tickets. The results of these tickets are fused together and then given to you as a if it was a single roll. The fusion is done in the most straightforward manner possible.,Consumable,N/A,S,F,F,F,F,F,F,F,500,A,N/A,N/A,N/A,N/A,FALSE,FALSE
Halfa,Danny Phantom,"Only mostly dead. You are now half ghost. At any point you may transform into a ghostly form and in that form can turn invisible, intangible, and possess people. With training you may develop further powers relating to your 'death', which in this case is whatever the most obvious way you could die right at this moment. In human form you may sense ghosts, but most of your powers are unavailable. Only those with methods to sense ectoplasm or heavily experienced in death can tell you're a ghost in human form.",Race,N/A,B,D,C,E,C,C,C,D,101,B,Train,Medium,N/A,N/A,FALSE,FALSE
Perverted Wo,Kantai Collection,"A strangely submissive and perverted Wo-class carrier Abyssal with many hypnotic, shiny and submissive kinks. She still holds the power of an Elite of her kind but would prefer being bound in bed wearing a Fox costume. She only responds with ""Wo"" unless commanded.",Familiar,Female,B,D,C,D,C,B,D,A,235,B,Trust,Fast,N/A,N/A,FALSE,TRUE
Gimp Suit,Generic,"A shiny rubber gimp suit. The suit resizes to fits anyone perfectly, and will completely cover someone head to toe. There are no eye holes, but there are zipper covered holes at the crotch, mouth, and nipples. It can be removed via a zipper along the back that is difficult for the wearer to reach. Don’t forget to feed your gimp.",Wearable,N/A,E,F,F,F,F,D,F,F,6,E,N/A,N/A,N/A,24hr,TRUE,TRUE
All Sizes Fit One,Generic,"You no longer feel any discomfort from your sexual partner’s physical features, this extends to their phallus fitting into you even if it is a ludicrous size.",Passive,N/A,D,F,D,F,F,F,D,F,15,D,N/A,N/A,N/A,N/A,FALSE,TRUE
Orgasm History,Generic,You can tell how long ago and the circumstances of a someone's last orgasm. ,Ability,N/A,E,F,F,D,F,F,F,F,6,E,N/A,N/A,N/A,N/A,FALSE,TRUE
Onahole Fairy,Generic,"A sex obsessed fairy. She's not quite a foot tall and fairly voluptuous for a fairy. Her body is more magic than flesh, letting her insides stretch to obscene levels. She is clumsy and scatterbrained, not much use other than a living sex toy. She would be happy to spend all her time screwed onto the end of someone’s dick.",Familiar,Female,D,E,F,E,D,F,E,D,18,D,Trust,Medium,N/A,N/A,FALSE,TRUE
Induce Incontinence,Generic,Allows you to make targets in your vision void their bowels and/or empty their bladder. The stronger the target the more energy spent and if they are significantly stronger than you they will be able to notice your attempts,Ability,N/A,D,D,F,F,F,F,F,E,11,D,Train,Medium,N/A,N/A,FALSE,TRUE
Golden Week Enforcement,Generic,You have to ability to turn someone's clothes into a skimpy golden bikini. This lasts for an entire week and any new changes of clothing will also transform to maintain the effect the whole time.,Ability,N/A,D,E,F,F,F,D,F,E,12,D,N/A,N/A,N/A,N/A,FALSE,TRUE
Multiversal Gloryhole,Generic,"A metallic ring that can be stuck against any vertical surface to open a gloryhole into the infinite multiverse. Sticking a penis or similar genitals through the hole will have it sexually serviced by someone or something on the other side. Mostly likely with blowjob, but there is a chance at almost any kind of sex imaginable, as long as you would enjoy it. If you run your finger around the inside of the ring instead, someone or something will stick their own genitals through for you to take care of. Only genitals may pass through the ring either way. May or may not be sponsored by the Pokemon Hoopa.",Novelty,N/A,D,D,F,F,F,D,E,D,21,D,N/A,N/A,N/A,N/A,TRUE,TRUE
BDSM Skills,Generic,"You are skilled in every aspect of BDSM. You know your ropework, how to safely use restraints, how to best use an impact toy, how to read boundaries both explicit and implied, how to maintain roles and the scene, and how to give aftercare. This isn’t just Dom skills though. You also know how to read a Dom, how to respond properly to commands, how slip into subspace, and how to acknowledge and enforce your own boundaries.",Skill,N/A,D,D,F,D,F,D,F,F,20,D,Train,Fast,N/A,N/A,FALSE,TRUE
 Bob the Zombie,Modded Minecraft,"A Minecraft zombie decked out in full enchanted Netherite Armor with a Netherite Sword. It has the same basic unintelligence of the zombie mobs in game, but is capable of using basic weapons and armor. ",Familiar,Other,D,F,C,F,E,F,C,F,26,D,Twin,Snail,N/A,N/A,FALSE,FALSE
Chemical X (Not that one.),Modded Minecraft,"A vial full of gooey black liquid that turns zombies, skeletons, creepers, snow golems, and endermen into monstrous new forms. In general, mutates stuff horrifically into giant new forms that don't necessarily follow your orders.",Consumable,N/A,D,E,D,D,D,F,C,F,31,D,N/A,N/A,1wk,8hr,TRUE,FALSE
Ant Physiology,Generic,"You have strength proportional to an ant your size. You are capable of lifting 50 times your body weight, you gain a exoskeleton, and you produce the same type of venom as bullet ants naturally do. This scales with your physical stats.",Race,N/A,E,E,D,E,D,E,D,E,20,D,Train,Medium,N/A,N/A,FALSE,FALSE
Panther Warrior,Yugioh,"A large anthropomorphic purple panther man in armor with a scimitar and shield that attacks faster than sweeping winds. Its speed easily tops 60mph. He is a highly skilled and strong warrior on his own merits. If you sacrifice a creature or person to empower him, he gains a signficiant boost in power temporarily. ",Familiar,Male,E,D,D,E,D,E,D,D,28,D,Trust,Fast,N/A,N/A,FALSE,FALSE
 Champions of Hell,DOOM,"Summon one of the three Champions of Hell. Trade in souls or increase your energy pool to summon the other two. Each one is horrifically strong, demonically powerful, and a genuine force to be reckoned with. Pick either the Aggadon Brute, the Vagary, or the Komodo Champion to summon first.",Familiar,Other,C,B,B,D,C,D,C,A,240,B,Time,Fast,N/A,N/A,FALSE,FALSE
Kaiju Girls,Godzilla,"Your world is populated now by Kaiju Girls! Monstrous (usually naked) women that resemble and answer to the names of monsters from the popular Godzilla franchise (and other kaiju franchises). They can either be human sized when relaxed, or gigantic when fighting. You pick what they look like, either almost entirely human or almost entirely monstrous. Your objective? Survive. Or make friends. Or enjoy one of the kaiju's ""prison hospitality"". It's your choice.",World,Female,A,SS,S,D,A,B,SS,S,"3,255",S,N/A,N/A,N/A,N/A,FALSE,TRUE
Kaiju Girl,Godzilla,"You are now a Kaiju Girl! Your stats largely depend on the type of kaiju you pick, but by and large you are a city destroying monster capable of changing between human scale at rest and kaiju scale when active. You may only pick kaiju that are a species, not a lone individual. Rodan, Kamacuras, Kong, Mothra, etc. Yes, Godzilla counts. No, you do not get Godzilla's plot armor.",Race,Female,S,B,S,D,A,B,SS,S,"2,705",S,N/A,N/A,N/A,N/A,FALSE,TRUE
Xilien,Godzilla,"You are now an Xilien, an alien being capable of disguising themselves as human (usually wearing lots of leather and a trench coat), with great psychic powers and beyond human strength (usually). You have a literally one in a million chance of being a Keizer, an even more powerful psychic being capable of, theoretically, becoming near ""omnipotent"" in strength.",Race,N/A,C,C,D,D,C,D,C,C,65,C,Train,Medium,N/A,N/A,FALSE,FALSE
Keizer,Godzilla,"The one in a million chance- you are either a Xilien or a human mutant with great psychic powers, the ability to manipulate energy in multiple forms, and greatly enhanced strength and power. You also like wearing leather and cool polymer body armor now. You might also now look Japanese.",Race,N/A,A,C,C,B,C,D,B,A,335,B,Train,Fast,N/A,N/A,FALSE,FALSE
Jaeger,Pacific Rim,Pick a Jaeger. You now own a Jaeger. You must now find a companion whom you are Drift Compatible with in order to actually use your Jaeger. Also comes with its own Jaeger bay and support equipment upon first summoning. Jaeger bay does not move. You cannot unsummon either. Best put it near a coastline.,Vehicle,N/A,C,D,C,D,C,C,F,C,60,C,Tinker,Slow,N/A,N/A,FALSE,FALSE
Cunning Linguist,Generic,"You are an absolute master of eating someone out. Contrary to the name, also includes analingus. You also get an extra longue tongue for extra pleasure.",Passive,N/A,D,F,F,F,F,D,F,F,10,D,Train,Medium,N/A,N/A,FALSE,TRUE
 Marauder,DOOM,"A corrupted Night Sentinel turned into a murderous parody of the Slayer. Wields a super shotgun and an Argent double bladed battle axe. Fast, powerful, deadly- a much higher challenge for the Slayer than most demons could possibly be.",Familiar,Male,D,C,B,C,C,D,B,A,240,B,N/A,N/A,N/A,N/A,FALSE,FALSE
Mann Co. Weapons Backpack,Team Fortress 2,A backpack filled with every in-game weapon from Team Fortress 2. Only weapons and other items from the setting can be pulled in and out of this seemingly bottomless backpack.,Arsenal,N/A,D,E,D,E,D,E,D,E,24,D,N/A,N/A,N/A,N/A,TRUE,FALSE
TF2 Cosmetics Backpack,Team Fortress 2, A seemingly infinite backpack that contains every Team Fortress 2 Hat and Cosmetic. Can only hold TF2 Hats and Cosmetics.,Wearable,N/A,E,E,E,F,F,D,F,F,8,E,N/A,N/A,N/A,N/A,TRUE,FALSE
Koopa Clown Car ,Mario,"A hovering Koopa Clown Car with unlimited ammo, fuel, and bag of tricks (Throwable hammers, Mecha Koopas, and giant Iron balls). The Koopa Clown car is capable of turning into a racing go-kart and producing large Boxing Gloves or Drills with arms.",Vehicle,N/A,D,F,D,E,C,E,F,F,22,D,Tinker,Medium,N/A,N/A,TRUE,FALSE
Ultralink,Max Steel,"An alien drone that fuses with a host body to bring out their full weaponized potential via linking with objects or beings to enhance their abilities through assimilation. Ultralinks are designed to absorb and control their host's energy, and, once bonded, the host and the alien's connection is unbreakable. ",Arsenal,N/A,C,D,C,A,D,F,B,F,180,B,Tinker,Fast,N/A,N/A,TRUE,FALSE
Lacy Cock Sock,Generic,"A perfectly form fitting piece of underwear made of pure white lace and ribbons. Will make even the most intimidating phallus look cute, dainty, and delicate. Self cleaning and resizing.",Wearable,N/A,E,E,F,F,F,D,F,F,7,E,N/A,N/A,N/A,Manual,TRUE,TRUE
Cosplayer,Generic,"You are a good enough cosplayer that you can make your own outfits, and even sell your cosplays for money. You work best with references, still.",Skill,N/A,D,F,F,D,F,D,F,F,15,D,Tinker,Medium,N/A,N/A,FALSE,FALSE
Linguist,Generic,You can understand all non-magical languages and have an easier time learning magical or esoteric languages as well.,Passive,N/A,D,F,F,D,F,F,F,D,15,D,Train,Medium,N/A,N/A,FALSE,FALSE
Sexual Convenience,Generic,"The minor conveniences of sex no longer exist for you. No STD, no extra hygiene procedures, no unwanted pregnancies, nothing. Also, bonus to sexual performance.",Passive,N/A,D,F,F,F,F,D,D,F,15,D,N/A,N/A,N/A,N/A,FALSE,TRUE
Pervert Luck,Generic,Your luck conspires to get you into horny or otherwise pervy situations straight out of an Ecchi anime. Does not come with a free pass to stay in those situations.,Passive,N/A,D,D,F,F,F,D,F,D,20,D,N/A,N/A,N/A,N/A,FALSE,TRUE
Seamster,Generic,"You have a natural talent at sewing clothes, you can easily spot flaws and make new clothes for yourself and others.",Passive,N/A,D,F,F,D,F,D,F,F,15,D,Train,Medium,N/A,N/A,FALSE,FALSE
Violent Wind,Generic,Manipulate the wind and air with enough force and precision to kill with sharp wind blades or fling people around in the air.,Ability,N/A,C,F,D,F,D,F,F,F,20,D,Train,Medium,N/A,N/A,FALSE,FALSE
Wind Edge,Generic,"Cloak anything you hold in razor wind, effectively making it a sword. You can launch that wind blade for a flying slash.",Ability,N/A,C,F,D,F,F,F,F,F,15,D,Train,Medium,N/A,N/A,FALSE,FALSE
Wind Cloak,Generic,Cloak yourself in whirling wind that carries you into the air and allows you to fly.,Ability,N/A,C,F,F,F,C,F,F,F,20,D,Train,Medium,N/A,N/A,FALSE,FALSE
Wind Mapping,Generic,"Share your senses with the wind in a radius of 1km, allowing you to map out everything the wind can reach and memorize it as such.",Ability,N/A,C,C,F,C,F,F,F,F,30,D,Train,Medium,N/A,N/A,FALSE,FALSE
Nerve Shock,Generic,"Directly mess with someone's bioelectric signals by touch, allowing you to stun or paralyze them for a time. With more practice, you might even be able to puppet them. The stronger the opponent, the harder this is.",Ability,N/A,C,C,F,C,F,F,F,F,30,D,Train,Medium,N/A,N/A,FALSE,FALSE
Micro Metallokinesis,Generic,"Control metal on a microscopic scale within 10 meters. Your mass limit is roughly 200 grams, but you have atomic precision.",Ability,N/A,C,C,F,C,F,F,F,F,30,D,Train,Medium,N/A,N/A,FALSE,FALSE
Blackout,Generic,"Banish all light within a 100 meter area, blinding enemies and, honestly, yourself if you don't have other forms of vision. More energy means a bigger area covered.",Ability,N/A,C,C,F,C,F,F,F,F,30,D,Train,Medium,N/A,N/A,FALSE,FALSE
Shadow Claws,Generic,Create shadowy claws on your hands or fingertips capable of slashing through flesh and metal alike. You can train to enhance length and sharpness.,Ability,N/A,C,F,C,F,F,F,F,F,20,D,Train,Medium,N/A,N/A,FALSE,FALSE
Poisoned Flesh,Generic,"You can make your flesh and entire body become poisonous by spending energy. The more energy spent, the more lethal the poison. Higher vitality ensures higher potency. Turning it off removes all poison instantly.",Ability,N/A,C,C,F,F,F,F,C,F,30,D,Train,Medium,N/A,N/A,FALSE,FALSE
Solid Swimming,Generic,Swim through any physical solid object as if it's water. Does not effect the state or integrity of what you were swimming in.,Ability,N/A,C,F,F,F,C,F,F,F,20,D,Train,Medium,N/A,N/A,FALSE,FALSE
Despair Aura,Generic,Emit an aura of despair capable of causing weaker targets to collapse with unbearable fear and panic,Ability,N/A,C,C,F,F,F,F,F,F,20,D,Train,Medium,N/A,N/A,FALSE,FALSE
Dream Whisperer,Generic,Whisper into someone's ear while they sleep to influence their dreams or manipulate their opinions as if through hypnosis,Ability,N/A,C,C,F,C,F,F,F,F,30,D,Train,Medium,N/A,N/A,FALSE,FALSE
Emotion Vision,Generic,"See other people's emotions as an aura of various colors surrounding their body. Does not come with a manual, so you gotta figure out what color does what yourself.",Ability,N/A,C,C,F,C,F,F,F,F,30,D,Train,Medium,N/A,N/A,FALSE,FALSE
Gun Transmutation,Generic,"Transmute any solid material you touch into any mundane gun, fully loaded. Potency of bullet scales with the material used.",Ability,N/A,C,F,C,F,F,F,F,F,20,D,Train,Medium,N/A,N/A,FALSE,FALSE
Conjure Bow and Arrow,Generic,"Create a bow and arrow with your own energy, works like a normal bow and arrow. The more energy you use, the more damaging the arrow.",Ability,N/A,C,F,C,C,F,F,F,F,30,D,Train,Medium,N/A,N/A,FALSE,FALSE
Iron Skin,Generic,Reinforce your entire body to the point that it resembles metal more than flesh. Increases your mass as well while enhancing durability and lowering speed. Even a car crashing into your body would barely hurt you.,Ability,N/A,C,F,C,F,F,F,C,F,30,D,Train,Medium,N/A,N/A,FALSE,FALSE
Bat Form,Generic,"Transform into a bat or bat hybrid at will. Gain enhanced senses, sonar, flight, agility, claws, teeth, etc. Might cause extreme light sensitivity.",Ability,N/A,C,F,F,C,C,F,F,F,30,D,Train,Medium,N/A,N/A,FALSE,FALSE
Location Pin,Generic,"Mark any object or creature via touch, allowing you to monitor their physical condition and relative location to you. 10 marks to start with, though it increases with time and training.",Ability,N/A,C,C,F,C,F,F,F,F,30,D,Train,Medium,N/A,N/A,FALSE,FALSE
Minor Cure,Generic,"Heal others on touch by expending energy. Works for stabs, slashes, broken bones, etc. More severe wounds take more energy, stronger targets are harder to heal. Does not cure aging or status effects or genetic defects, just physical wounds.",Ability,N/A,C,F,F,C,F,F,F,C,30,D,Train,Medium,N/A,N/A,FALSE,FALSE
Speed Boost,Generic,"Increase the speed of all movements by spending energy. Reaction speed does not increase with your own speed. The faster you are, the more energy it takes.",Ability,N/A,C,C,F,F,C,F,F,F,30,D,Train,Medium,N/A,N/A,FALSE,FALSE
Rock Constructs,Generic,"Create and shape rock constructs within 20 meters of your body. You are not an Earth bender, so you don't get to control them after they're made. You can make weapons, obstructions, building blocks, etc.",Ability,N/A,C,F,C,C,F,F,F,F,30,D,Train,Medium,N/A,N/A,FALSE,FALSE
Grappling Vines,Generic,"Sprout and control supernaturally strong vines from your body capable of whipping, grappling, binding, etc. Higher energy means stronger, longer, and more durable vines. Also can sprout thorns if you want. All vines vanish once you deactivate the ability.",Ability,N/A,C,F,C,F,C,F,F,F,30,D,Train,Medium,N/A,N/A,FALSE,FALSE
Adventure Line,Stanley Parable,"A yellow line on the ground that leads you to an adventure if you choose to follow it. Ranges from finding a new good restaurant to stumbling on a murder scene and beyond. Guarantees an interesting day, if nothing else.",Ability,N/A,C,C,F,C,F,F,F,F,30,D,Train,Medium,N/A,N/A,FALSE,FALSE
Observer,Generic,A set of 10 floating disembodied eyeballs capable of sending their sight to you and following complex commands. Any eye that dies can be resummoned within 24 hours. They have no combat power and are quite squishy.,Familiar,N/A,C,C,F,C,C,F,F,F,40,D,Time,Medium,N/A,N/A,FALSE,FALSE
Griffon,Heroes of Might and Magic,"A standard griffon the size of an elephant- lion lower half, hawk upper half. Very vicious. Very loyal. You get one mating pair capable of breeding.",Familiar,Other,C,F,C,D,C,C,C,C,65,C,Trust,Medium,N/A,N/A,FALSE,FALSE
Max Elephant,Jujutsu Kaisen,"From your shadow or nearby shadows, summon an elephant shikigami capable of conjuring and spewing massive volumes of water from its trunk. It weighs as much as a real elephant so it can crush things it's dropped on too. Scales with your energy levels.",Familiar,N/A,C,F,C,F,C,C,F,C,50,C,Train,Medium,N/A,N/A,FALSE,FALSE
Darkbeast Paarl,Bloodborne,"A massive, malformed, lightning wreathed, skeletal beast raised from the dead. It can demolish walls, ignore all conventional bullets, and generate and release electricity at will.",Familiar,N/A,C,F,C,F,C,F,C,C,50,C,Train,Medium,N/A,N/A,FALSE,FALSE
Royal Sentinels,Dark Souls,"Gigantic elite guards that once served Anor Londo. They're several times bigger than humans, immensely strong, and are akin to unbreakable walls in terms of durability. They can also heal themselves. Start with 2.",Familiar,N/A,C,F,C,D,C,C,F,C,55,C,Train,Medium,N/A,N/A,FALSE,FALSE
Cloranthy Ring,Dark Souls,A ring with a flower decoration. Increases stamina regeneration and recovery after exhaustion.,Wearable,N/A,C,F,F,F,F,F,F,C,20,D,N/A,N/A,N/A,8hr,TRUE,FALSE
Blue Stoneplate Ring,Dark Souls,A gold ring with an icy blue rectangular gem. Boosts defense against ice and cold,Wearable,N/A,C,F,C,F,F,F,F,F,20,D,N/A,N/A,N/A,8hr,TRUE,FALSE
Golden Apple,Minecraft,"A magic apple with a skin made of gold. Eating it grants enhanced regeneration for one hour, and increased ability to survive attacks",Consumable,N/A,C,F,C,F,F,F,C,F,30,D,N/A,N/A,1wk,N/A,TRUE,FALSE
Levitation Necklace,Generic,"A necklace with a little pendant shaped like a pair of wings. Allows you to fly at 10 km/h in any direction, mostly horizontally with some elevation capability.",Wearable,N/A,C,F,F,F,D,F,F,F,15,D,N/A,N/A,N/A,1hr,TRUE,FALSE
Cloak of Invisibility,Harry Potter,"One of the Deathly Hallows, allows for invisibility, immunity to clairvoyance, and could let you hide from Death itself if you wanted. Provided you're not murdered.",Wearable,N/A,C,B,F,C,F,F,F,F,70,C,N/A,N/A,N/A,Auto,TRUE,FALSE
Second Face,Generic,"A white full face mask that, when worn, makes you look like someone else, allowing you to make exactly one second identity.",Wearable,N/A,C,C,F,C,F,F,F,F,30,D,N/A,N/A,N/A,8hr,TRUE,FALSE
Nymph Waterfall,Heroes of Might and Magic,"A waterfall populated by lesser Nymph. The waterfall itself spawns more Nymphs regularly, all of which will follow your orders. Waterfall can be summoned and desummoned at will.",World,N/A,C,C,C,D,C,F,F,C,55,C,N/A,N/A,N/A,Auto,FALSE,FALSE
Sahara Slicers,Terraria,A pair of arid daggers that allows you to spawn and launch 10 arid shivs every 30 seconds in a deadly barrage.,Arsenal,N/A,C,F,C,F,F,F,F,C,30,D,N/A,N/A,N/A,8hr,TRUE,FALSE
Pip-Boy 3000,Fallout,"The most iconic wrist-mounted piece of technology from Vault-Tec, allows you to monitor your health and inventory, connect to radio and info networks, map areas, shine a light in dark spaces, etc.",Wearable,N/A,C,C,F,C,F,C,F,C,50,C,N/A,N/A,N/A,Manual,TRUE,FALSE
Soul Solid,One Piece,"A cane sword belonging to Brook of the Straw Hat Pirates. Extremely sharp, does not dull. Very fashionable. Carries just the slightest imprint of its past user's skill.",Arsenal,N/A,C,F,D,D,F,C,F,C,40,D,Train,Fast,N/A,1hr,TRUE,FALSE
Chikage,Bloodborne,"The blade wielded by Annalise, Queen of the Vilebloods. Its runes allow you to sink the blade into your own flesh and sacrifice blood and vitality to amplify its strength. Amplifies necromantic and blood-based abilities.",Arsenal,N/A,C,D,D,F,F,C,D,C,45,D,Train,Slow,N/A,1hr,TRUE,FALSE
Deed to Land,Generic,"A deed that, when ripped, gives you legal ownership of a plot of land of your choice, in any currently purchaseable size.",Consumable,N/A,C,B,D,F,F,F,F,F,65,C,N/A,N/A,N/A,N/A,TRUE,FALSE
Erza Scarlet Fumo,Fairy Tail,"A fumo of Erza Scarlet. Shake it violently to instantly change your clothes to any other set you own at will, swapping their locations.",Novelty,N/A,C,F,F,F,F,C,F,F,20,D,N/A,N/A,N/A,Auto,TRUE,FALSE
Vordt's Great Hammer,Dark Souls,"A hammer made of titanite previously wielded by Vordt of the Boreal Valley. Extremely heavy. Extremely deadly. Imbued with frost, capable of freezing enemies it strikes. Enhances ice based abilities.",Arsenal,N/A,C,F,C,F,F,F,F,C,30,D,N/A,N/A,N/A,8hr,TRUE,FALSE
Phone a Friend,Generic,A single use landline phone. Call anyone you're thinking of in the universe you're in and speak with them for an hour before the phone disappears entirely.,Consumable,N/A,C,B,F,F,F,F,F,F,60,C,N/A,N/A,N/A,N/A,TRUE,FALSE
Silver Bag of Holding,Dungeons and Dragons,"A hip bag woven from silver thread, able to contain three thousand pounds worth of items. You automatically know how to find anything inside.",Wearable,N/A,C,F,F,E,F,F,F,D,16,D,N/A,N/A,N/A,Manual,TRUE,FALSE
Apprentice Acting,Generic,"You're a skilled enough actor to get hired in an actual movie, or enough to fool most non-detectives or familiar people",Skill,N/A,C,F,F,D,F,F,F,F,15,D,Train,Medium,N/A,N/A,FALSE,FALSE
Karate,Generic,"You're good enough to be a blue or red belt at actual karate, knowing kata, training techniques, strikes and kicks, you might even learn how to harness your internal energy for stronger attacks.",Skill,N/A,C,F,D,D,F,F,F,F,20,D,Train,Medium,N/A,N/A,FALSE,FALSE
Wilderness Survival,Generic,"You're great at wilderness survival- you can build shelters, find food and water, track animals, secure belongings, orient your direction, so on and so forth.",Skill,N/A,C,F,D,D,F,F,F,F,20,D,Train,Medium,N/A,N/A,FALSE,FALSE
Beginner Leadership,Generic,"You can motivate people decently enough, but like... at a school group project level. No one will follow you to hell, but they'll do what they tell you to as long as it makes sense.",Skill,N/A,D,F,F,E,F,E,F,F,7,E,Train,Slow,N/A,N/A,FALSE,FALSE
Apprentice Stealth,Generic,"You're now stealthy enough to be a generic ninja grunt- set traps, sneak up on people, gather information, move silently, so on and so forth.",Skill,N/A,C,D,F,D,F,F,F,F,20,D,Train,Medium,N/A,N/A,FALSE,FALSE
Begging,Generic,You're damn good at throwing all your dignity away to get what you want. People are more receptive to your begging and will actually accept your requests on a regular basis.,Skill,N/A,C,F,F,D,F,D,F,F,20,D,Train,Medium,N/A,N/A,FALSE,FALSE
Apprentice Fine Arts,Generic,"You're an accomplished artist in drawing, painting, sketching, sculpting, etc. You could definitely get a high paying job as an artist with a patron, but you're not era defining.",Skill,N/A,C,F,F,D,F,D,F,F,20,D,Train,Medium,N/A,N/A,FALSE,FALSE
Beginner Total Concentration Breathing,Demon Slayer,"You now know enough about Total Concentration Breathing to increase blood oxygen and activate your muscles as long as you maintain that breathing cycle. You're not very good at it yet, though...",Skill,N/A,C,F,D,D,D,F,F,F,25,D,Train,Medium,N/A,N/A,FALSE,FALSE
Sunshine Charm,Generic,"You've got the vibe of a great, kind, innocent person. It's way easier to convince someone that you're a good person now.",Passive,N/A,C,C,F,F,F,C,F,F,30,D,N/A,N/A,N/A,N/A,FALSE,FALSE
Badboy/Badgirl Charm,Generic,"You've got the vibe of a cool, edgy, delinquent kinda person. It's way easier to convince someone that you're cool and brooding. Emos love you.",Passive,N/A,C,C,F,F,F,C,F,F,30,D,N/A,N/A,N/A,N/A,FALSE,FALSE
Magpie's Eye,Generic,You're very good at spotting treasure and valuables to the point that anything valuable in line of sight gets highlighted for you.,Passive,N/A,C,F,F,C,F,F,F,F,20,D,Train,Medium,N/A,N/A,FALSE,FALSE
Natural Scent,Generic,"Upgrade to Perfumer. You never have to worry about smelling bad ever again. Your scent and sweat smell like fine perfume- not too much, always pleasant to whoever smells you.",Passive,N/A,D,F,F,F,F,D,D,E,16,D,N/A,N/A,N/A,N/A,FALSE,FALSE
Iron Man,Generic,"No, not the cool one. You're just really resilient to horrible conditions- sleeping in stressful situations, enduring stress and strain, pushing through wounds and exhaustion. So on and so forth.",Passive,N/A,D,D,D,D,F,F,F,F,20,D,Train,Medium,N/A,N/A,FALSE,FALSE
Strong Legs,Generic,"Your legs are stronger and tougher now, enhancing speed and kicking strength by a significant degree",Passive,N/A,D,F,C,F,C,F,D,F,30,D,Train,Medium,N/A,N/A,FALSE,FALSE
Goth Magnet,Generic,"You naturally attract alt, goth, emo, punk, and edgy people. Most people will also excuse your less social actions as just being an edgelord or plain weird.",Passive,N/A,C,C,F,F,F,C,F,F,30,D,N/A,N/A,N/A,N/A,FALSE,FALSE
Pacifism,Generic,"Toggle your ability to kill. When on, no matter how hard you hit someone, no matter how much damage you do, your target or victim will survive. Not always whole or recoverable, though.",Passive,N/A,B,D,F,F,F,F,F,D,60,C,N/A,N/A,N/A,N/A,FALSE,FALSE
Enhanced Vitality,Generic,"Enhance your health and vitality, increasing your healing speed and making you healthier overall.",Passive,N/A,C,F,C,D,D,F,C,F,40,D,Train,Medium,N/A,N/A,FALSE,FALSE
Scavenger,Generic,You have a higher chance of finding something useful or valuable when scavenging around any given area.,Passive,N/A,C,F,F,C,F,F,F,F,20,D,Train,Medium,N/A,N/A,FALSE,FALSE
Student,Generic,"You're now much better at learning things, being a student, and taking information from people with more experience than you at any given subject.",Passive,N/A,C,F,F,C,F,F,F,F,20,D,Train,Medium,N/A,N/A,FALSE,FALSE
Renown,Generic,"News of your exploits and accomplishments always reaches somewhere ahead of you, increasing your reputation slightly. Your reputation is always well known in populated areas.",Passive,N/A,C,C,F,F,F,C,F,F,30,D,Train,Medium,N/A,N/A,FALSE,FALSE
Restful,Generic,Your energy and health recover faster when sleeping,Passive,N/A,C,F,C,F,F,F,F,F,20,D,Train,Medium,N/A,N/A,FALSE,FALSE
Arthropod Affiliate,Generic,"You are a friend to all arthropods- insects, arachnids, crustaceans, isopods, etc. Also increases the strength and efficiency of your physical durability and armoring abilities ",Passive,N/A,C,F,D,F,F,C,F,F,25,D,Trust,Medium,N/A,N/A,FALSE,FALSE
Health Insurance,Generic,"Every time you're injured, you gain the exact amount of money you'd need to get it treated at the nearest medical professional. No, you are not allowed to commit insurance fraud with this one.",Passive,N/A,C,C,F,F,F,F,F,F,20,D,N/A,N/A,N/A,N/A,FALSE,FALSE
Enhanced Lungs,Generic,"Your lungs are stronger, tougher, and more flexible. You can process oxygen faster and better, giving you more energy to work with.",Passive,N/A,C,F,C,C,C,F,F,F,40,D,Train,Medium,N/A,N/A,FALSE,FALSE
Flame Blast,Generic,"Unleash a concentrated beam of flame from your hands. You can dial the power up or down by spending more or less energy. Not really a kamehameha, but it sure looks cool.",Ability,N/A,C,C,C,F,F,F,F,F,30,D,Train,Medium,N/A,N/A,FALSE,FALSE
Flame Hose,Generic,"Unleash a constant stream of flame from anywhere on your body. The more energy spent, the hotter the flame gets and the further it goes.",Ability,N/A,C,C,C,F,F,F,F,F,30,D,Train,Medium,N/A,N/A,FALSE,FALSE
Mist,Generic,"Create and control mist within 100 meters, allowing you to obscure vision, hinder movement, smother flames, even generate icy mist to freeze surfaces or enemies, or create solid mist to attack after enough practice.",Ability,N/A,C,C,C,F,F,F,F,F,30,D,Train,Medium,N/A,N/A,FALSE,FALSE
Whirlpool,Generic,"Create and control whirlpools of water, using them as barriers, projectiles, traps, nuisances, or party tricks even.",Ability,N/A,C,F,C,F,C,F,F,F,30,D,Train,Medium,N/A,N/A,FALSE,FALSE
Ice Spike,Generic,"Create and launch ice spikes like bullets, or have them impale up from surfaces within 20 meters. The more energy you spend, the stronger and bigger they get.",Ability,N/A,C,F,C,F,C,F,F,F,30,D,Train,Medium,N/A,N/A,FALSE,FALSE
Air Whips,Generic,"Create and control compressed air whips capable of lashing, grabbing, or slicing with enough speed. More energy expended creates longer and stronger whips.",Ability,N/A,C,F,C,F,C,F,F,F,30,D,Train,Medium,N/A,N/A,FALSE,FALSE
Move Earth,Generic,"Telekinetically move the earth around within sensory range, though it doesn't have much lethal power beyond making pitfalls.",Ability,N/A,C,F,D,D,F,F,F,F,20,D,Train,Medium,N/A,N/A,FALSE,FALSE
Invisibility,Generic,Turn yourself invisible by bending light around you and anything you're touching.,Ability,N/A,C,D,F,F,F,F,F,F,15,D,Train,Medium,N/A,N/A,FALSE,FALSE
Natural Weapons,Generic,"Every single attached part of your body can be strengthened and sharpened into a natural weapon- fangs, claws, spines, quills, spikes, etc etc.",Ability,N/A,C,F,C,F,F,F,F,F,20,D,Train,Medium,N/A,N/A,FALSE,FALSE
Poison Breath,Generic,Breathe out a cloud of lethally toxic gas that also corrodes solid matter with its potency,Ability,N/A,C,F,C,F,F,F,F,F,20,D,Train,Medium,N/A,N/A,FALSE,FALSE
Emergency Exit,Generic,"When lethally injured, automatically teleport to the nearest safe area within a 1km radius. 30 minute cooldown.",Passive,N/A,C,F,F,F,C,F,F,F,20,D,Train,Medium,N/A,N/A,FALSE,FALSE
Third Person,Generic,Toggle on your third person camera to see the world like you're playing an RPG. Allows corner peeking too.,Ability,N/A,D,D,F,D,F,F,F,F,15,D,Train,Medium,N/A,N/A,FALSE,FALSE
Toggle,Generic,Turn objects within 100 meters on and off. Does not work on anything living. Works great on electronics and abilities.,Ability,N/A,C,C,F,F,F,F,F,F,20,D,Train,Medium,N/A,N/A,FALSE,FALSE
Lesser Physical Enhancement,Generic,"Augment your physical abilities by expending energy, boosts strength, agility, durability, etc. Scales with your own base stats and energy expenditure. Not very substantial.",Ability,N/A,D,F,D,D,D,F,D,F,25,D,Train,Medium,N/A,N/A,FALSE,FALSE
Building Transmutation,Generic,"Transmute matter on a macro scale. No complex constructs or anything smaller than a shed, but you could turn flat ground into an apartment complex in an hour. Not a combat power.",Ability,N/A,B,F,F,C,F,F,F,F,60,C,Train,Medium,N/A,N/A,FALSE,FALSE
Disillusioned,Generic,"See through any kind of physical deception that is not magic based- sleight of hand, pitfalls, disguises, mirages, one way mirrors, etc.",Ability,N/A,C,F,F,C,F,F,F,F,20,D,Train,Medium,N/A,N/A,FALSE,FALSE
Point of View,Generic,"Adjust your viewpoint from first person, to second person (using a targeted person), to third person at will.",Ability,N/A,C,F,F,D,F,F,F,F,15,D,Train,Medium,N/A,N/A,FALSE,FALSE
Blood Golem,Fear and Hunger,Shed blood to create blood golems from the puddle on the ground. Strength and number depend on physical stats as well as blood shed. Minimum requirement of 100ml,Ability,N/A,C,F,D,F,D,F,F,F,20,D,Train,Medium,N/A,N/A,FALSE,FALSE
Cor Leonis,Re:Zero,"Sense allies as spots of light in your vision, allowing you to transfer their physical and mental conditions to yourself, or transfer them between willing allies.",Ability,N/A,C,F,D,C,F,F,F,F,25,D,Train,Medium,N/A,N/A,FALSE,FALSE
Mind Blast,Generic,"Send a wave of psionic energy through your eyes to cause mental damage to any target hit, confusing them and causing headaches. Efficacy depends on mental resilience and magical power of the target.",Ability,N/A,C,C,F,D,F,F,F,F,25,D,Train,Medium,N/A,N/A,FALSE,FALSE
Sightlines,Generic,"When activated, anyone who can see you visually is highlighted in red, with a line connecting their field of vision to the part of you they can see.",Ability,N/A,C,D,F,C,F,F,F,F,25,D,Train,Medium,N/A,N/A,FALSE,FALSE
Tech Tree: Industrial Mecha,Generic,"You can create, modify, and design anything related to slow, clunky, large mecha capable of construction work, industrial lifting, or slow combat with existing armor and guns.",Skill,N/A,C,F,C,C,C,F,F,C,50,C,Tinker,Medium,N/A,N/A,FALSE,FALSE
Charizard,Pokemon,"A roughly six foot tall winged firebreathing lizard. Ornery and quick to anger, but also powerful and fast and extremely loyal. Female, and lays eggs every now and then.",Familiar,Other,B,F,C,D,B,A,C,C,235,B,Trust,Medium,N/A,N/A,FALSE,FALSE
Slime,Generic,"The generic blue RPG slime, a blue blob immune to physical strikes, capable of spitting acid globs and corroding items with its body fluids. Grows stronger by eating organic stuff, and evolve when fed powerful magical foods",Familiar,Other,D,F,D,F,E,F,D,D,21,D,Tinker,Medium,N/A,N/A,FALSE,FALSE
King Nothing,JoJo's Bizarre Adventure,"A Stand made of jigsaw puzzle pieces, capable of tracking any person or object via scent when exposed to a pertinent object. Will automatically pursue until the target is found. Can also disassemble itself at will and use its pieces to mock up shapes and locations.",Familiar,N/A,C,F,F,C,C,F,F,F,30,D,Train,Medium,N/A,N/A,FALSE,FALSE
Nick Valentine,Fallout,"Owner of the Valentine Detective Agency, a synth specializing in information gathering and detective work. He's good at hacking, ranged and melee combat, and investigations. A bit of an old model synth, though.",Familiar,Male,D,F,D,D,D,B,F,D,75,C,Tinker,Medium,N/A,N/A,FALSE,FALSE
Enough Gun,Generic,"More bullets always works. So long as you are using it or directly in charge of the people using it, guns and other completely mundane weaponry will work on anything. It doesn't matter if they're a god, an eldritch entity, or have some sort of crazy power- put enough bullets into them and they'll die. Though you have to have enough bullets first...",Passive,N/A,S,F,A,F,F,A,F,F,700,A,N/A,N/A,N/A,N/A,FALSE,FALSE
Flynn Taggart's Arsenal,DOOM,"A pocket dimension full of the armor and armaments used by Corporal Flynn Taggart, aka the Doom Slayer. None but you may enter. Also comes with a voice activated guide and user manual for everything in the warehouse. All weapons are upgradeable. Unmaykr, BFG 9000, Crucible Sword, and Sentinel Hammer ammo takes 1 week to restock. Everything else takes 24 hours.",Arsenal,N/A,S,F,C,F,C,C,C,S,"1,040",S,Ticket,Medium,1wk,Auto,TRUE,FALSE
Rei-quarium,Neon Genesis Evangelion,"A large glass tank containing several dozen soulless clone bodies of Rei Ayanami. They can be decanted, but will swiftly degrade and dissolve into LCL if removed while lacking a soul. Try not to look at it too often.",Novelty,Female,D,E,F,F,F,E,D,D,17,D,N/A,N/A,N/A,Auto,TRUE,FALSE
Geneforged,Geneforge,"You evolve to become magically and physically perfect, allowing you to create life and cast magic more easily. You start with fire magic, a single fire breathing raptor summon, and the ability to grow via conflict and time. You become more alien the more you evolve, though this can be mitigated with the right evolutions.",Passive,N/A,D,F,D,D,D,F,D,F,25,D,Time,Fast,N/A,N/A,FALSE,FALSE
Beginner Shaper Knowledge,Geneforge ,"You have the skills of an introductory Shaper, including the ability to manufacture Life utilizing Essence. You start out knowing what tools you need, the initial Shaper infrastructure creations, and the knowledge of how to improve as a shaper. Improves your magic slightly.",Skill,N/A,C,F,F,C,F,F,C,F,30,D,Train,Medium,N/A,N/A,FALSE,FALSE
Fully Stocked RV,Generic,A fully stocked and fueled RV filled with enough food and water to last a single person a week. The RV's gas tank and fridge refills automatically after a week.,Vehicle,N/A,E,F,C,F,C,D,F,F,26,D,Tinker,Hyper,1wk,1hr,TRUE,FALSE
Way of the Pistol Shrimp,Generic,"Create cavitation bubbles in any material by snapping your fingers, clapping, or otherwise striking something very hard. The surroundings will quickly collapse around the bubble again, and cause a plasma flash from the impact.",Skill,N/A,D,E,D,F,D,F,D,F,21,D,Train,Medium,N/A,N/A,FALSE,FALSE
Yarn of Minos,Generic,"A large bundle of red yarn. When this yarn is laid down, it cannot be removed unless reeled/raveled back into its spool. Perfect for finding your way out of mazes or to prevent from getting lost.",Arsenal,N/A,E,D,F,E,F,F,F,C,17,D,Twin,Fast,N/A,Auto,TRUE,FALSE
Reverse Possession,Generic,"If something tries to possess you, you can instead trap it inside you and force it to help you against its will. You gain a small portion of the would be possessor's powers and can gain even more of theirs depending on what deals you make in exchange with them. ",Passive,N/A,A,C,F,F,F,D,F,F,115,B,Trust,Medium,N/A,N/A,FALSE,FALSE
Techadon Gauntlet,Ben 10,A large disembodied armored gauntlet that is capable of shooting lasers that can puncture through concrete from the palm or fingers. If worn the gauntlet will begin to rebuild the rest of its body back into a techadon robot  around your body within a couple of days.,Arsenal,N/A,A,D,C,E,D,F,F,F,121,B,Time,Hyper,N/A,Manual,TRUE,FALSE
Kamikaze,Generic,"At the time of your death, your body self destructs with all the energy you have gained up to that point. If you are out of energy, treat the explosion as if you had a full tank",Passive,N/A,S,F,F,F,F,F,F,F,500,A,Twin,Medium,N/A,N/A,FALSE,FALSE
Mann vs Machine,Team Fortress 2,Nine robotic replicates of the mercenaries from Team fortress 2. They only have their default/stock loadouts of the classes they are made up of. Restocks upon destruction. Any upgrades applied to the robots stay upon being restocked.,Familiar,Male,D,E,E,E,D,E,F,F,14,D,Tinker,Fast,1wk,Auto,TRUE,FALSE
Giant Jumping Sandman Scout,Team Fortress 2,"A large robotic duplicate of the Scout from Team Fortress 2. It is rather fragile compared to what its size may suggest, but is also incredibility fast and mobile. Bats baseballs with the force of a cannon, at the rate of pistol fire. Requires 100 USD or equivalent currency to function for an hour.",Familiar,Male,D,F,D,E,C,F,F,F,21,D,Tinker,Fast,N/A,Auto,TRUE,FALSE
Sergeant Crits,Team Fortress 2,"A giant, self repairing, robotic duplicate of the Soldier from Team Fortress 2. It is an incredibly resilient and durable robot with a rocket launcher capable of shooting out crit-boosted rockets at the same rate of a machine gun. Requires 100 USD or equivalent currency to function for an hour.",Familiar,Male,D,F,B,E,D,F,F,F,61,C,Tinker,Fast,N/A,Auto,TRUE,FALSE
Giant Flare Pyro,Team Fortress 2,A large robotic duplicate of the Pyro from Team Fortress 2. It uses an equally giant Flare gun that is incredibly accurate and fast firing with quick reloading time. Requires 100 USD or equivalent currency to function for an hour.,Familiar,Nonbinary,D,F,D,E,D,F,F,F,16,D,Tinker,Fast,N/A,Auto,TRUE,FALSE
Sir Nukesalot ,Team Fortress 2 ,This mechanical monster is a Giant Demoman wielding a cannon that shoots out large grenades that have the same smoking effect as the Sentry Buster's explosion. It is incredibly durable and has great destructive potential. Requires 100 USD or equivalent currency to function for an hour.,Familiar,Male,D,F,C,E,D,F,F,F,21,D,Tinker,Fast,N/A,Auto,TRUE,FALSE
Captain Punch,Team Fortress 2 ,"A humgonus robotic duplicate of Heavy from Team Fortress 2, armed only with Fists of Steel. Has incredible resistance against all long range attacks and is overall incredibly durable compared to other robots. Requires 100 USD or equivalent currency to function for an hour.",Familiar,Male,D,F,B,E,D,F,F,F,61,C,Tinker,Fast,N/A,Auto,TRUE,FALSE
Mass Teleporting Engineer,Team Fortress 2 ,An incredibly durable robotic duplicate of the engineer. Has most of the intelligence and blueprints of the Engineer's design. Capable of quickly setting up sentry nest and large teleport that can teleport dozens of units. Requires t00 USD or equivalent currency to function for an hour.,Familiar,Male,D,D,D,C,C,E,F,F,36,D,Tinker,Fast,N/A,Auto,TRUE,FALSE
Mini Sentry-chan,Team Fortress 2 ,"A mini sentry made into a sort of childish humanoid form. Carries the same capabilities as the normal building, but far more deadly due to being a sapient, mobile robot. Rather quiet and deadpan. Doesn't really talk, but makes expressive noises. Defaults RED, every duplicate grants one in another team color.",Familiar,Female,D,E,D,D,D,D,F,D,31,D,Tinker,Fast,N/A,Auto,TRUE,FALSE
Mimi the Mini Sentry Turret,Team Fortress 2 ,"A mini sentry made into a vaguely teenage humanoid form. Carries the same capabilities as the normal building, but far more deadly due to being a sapient, mobile robot. A prankster and vicious little gremlin. Doesn't really talk, but makes expressive noises. Defaults RED, every duplicate grants one in another team color.",Familiar,Female,D,E,D,D,D,D,F,D,31,D,Tinker,Fast,N/A,Auto,FALSE,FALSE
Senthia the Sentry Turret,Team Fortress 2 ,"A sentry turret made into a very dangerous humanoid form. Carries the same capabilities as the normal building, but far more deadly due to being a sapient, mobile robot. Vivacious and vicious in equal measures. Doesn't really talk, but makes expressive noises. Defaults RED, every duplicate grants one in another team color.",Familiar,Female,D,E,C,D,D,D,F,D,36,D,Tinker,Fast,N/A,Auto,FALSE,FALSE
Dis-Penelope the Dispenser,Team Fortress 2 ,"A dispenser made into a motherly humanoid form. Carries the same capabilities as the normal building, but far more deadly due to being a sapient, mobile robot. Very motherly, but still a prankster. Doesn't really talk, but makes expressive noises. Defaults RED, every duplicate grants one in another team color.",Familiar,Female,C,E,D,D,D,D,F,D,36,D,Tinker,Fast,N/A,Auto,FALSE,FALSE
Entela and Exodus the Teleporter Twins,Team Fortress 2 ,"A teleporter set made into a pair of humanoid twins. Carries the same capabilities as the normal buildings, but far more deadly due to being sapient, mobile robots. Both of them are fun loving gremlins. Don't really talk, but they make expressive noises. Defaults RED, every duplicate grants pair in another team color.",Familiar,Female,D,E,D,D,C,D,F,D,36,D,Tinker,Fast,N/A,Auto,FALSE,FALSE
Telle Twins (#1 and #2),Team Fortress 2 ,"A teleporter set made into a pair of humanoid twins. Carries the same capabilities as the normal buildings, but far more deadly due to being sapient, mobile robots. Both of them are cutesy gremlin types. Don't really talk, but they make expressive noises. Defaults RED, every duplicate grants pair in another team color.",Familiar,Female,D,E,D,D,C,D,F,D,36,D,Tinker,Fast,N/A,Auto,FALSE,FALSE
Noelle the Repair Node,Team Fortress 2 ,"A repair node made into a cutesy, young adult humanoid form. Carries the same capabilities as the normal building, but far more deadly due to being a sapient, mobile robot. Cutesy, but also incredibly vicious. Doesn't really talk, but makes expressive noises. Defaults RED, every duplicate grants one in another team color.",Familiar,Female,D,E,D,D,D,D,F,D,31,D,Tinker,Fast,N/A,Auto,FALSE,FALSE
Ambie the Ambassador,Team Fortress 2 ,"An Ambassador revolver made into a mature, refined humanoid form. Carries the same capabilities as the normal weapon, but far more deadly due to being a sapient, mobile robot. Rather quiet and smug. Doesn't really talk, but makes expressive noises. Defaults RED, every duplicate grants one in another team color.",Familiar,Female,D,E,D,D,D,D,F,D,31,D,Tinker,Fast,N/A,Auto,FALSE,FALSE
Sapphyre the Electro Sapper,Team Fortress 2 ,"A sapper made into a tiny gremlin form. Carries the same capabilities as the normal building, but far more deadly due to being a sapient, mobile robot. A very cat-like gremlin. Doesn't really talk, but makes expressive noises. Defaults RED, every duplicate grants one in another team color.",Familiar,Female,D,E,D,D,D,D,F,D,31,D,Tinker,Fast,N/A,Auto,FALSE,FALSE
Sasha the Minigun,Team Fortress 2 ,"A minigun made into a one-armed, very sturdy humanoid form. Carries the same capabilities as the normal building, but far more deadly due to being a sapient, mobile robot. Rather quiet and deadpan. Doesn't really talk, but makes expressive noises. Defaults RED, every duplicate grants one in another team color.",Familiar,Female,D,E,D,D,D,D,F,D,31,D,Tinker,Fast,N/A,Auto,FALSE,FALSE
Matilda the Tank,Team Fortress 2 ,"A bomb tank made into a gigantic, burly humanoid form. Carries the same capabilities as the normal building, but far more deadly due to being a sapient, mobile robot. Quiet, but extremely deadly. Doesn't really talk, but makes expressive noises. Defaults BLU, every duplicate grants one in another team color.",Familiar,Female,D,E,D,D,D,D,F,D,31,D,Tinker,Fast,N/A,Auto,FALSE,FALSE
Aperture Science Turret-chan,Portal,"An Aperture Science turret made into a cute humanoid form. Carries the same capabilities as the normal building, but far more deadly due to being a sapient, mobile robot. Has an innocent, cutesy personality. Every duplicate of this ticket grants another turret, but you can build more on your own if you want.",Familiar,Female,D,E,D,D,D,D,F,D,31,D,Tinker,Fast,N/A,Auto,FALSE,FALSE
Combine Turret-chan,Half Life,"A Combine turret made into a cute humanoid form. Carries the same capabilities as the normal building, but far more deadly due to being a sapient, mobile robot. Has an aggressive, militaristic personality. Every duplicate of this ticket grants another turret, but you can build more on your own if you want.",Familiar,Female,D,E,D,D,D,D,F,D,31,D,Tinker,Fast,N/A,Auto,FALSE,FALSE
Scrap Turret Girl,Lethal Company,"A machine gun turret made into a cute, skeletal, usually one-armed humanoid form. Carries the same capabilities as the normal building, but far more deadly due to being a sapient, mobile robot. Has an aggressive, sadistic personality. Every duplicate of this ticket grants another turret, but you can build more on your own if you want.",Familiar,Female,D,E,D,D,D,D,F,D,31,D,Tinker,Fast,N/A,Auto,FALSE,FALSE
Femet Berry,Pokemon R34,"A berry that, in exchange for lowering EVs, sharply raises the estrogen levels in any given pokemon, turning them more voluptuous and feminizing them into something more sexually agreeable. Start with 30 berries. No more than one a day, unless you want things to get VERY interesting.",Farmable,N/A,C,B,F,F,F,C,D,F,75,C,Time,Medium,1wk,N/A,TRUE,TRUE
A-series Anthroball,Pokemon R34,"A pokeball that turns any pokemon caught within into a voluptuous, horny, sexually available anthropomorphic version of that species, turning males into estrogenized femboys, and females into breeders. You get 6 on a standard pokeball belt.",Consumable,N/A,C,B,F,F,F,C,D,F,75,C,N/A,N/A,2wk,N/A,TRUE,TRUE
B-series Anthroball,Pokemon R34,"A pokeball that turns any pokemon caught within into a voluptuous, horny, sexually aggressive anthropomorphic version of that species, turning males into musclebound fuckmonsters, and females into... musclebound fuckmonsters, also with included giant penis. You get 6 on a standard pokeball belt.",Consumable,N/A,C,B,F,F,F,C,D,F,75,C,N/A,N/A,2wk,N/A,TRUE,TRUE
"""Rare"" Candy",Pokemon R34,"It works the exact same as a normal rare candy, but the extra hormones within estrogenize the human body and have an aphrodisiac, psychoactive, and feminizing aspect to the point that taking too many will almost entirely feminize any male or female into a mindbroken fuckpet, including the ability to get pregnant even without a vagina.",Consumable,N/A,C,B,F,F,F,C,D,F,75,C,N/A,N/A,2wk,N/A,TRUE,TRUE
Joy,Bayonetta,"Seraphim of the First Sphere, shapeless and spiritual, they take female form when in the mortal plane, and can even duplicate themselves if they wish. Yes, the stripper dancing before battle is normal.",Familiar,Female,S,A,A,A,A,S,A,SS,"2,500",S,N/A,N/A,N/A,N/A,FALSE,TRUE
Umbra Witch,Bayonetta,"You are an Umbra Witch, a practitioner of the Dark Arts, overseer of history. Your hair itself is a conduit for your magic, and your magic comes from the defeat and contracting of demons to serve your will. Also, you're a girl now, retroactively. Although this ticket starts with high stats, you don't get access to any of it until you start subjugating demons to your will. You start with an Umbran Watch and knowledge of Bullet Arts.",Skill,Female,S,B,B,C,B,B,C,A,820,A,Train,Medium,N/A,N/A,FALSE,TRUE
Lumen Sage,Bayonetta,"You are a Lumen Sage, a practitioner of the holy arts, overseer of history. Your robes are a conduit for your magic, and your magic comes from prayer and the beseeching of angels to grant you power. Also, you're a guy now, retroactively. Although this ticket starts with high stats, you don't get access to any of it until you start contracting angels for more strength. You start with a Lumen's Watch and Divine Robes.",Skill,Male,S,B,B,C,B,B,C,A,820,A,Train,Medium,N/A,N/A,FALSE,TRUE
Rapid Fire Bowman Sniper,Team Fortress 2,"A giant robotic duplicate of Sniper from Team Fortress 2. Is immuned to being stunned and fires large arrows, with an even larger wonky hitbox, at the rate of a machine gun. Requires 100 USD or equivalent currency to function for an hour.",Familiar,Male,D,F,D,E,D,F,F,F,16,D,Tinker,Fast,N/A,N/A,TRUE,FALSE
Giant Medic Robot,Team Fortress 2,"A large robotic duplicate of the Medic from Team Fortress 2. Its medigun can repair both man and machine, but lacks the original's ambition. Requires 100 USD or equivalent currency to function for an hour.",Familiar,Male,D,D,D,C,C,E,F,F,36,D,Tinker,Fast,N/A,N/A,TRUE,FALSE
Boeing 737 Commercial Airliner,Generic,"A functioning commercial airliner that is completely out of fuel. Can only be summoned at ground level, and once summoned is stuck until refueled",Vehicle,N/A,E,F,D,F,B,F,F,F,56,C,Tinker,Medium,N/A,N/A,TRUE,FALSE
Infinite Ammo AK-47,Let's Go Island Adventure,A Ak-47 that has infinite ammo. The magazine can not be removed nor can attachments be added. This gun cannot break under its own power,Arsenal,N/A,D,E,D,F,F,E,F,F,12,D,Twin,Medium,N/A,N/A,FALSE,FALSE
Teleporter,Henry Stickmin Collection,"A device with 3 green buttons and one red one. Has a 1 in 6 chance of actually working properly, and a cooldown period of 24 hours. If it doesn't work as intended, will teleport the user to a random location without their safety in mind.",Arsenal,N/A,A,C,E,E,S,E,F,E,614,A,Tinker,Slow,N/A,24hr,FALSE,FALSE
Sorcerer's Weekly Magazine,Team Fortress 2 ,"Grants the user access to the Spook Fortress Spells but only in October or the equivalent month. Can be improved to working all year round, if rolled again. ",Ability,N/A,D,D,D,E,D,D,F,E,27,D,Twin,Fast,N/A,N/A,FALSE,FALSE
Tattoos of Vengeance ,Project Moon ,"Congrats on your new tattoo! Each time you avenge a wrong done to you or your family (or close friends), the tattoo gets bigger and increases your physical abilities.",Wearable,N/A,D,E,D,E,D,E,E,E,20,D,Time,Fast,N/A,N/A,FALSE,FALSE
Drukhari Wych,Warhammer 40.000,"A Dark Eldar specialized in ritual duel. She seeks to maximize the suffering of her foe and act as sensually as possible while doing so. Her lack of clothes and protection is both to incite desire and frustration by showing she doesn't need any protection to take a foe down. They are actively evil and will attempt to corrupt their master with promises of pleasures and delicacies, or as thanks from freeing their soul from being eaten by demons.",Familiar,Female,B,C,B,C,B,B,E,C,231,B,Time,Snail,N/A,N/A,FALSE,TRUE
Orowyrm,Warframe,"A massive robotic beast of gold and ivory, a symbol of power from an empire long since destroyed. A monstrous creature capable of breathing deadly flame, has the strength to destroy castles and dig through solid stone. Kinda looks like a worm on a string.",Familiar,N/A,B,D,B,D,B,D,D,B,220,B,Tinker,Slow,N/A,Auto,FALSE,FALSE
Tech Tree: NERV,Neon Genesis Evangelion,"You can create, modify, and design anything remotely related to NERV or its offshoot WILLE's technology. This includes Evangelions, Reiquariums, plugsuits, the Lance of Longinus, Angel/Eva hybrids, etc etc. Comes with a free AT Field, albeit it starts extremely weak and barely able to block a 9mm bullet. Starts with a chunk of Lilith DNA just big enough to clone repeatedly for raw material.",Skill,N/A,SSS,SS,S,S,S,B,SS,SS,"9,550",SS,Tinker,Slow,N/A,N/A,FALSE,FALSE
Exodia the Forbidden One,Yugioh,"An extremely powerful entity bound in cards. All five of which are now yours. It takes effort and will to draw a card, but should you manage to get all five in a single fight (you always start with zero) Exodia will manifest and instantly end it. Or at least serve as an effective combatant in the extremely rare case you're fighting something that can actually stand against him.",Familiar,N/A,SSS,F,EX,F,SSS,F,F,EX,"30,000",SSS,N/A,N/A,N/A,N/A,FALSE,FALSE
Civilight Eterna,Arknights,"Hail, King of Sarkaz. A floating crown of black crystal, the Civilight Eterna marks one as King of Sarkaz, and inheritor to the memories and emotions of the entire species. In exchange for bearing this, you are granted immense power- capable of casting prophecies over entire bloodlines, manipulating emotions, and seeing the memories of others. Further, you may establish the Sarkaz in the world- simply allow one to pledge to the crown and stab themselves on it and they will find themselves as one of your people. This comes with increased physical abilities and special magical abilities, depending on the bloodline they get.",Race,N/A,S,B,A,S,D,B,C,S,"1,715",S,Time,Fast,N/A,N/A,FALSE,FALSE
Quincy,Bleach,"You are now a Quincy, a Spiritually Aware human that can manipulate Reishi, and use it as a weapon. This weapon is particularly effective against Spiritual existences. You also can use techniques such as Blut, a defensive tool, and Hirenkyaku, an advanced movement technique. There are other techiques a Quincy can have, but you'll need to learn them.",Race,N/A,A,D,B,C,A,D,C,B,330,B,Train,Fast,N/A,N/A,FALSE,FALSE
Schrift,Bleach,"A Quincy that holds a Schrift has been granted a letter of the alphabet, A-Z. These letters all correlate to a unique ability for a single Quincy to use. (You probably want to put all the letters in a spinner or something.)",Ability,N/A,S,S,S,S,S,F,C,C,"2,520",S,Train,Fast,N/A,N/A,FALSE,FALSE
Vollstandig,Bleach,"An evolved Quincy Technique, this replaces the previous Letzt Stil, removing the drawback of a complete removal of a Quincy's power, and allowing them to directly manipulate the Reishi in an area at a much higher level. You also get a decent amount of Drip with the transformation, but it can't save someone with no fashion sense.",Ability,N/A,S,C,S,S,S,B,C,A,"2,170",S,Train,Hyper,N/A,N/A,FALSE,FALSE
G-Mod Tool Gun,Gmod,"The manipulator gun from Garry's Mod. Allows you to manipulate, change, and modify anything shot, or fling them into orbit with the push tool. Or any other usecase you can think of with this ridiculous thing.",Arsenal,N/A,SS,SS,SS,SS,SS,SS,SS,A,"7,100",SS,Tinker,Slow,N/A,Auto,TRUE,FALSE
Unawoken Whispered,Full Metal Panic,"Your subconscious mind is connected to a reservoir of hyper advanced scientific knowledge, gaining intuitive knowledge of math, science, technology, engineering, and one specialization that you can choose. Awaken your powers with training to unlock the ability to communicate with other Whispered via telepathy. Try not to do it for too long, though.",Passive,N/A,F,C,F,SS,F,F,B,F,"1,060",S,Tinker,Medium,N/A,N/A,FALSE,FALSE
Belmont Bloodline,Castlevania,"You are a descendant of the legendary vampire killers, the Belmont clan. You have increased aptitude with holy weapons and artifacts, and have an easier time facing and combating the undead and unholy, especially vampires. You are naturally talented with using whips and can jump better as well.",Passive,N/A,D,E,D,D,D,D,D,D,36,D,Train,Medium,N/A,N/A,FALSE,FALSE
Sei Martial Artist,History's Mightiest Disciple Kenichi,"You are a calm individual, and therefore you have the ability to utilize Sei Ki. This Ki specializes in predictive and understanding based fighting, with an emphasis on remaining calm being important for the art.",Skill,N/A,D,D,D,D,D,F,F,F,25,D,Train,Medium,N/A,N/A,FALSE,FALSE
Vampire Killer,Castlevania,"The legendary whip used by the Belmont clan to slay Dracula. Repeatedly. It usually only allows members of the Belmont bloodline to wield it, but will tolerate you. A holy weapon created by voluntary sacrifice, this weapon will inflict deadly injuries on the undead and unholy, dealing increased damage to vampires and those of Dracula's bloodline.",Arsenal,N/A,D,D,D,F,E,D,F,D,26,D,N/A,N/A,N/A,N/A,TRUE,FALSE
Dou Ki Martial Artist,History's Mightiest Disciple Kenichi,"You are a Martial Artist of the Dou persuasion. You specialize in using your passions to enhance your strikes and endure longer in a fight. Explosive power, the more heated you get, the stronger you are.",Skill,N/A,D,E,C,D,C,F,F,F,31,D,Train,Medium,N/A,N/A,FALSE,FALSE
Fire Flower,Mario,"A red, yellow, and white flower with black eye like spots in the middle. Can be used to shoot small fireballs from your hands. Taking a hard blow will dispel the effect.",Farmable,N/A,D,E,F,F,F,F,E,E,8,E,Time,Medium,N/A,N/A,FALSE,FALSE
Maker Hands,Stoneheart,"You are a preeminent artist, capable of giving life to anything you shape with your hands, including giving purpose and meaning. You can also use this ability to destroy so long as you can get your hands on the thing in question, so long as it can be used for artistry",Ability,N/A,D,F,F,F,F,F,F,D,10,D,Train,Medium,N/A,N/A,FALSE,FALSE
Ice Flower,Mario,A blue and white flower with black eye like spots in the middle. Can be used to shoot small balls of freezing ice from your hands. Taking a hard blow will dispel the effect.,Farmable,N/A,D,E,F,F,F,F,E,E,8,E,Time,Medium,N/A,N/A,FALSE,FALSE
Tech Tree: Abiotic Factor,Abiotic Factor,"You gain the knowledge of how to create, modify, and design any technology produced by GATE- Garrick Advanced Technology Enterprises, a company that specializes in exploring, studying, and safeguarding various entities, and unusual, often hazardous phenomena.",Skill,N/A,B,S,B,SS,C,D,E,B,"1,666",S,Tinker,Fast,N/A,N/A,FALSE,FALSE
Mage's Grimoire,Black Clover,A leather bound book that contains all the various spells that you know. Also increases magic capacity and potential output by a exponential factor of five while within 5 feet of the holder.,Arsenal,N/A,S,D,A,A,A,A,F,C,915,A,Train,Fast,N/A,N/A,TRUE,FALSE
Empty Energeon Cube,Transformers,"A 1 cubic meter empty block made of some kind of transparent material. When attached to an energy source, or fuel is poured into it, converts said fuel into a universal energy. A full cube can safely contain a year's worth of power made by a nuclear power plant.",Arsenal,N/A,A,E,A,F,F,F,F,A,301,B,Time,Slow,N/A,N/A,TRUE,FALSE
Absurd Strength,Generic,"Your physical strength is rooted and powered by its absurdity in use. The more ridiculous the use in strength the more likely it will occur, such as playing whack-a-mole to create a pitfall, making a splash of water to cause tidal waves, or bending steel girders into origami shapes. Etc.",Passive,N/A,S,C,S,F,S,A,F,S,"2,110",S,Train,Medium,N/A,N/A,FALSE,FALSE
Finger Pistol,Generic,"By making your hand into a gun shape you make it work like a functioning gun that shoots invisible bullets. When pointing one finger you shoot like a semi-automatic 9mm pistol, by pointing out two fingers you shoot like a magnum revolver.",Ability,N/A,E,D,E,F,E,E,F,D,14,D,Train,Slow,N/A,N/A,FALSE,FALSE
Mime,Generic,"By miming an object, you bring it to invisible existence. The object or structures have to be considered mundane other than being invisible. If you speak, the mimed object disappears.",Ability,N/A,D,A,D,E,C,D,F,A,226,B,Train,Slow,N/A,N/A,FALSE,FALSE
Used Hair Salon Products,Generic,A large box filled with half used hair care products.,Consumable,N/A,F,F,F,F,F,F,F,F,0,F,N/A,N/A,N/A,N/A,TRUE,FALSE
Scotty the T. Rex,Generic,"A living copy of the largest known T. Rex. Roughly 13 meters long, 4 meters tall at the hips, and weighing nearly 20,000 pounds.",Familiar,Male,F,C,D,F,C,D,F,A,130,B,Trust,Fast,N/A,N/A,FALSE,FALSE
 Big John the Triceratops,Generic,"The largest known triceratops. Big John is 3 meters tall and 8 meters long, and weighs over 13,000 pounds. ",Familiar,Male,F,C,C,F,D,F,F,A,125,B,Trust,Medium,N/A,N/A,FALSE,FALSE
Utahraptor Pack,Generic, A group of 5 utahraptors. 3 male and two female. They are able to breed to make more raptors.,Familiar,Other,F,D,D,E,D,D,F,A,121,B,Trust,Medium,N/A,N/A,FALSE,FALSE
Familiar Reincarnation,Generic,"When/if you die, your consciousnesses is instead transferred to your highest ranking familiar. You lose all of your previously gotten passives, races changes, skills, and abilities but keep your familiars, items, and unused tickets. You keep the Omni Gacha system but lose most of everything else.",Passive,N/A,S,F,F,F,F,F,F,F,500,A,Ticket,Snail,N/A,N/A,FALSE,FALSE
Bullet Pattern,Deltarune,"By expending energy, you can project a solid hologram into a pattern of projectiles (""bullets"") or an entity that attacks autonomously (with more bullets). These attacks will do less damage the more unavoidable they are. The higher your energy pool or wider your pool of energy sources, the more dangerous this ability becomes.",Ability,N/A,D,D,E,E,E,E,F,E,15,D,Train,Fast,N/A,N/A,FALSE,FALSE
Wardrobe of Holding,Generic,"A ticket that summons a large wardrobe with enough mundane clothing in it to last you a whole year. Nothing considered armor and nothing magical, but lots of daily outfits that suit your tastes.",Wearable,N/A,D,F,F,F,F,D,F,F,10,D,N/A,N/A,N/A,N/A,FALSE,FALSE
The Merchant,Resident Evil,"""What are ya buying Stranger?'"" A blue hooded man with easy access to tons of weaponry and ammunition of all types. Will offer wares but only if they are properly bought off of him.",Familiar,Male,D,D,D,E,E,E,E,E,20,D,Trust,Fast,N/A,N/A,FALSE,FALSE
Full Cache + Charms,Resident Evil,A metallic black attache case that makes it easier for you to find tinkering supplies. Stocked full with the best weapons of every type from Resident Evil 4. Attached to the case are 3 random charms that give assorted benefits based on the ones chosen.,Arsenal,N/A,D,D,D,F,F,F,F,F,15,D,N/A,N/A,N/A,N/A,TRUE,FALSE
Mobias Command Center,Hot Wheels,"An extremely large mobile base and garage, with cloaking and high powered missiles for defense. Using nano technology, it is capable of reformatting any vehicle into a super version using the templates of Scout, Leader, Special Operations Officer, Artillery, and Technological and Tactics Support using sentient Battle Chips. Contains 5 Battle Chips to start, you'll have to figure out how to get more.",World,N/A,C,D,C,F,C,F,F,F,35,D,Tinker,Slow,N/A,N/A,TRUE,FALSE
Cartoon Heart,Generic,"Turns your heart into a functioning cartoon heart. Your heart does not need to be attached to any arteries and even when removed from your body, will pump blood through your body like it wasn't.",Passive,N/A,D,D,F,F,F,F,F,F,10,D,N/A,N/A,N/A,N/A,FALSE,FALSE
Marine Battle Ship,One Piece,"A single 60 meter long battleship meant to comfortable carry a contingent of 800 marines, fully stocked with uniforms, armaments, kitchenware and supplies for said 800 marines.  The ship has paddlewheels and a Seastone-coated bottom. The ship can only be summoned in a sufficiently large enough body of water. Does not come with a crew complement.",Vehicle,N/A,D,F,B,F,C,F,F,F,65,C,N/A,N/A,N/A,N/A,TRUE,FALSE
Inferno Blizzard Vision,Generic,"Your right eye fires a cold beam that drains kinetic and thermal energy from objects that it hits. Your left eye burns things with the energy stored from the cold beam. Drains 10 degrees F per second from anything targeted. Heat storage is capped at 50,000 degrees F",Ability,N/A,C,D,D,E,E,E,F,F,23,D,Train,Medium,N/A,N/A,FALSE,FALSE
Transmodulator,Ben 10,"A bulky vest and helmet that fires red energy beams from its twin horns. When targeting a living animal, it can mutate them into massive battle forms that you gain innate control over. When fired at dead animals, it resurrects them (mostly) and also allows you to control the reanimated corpse. The two functions are separate, and you must turn the dial on the chest harness to swap between mutation and resurrection modes.",Arsenal,N/A,C,E,C,F,F,F,C,D,36,D,Tinker,Slow,N/A,N/A,TRUE,FALSE
Nanite Canister,Generator Rex,"A canister of active EVO Nanites capable of self reproduction when introduced to a living organic being, insuring they never run out of nanites. High stress or excessive amounts of nanites will cause massive mutations, colloquially referred to as ""going EVO"", sometimes resulting in kaiju-like forms, sometimes granting wild superpowers. Sometimes both. It's a coin toss if you retain your sanity or not.",Arsenal,N/A,A,D,B,D,B,F,A,B,360,B,Time,Medium,1m,8hr,TRUE,FALSE
Grimoire,Warframe,"The diary of Albrecht Entrati, an ornate book of arcane secrets and Void-borne devilry. The pages within this book contain great and vast knowledge of Void energies in such concentration that the secrets themselves become deadly. Deals innate electrical damage in the form of bullet-like energy bolts as a primary fire, or a massive sparking orb with its alternate fire. Can be modified to produce additional effects, with the right tools and conditions.",Arsenal,N/A,S,A,C,C,F,F,F,D,625,A,Tinker,Hyper,N/A,N/A,TRUE,FALSE
Goons,Generic,"A whole gang of roughly 30 year old Italian American men who all look vaguely like generic mafia guys, either in suits, blue collar clothes, or overcoats with flat caps. They're not particularly smart, but it's a whole gang of goons to do whatever you need doing, usually grunt work and hits. Start with 50, increasing as your energy pool increases.",Familiar,Male,E,E,E,E,E,D,F,E,11,D,Time,Medium,N/A,N/A,FALSE,FALSE
Centorea Shianus,Monster Musume,"A prim and proper Centauride with really big boobs. She's honorable, chivalrous, traned in the ways of knighthood, and also very kind and modest. She likes carrots and eats a lot, though she tries to hide the latter. Comes with her full knight's kit and several sets of dailywear, including a bikini.",Familiar,Female,D,F,D,D,D,B,D,C,85,C,Trust,Medium,N/A,N/A,FALSE,TRUE
Appa,Avatar,"The presumed last of the Sky Bison, a massive six legged creature with a flat tail, an arrow pattern in his fur, and a gentle, surprisingly intelligent, and a bit snarky personality. Eats lots of hay, grass, fruits, any vegetation he can get his mouth on, really. Can fly and carry roughly six teens and their meager traveling supplies with ease.",Familiar,Male,D,F,D,E,B,C,C,C,91,C,Trust,Medium,N/A,N/A,FALSE,FALSE
Hollow Army,Dark Souls,"An army of emaciated, barely human hollows. They're not very strong, but they know how to use a weapon and beat the shit out of anything you point them at. General armaments include swords, shields, spears, and crossbows (but only one per Hollow). Start with 50, gain more as you become stronger.",Familiar,Other,D,F,D,E,E,F,D,C,27,D,Time,Medium,N/A,N/A,FALSE,FALSE
Furniture Catalog,Generic,"A standard furniture catalog filled with every form of purchaseable furniture or home decoration within your current world. Upon selecting one to purchase, the manufacturing price of that item will be deducted from your cash or accounts, and the item itself will teleport to you. Cannot be accessed in combat or while in hostile territory.",Novelty,N/A,D,F,F,F,F,D,F,F,10,D,N/A,N/A,N/A,Auto,TRUE,FALSE
Red Stoneplate Ring,Dark Souls,A gold ring with a brilliant red rectangular gem. Boosts defense against flame and heat,Wearable,N/A,C,F,C,F,F,F,F,F,20,D,N/A,N/A,N/A,8hr,TRUE,FALSE
Sakuya Izayoi Fumo,Touhou Project,"A fumo of the perfect and elegant maid, Sakuya Izayoi. Any house this fumo is placed in will act as though it is being cleaned and maintained by a whole household's worth of maids 24/7.",Novelty,N/A,D,C,F,F,F,D,F,D,25,D,N/A,N/A,N/A,Auto,TRUE,FALSE
Poltergeist's Pillow,HunterxHunter,"A pillow that, when slept on, allows your spirit to explore the world at will. Your astral form can pass through solid objects and you are undetectable to most other creatures, though if you don't return within 24 hours you WILL die.",Arsenal,N/A,C,F,F,C,C,F,F,F,30,D,N/A,N/A,N/A,8hr,TRUE,FALSE
Crimson Behelit,Berserk,"A stone that acts as a key to link the Astral World to the Physical World. Usually used to summon the God Hand and facilitate sacrificial ceremonies. The Crimson Behelit allows you to exchange your flesh and blood to become a member of the God Hand and grant you the world... once every 216 years during the Eclipse. Activate this during an eclipse to end the fucking world, you fucking idiot.",Consumable,N/A,SS,A,F,F,F,F,A,SS,"2,200",S,N/A,N/A,N/A,Manual,FALSE,FALSE
Wastelander's Survival Kit,Fallout,"A survival kit for a true Courier. Contains Elite Riot Gear, an anti-materiel sniper rifle, a riot shotgun, a .44 Magnum revolver, a bowie knife, 5 repair kits, 10 stim packs, 5 doctor's bags, and 200 ammo for each gun. Also comes with a really snazzy trenchcoat.",Arsenal,N/A,E,E,D,D,F,D,D,C,32,D,Tinker,Medium,N/A,Auto,TRUE,FALSE
2 Star Heart Ticket,Generic,Affection in a ticket. Rip it and the person you think about likes you a fair bit more via retcon and causality bending. No side effects but your own guilt.,Consumable,N/A,E,D,F,F,F,F,F,E,7,E,N/A,N/A,N/A,N/A,TRUE,FALSE
Repair Powder,Dark Souls,"An enchanted golden powder that repairs weaponry and restores durability as long as the item is in one piece still. The stronger the item, the more powder you need. Some items might need multiple bags of powder to fully repair.",Consumable,N/A,C,F,F,F,F,F,F,F,10,D,N/A,N/A,12hr,1hr,TRUE,FALSE
Ring of Suppression,Generic,A completely nondescript black metal ring that erases your energy signature when worn as long as you do not actively cast abilities or spells or other energy intensive techniques.,Wearable,N/A,D,C,F,F,F,F,F,F,15,D,N/A,N/A,N/A,Manual,TRUE,FALSE
Guardian Shield,God of War,An extremely durable bracelet that becomes a divinely durable round shield when activated. Said shield also works as a bludgeon if you want.,Arsenal,N/A,B,F,B,F,F,F,F,F,100,B,N/A,N/A,N/A,Auto,TRUE,FALSE
Vial of Everflowing Blood,Generic,"An ornate red vial that produces an endless amount of fresh, healthy, clean O- blood when poured out. Yes, you can use this to feed vampires. Does not carry the essence of any pre-existing person. Might taste like your blood, actually.",Consumable,N/A,D,E,F,F,F,F,F,E,7,E,N/A,N/A,N/A,24hr,TRUE,FALSE
One Million Buzzsaws,Hollow Knight,"One million buzzsaws stolen from the White Palace. Each 3 meter saw spins perpetually when deployed, and can be returned to item storage if you're careful to not cut yourself doing so.",Arsenal,N/A,E,E,D,F,D,F,F,D,17,D,N/A,N/A,N/A,Auto,TRUE,FALSE
Clergy Ring,Generic,"A holy ring that gains one spell charge every 8 hours for a maximum of 3 charges at a time. Allows you to cast one of three effects with each charge: Smite - charge your body or weapons with holy light to empower your next strike, Blessing- increase one chosen physical stat for yourself or a target for five minutes, Purify- purify a target of all affliction with strength proportional to your own energy levels.",Wearable,N/A,C,D,C,C,C,D,F,C,60,C,N/A,N/A,8hr,24hr,TRUE,FALSE
Ejaculatte,Generic,"A can of very plainly branded coffee. Every swig will cause an orgasm, drinking the whole thing in one go will have you cumming uncontrollably for hours.",Novelty,N/A,D,D,F,F,F,C,F,F,20,D,N/A,N/A,8hr,Manual,TRUE,TRUE
Apprentice Hand to Hand Combat,Generic,"You have enough martial arts skill to learn any art at increased speed and put any normal person on the ground in an instant. Pros will still beat you, but it's harder now.",Skill,N/A,C,F,D,D,D,F,F,F,25,D,Train,Medium,N/A,N/A,FALSE,FALSE
Apprentice Chemistry,Generic,"You know enough chemistry to be a professor, and you can remember most mundane compounds and formula off the top of your head.",Skill,N/A,C,F,F,D,F,F,F,F,15,D,Train,Medium,N/A,N/A,FALSE,FALSE
Apprentice Massage,Generic,"You're a skilled and experienced masseuse, you can relieve pressure, cause pleasure, untense muscles, and loosen joints with ease.",Skill,N/A,C,F,F,D,F,D,F,F,20,D,Train,Medium,N/A,N/A,FALSE,FALSE
Kung Fu,Generic,"You're a damn good apprentice in kung fu, knowing all of the basic and some of the intermediate level techniques. You might even be able to use your internal energies to enhance yourself with enough training.",Skill,N/A,C,F,D,D,D,F,F,F,25,D,Train,Medium,N/A,N/A,FALSE,FALSE
Meditation,Generic,"You are well versed in meditation, clearing and calming and cleansing your mind without distraction. While meditating, energy recovers faster.",Skill,N/A,C,D,F,D,F,F,F,F,20,D,Train,Medium,N/A,N/A,FALSE,FALSE
Apprentice Discipline,Generic,"You have a remarkable amount of discipline. You can endure discomfort and pain with stoic ease, train when you don't want to, get out of bed when it's really cozy, and maintain focus. You have excellent work ethic.",Skill,N/A,C,F,F,C,F,F,F,F,20,D,Train,Medium,N/A,N/A,FALSE,FALSE
Litigation,Generic,You're an experienced lawyer. You have a great grasp of your local world's laws based on nation and locale. You can easily defend yourself or a client in court. You could buy a billboard at this point.,Skill,N/A,C,F,F,C,F,D,F,F,25,D,Train,Medium,N/A,N/A,FALSE,FALSE
Hacking,Generic,You are skilled at leveraging your skills to get into networks and get past digital and cybernetic defenses.,Skill,N/A,C,F,F,C,F,F,F,F,20,D,Train,Medium,N/A,N/A,FALSE,FALSE
Commerce,Generic,"You are very skilled in haggling, buying, selling, figuring out prices, and getting good deals on any transaction you make",Skill,N/A,C,F,F,C,F,D,F,F,25,D,Train,Medium,N/A,N/A,FALSE,FALSE
Cardboard World,Generic,"You have perfect control over your own strength- if you don't want to break it, you won't break it. Even if you could shatter a planet you could still punch a pillow and not even dent the surface if you desired.",Passive,N/A,D,F,C,C,F,F,F,F,25,D,N/A,N/A,N/A,N/A,FALSE,FALSE
Mountmaster,Generic,"You are a master of riding- any vehicle or mount you take, you can drive, ride, or pilot as if you've been doing it for years and years.",Passive,N/A,D,F,F,C,C,F,F,F,25,D,Train,Fast,N/A,N/A,FALSE,FALSE
MILF Hunter,Generic,Married women and MILFs of all kinds are now more attracted to you and consider you a potential romantic interest.,Passive,N/A,D,F,F,F,F,D,F,F,10,D,N/A,N/A,N/A,N/A,FALSE,TRUE
Tough Claws,Generic,"You gain the ability to turn your fingers into exceptionally strong claws capable of cleaving walls, steel, even diamonds in twain. All claw-based abilities and attacks are enhanced threefold.",Passive,N/A,D,F,C,F,F,F,D,F,20,D,Train,Medium,N/A,N/A,FALSE,FALSE
Avian Ally,Generic,Birds and all kinds of avian creatures like you a lot more now. You make friends with all avian beings far more easily. Flight effects are now easier to learn and more efficient to use.,Passive,N/A,D,F,F,F,C,C,F,F,25,D,Trust,Medium,N/A,N/A,FALSE,FALSE
Sharp Hearing,Generic,"You have incredibly enhanced hearing, much like an owl. You can distinguish quiet noises, differentiate multiple sound sorces, and adjust your hearing sensitivity on the fly.",Passive,N/A,D,F,F,C,F,F,D,F,20,D,Train,Medium,N/A,N/A,FALSE,FALSE
Enhanced Strength,Generic,"Your strength is enhanced, adding a threefold multiplier onto your existing strength and allowing you to exert far more force",Passive,N/A,D,F,C,F,F,F,F,F,15,D,Train,Medium,N/A,N/A,FALSE,FALSE
Charisma,Generic,"Your charisma draws the eye and pulls people in, making you the center of attention in a room and probably everyone's favorite friend if you put in the effort.",Passive,N/A,D,F,F,F,F,D,F,F,10,D,N/A,N/A,N/A,N/A,FALSE,FALSE
Relationship Tracker DLC,Generic,"Your gacha now comes with its own relationship tracker. How the menu displays is up to you, but it allows you to track your relationship with the people around you, and what they think of you. Also logs their likes, dislikes, interests, and relevant information. Does not give you hints on how to romance them. This is a tracker, not a dating sim screen.",Passive,N/A,D,D,F,D,F,D,F,F,20,D,N/A,N/A,N/A,N/A,FALSE,FALSE
Caveman,Generic,"Unga bunga time. You have enhanced physical strength and endurance, plus increased skill in blunt instruments and wilderness survival. Also, you can rock a wild beard and chest hair if you want.",Passive,N/A,D,F,D,D,D,F,F,D,25,D,Train,Medium,N/A,N/A,FALSE,FALSE
Nothing Strange,Generic,"There is nothing strange about you. Nothing at all. Nobody ever notices anything strange about you, no matter what. Skipping class, talking strangely, going weird places, kissing relatives on the mouth... it's all pretty normal, isn't it?",Passive,N/A,D,A,F,F,F,F,F,F,105,B,N/A,N/A,N/A,N/A,FALSE,FALSE
Lesser Undead,Generic,Congratulations on rising from the grave! Pick either a zombie or a skeleton to come back as. You have no stamina and consume energy to stay alive and doing stuff. Best figure out how to restock on energy faster than you use it. Cannot be turned off. More of a curse really...,Race,N/A,D,F,F,F,F,F,F,D,10,D,Ticket,Fast,N/A,N/A,FALSE,FALSE
Monstergirl Enthusiast,Generic,"It says girls, but it really means the gender you're attracted to. Monstergirls, beastfolk, hybrids, etc all like you more and find it easier to build relationships with you. More monsters in your world end up compatible with you and your shape and proclivities.",Passive,N/A,C,D,F,F,F,C,F,C,35,D,N/A,N/A,N/A,N/A,FALSE,TRUE
Legal Exemption,Generic,"You're now immune to taxes and rent from any government or local rulers. Also, authority figures and law enforcement will overlook your minor crimes entirely.",Passive,N/A,D,B,F,F,F,D,F,F,60,C,N/A,N/A,N/A,N/A,FALSE,FALSE
Lucky Romantic,Generic,You just have better luck with your romantic life. That's about it. Go get 'em tiger.,Passive,N/A,D,F,F,F,F,C,F,F,15,D,N/A,N/A,N/A,N/A,FALSE,FALSE
Oedipus Simple,Generic,"Sweet Home Alabama~ You find it easier to fall in love with your family and vice versa. Society at large doesn't much care if you do it either. You and your kin are now immune to inbreeding, and conceived children will now inherit your race changes and passives more easily and are guaranteed to inherit at least two abilities on birth. (You can reroll this for free if it's not your kink)",Passive,N/A,B,C,F,F,F,C,F,F,70,C,N/A,N/A,N/A,N/A,FALSE,TRUE
Hagmaxxing,Generic,"We love older women in this house. Your preferred partners that are significantly older than you (and are at least 40 years old) are more attracted to you and it's easier to earn their favor. You and your partners's looks will not degrade with age, though this doesn't remove the physical effects of aging.",Passive,N/A,C,C,F,F,F,C,F,F,30,D,N/A,N/A,N/A,N/A,FALSE,TRUE
Burner,Generic,"Gain extra resistance to heat and fire based attacks. All fire and heat based abilities, spells, and attacks are more efficient.",Passive,N/A,C,F,C,F,F,F,F,F,20,D,Train,Medium,N/A,N/A,FALSE,FALSE
Mice Mate,Generic,"You are a friend to all of mouse and rat-kind. Lesser and mundane rodents will automatically be friendly, and might do stuff for you- clean floors, bring shiny things, so on and so forth.",Passive,N/A,D,C,F,F,F,C,F,F,25,D,Trust,Medium,N/A,N/A,FALSE,FALSE
Bully,Generic,"If you're significantly more powerful than your opponent, you get buffs to your physical stats and energy efficiency. Jerk.",Passive,N/A,D,F,C,D,F,F,F,F,20,D,Train,Medium,N/A,N/A,FALSE,FALSE
Flaming Fists,Generic,Coat your fists in flame to enhance the power of your strikes while also burning anything hit by said strikes. You can also launch the flames as a fist shaped fireball that hits three times harder than a normal strike.,Ability,N/A,C,F,C,F,F,F,F,F,20,D,Train,Medium,N/A,N/A,FALSE,FALSE
Flame Coating,Generic,"Coat any object you hold in your hands with flames. Or yourself, if you want. The flames do not harm the object being coated, but burn anything you strike",Ability,N/A,C,F,C,F,F,F,F,F,20,D,Train,Medium,N/A,N/A,FALSE,FALSE
Lightning Spear,Elden Ring,"Conjure a spear of deadly lightning and hurl it at high speed (no, it does not actually move at lightning speed). Deals extra damage against dragons",Ability,N/A,C,F,C,F,C,F,F,F,30,D,Train,Medium,N/A,N/A,FALSE,FALSE
Lighning Claws,Generic,Create claws of lightning over your hands to rend enemies apart and electrocute them at the same time. Extra effective against robots or gooey beings,Ability,N/A,C,C,C,F,F,F,F,F,30,D,Train,Medium,N/A,N/A,FALSE,FALSE
Rock Shotgun,Generic,Fire a burst of small stone pellets with the speed and force of a 12 gauge shotgun,Ability,N/A,C,F,C,F,F,F,F,F,20,D,Train,Medium,N/A,N/A,FALSE,FALSE
Sandblast,Generic,"Launch a stream of sand capable of boring through metal, flesh, or stone with high pressure and even higher velocity",Ability,N/A,C,F,C,F,F,F,F,F,20,D,Train,Medium,N/A,N/A,FALSE,FALSE
Stalagmite Burst,Generic,"Form stalagmites out of the ground to impale enemies. You can control their shape as they come out, but they only come from the ground",Ability,N/A,C,F,C,F,F,F,F,F,20,D,Train,Medium,N/A,N/A,FALSE,FALSE
Crystal Shower,Generic,"Create generic crystals from your energy and fire them at targets. The larger the crystal or stronger the impact, the more energy it costs.",Ability,N/A,C,F,C,F,F,F,F,F,20,D,Train,Medium,N/A,N/A,FALSE,FALSE
Shadow Ball,Generic,Create a shadowy orb and launch it as a fast moving projectile. Deals extra damage to spiritual beings and ghosts,Ability,N/A,C,C,F,F,F,F,F,F,20,D,Train,Medium,N/A,N/A,FALSE,FALSE
Deafness,Generic,"Inflict a curse of deafness on an opponent by touch or ranged hex. Duration of deafness depends on target's magic resistance. If magic resistance is minimal, the curse is permanent.",Ability,N/A,C,C,F,F,F,F,F,F,20,D,Train,Medium,N/A,N/A,FALSE,FALSE
Lesser Blessing,Generic,"Grant a minor blessing to any target by suffusing them with Holy energy. The blessing buffs a chosen trait for one hour: Vitality, Strength, Resilience, Agility, or Stamina. Only one blessing per target.",Ability,N/A,C,F,C,F,C,F,F,F,30,D,Train,Medium,N/A,N/A,FALSE,FALSE
Carapace,Generic,Grow a tough carapace over your body to serve as armor. Toughness and defense scales with physical stats.,Ability,N/A,C,F,C,F,F,F,F,F,20,D,Train,Medium,N/A,N/A,FALSE,FALSE
Stem Cell Generation,Generic,"Flood your body with pluripotent stem cells to start rebuilding your body and healing wounds at the cost of a whole lot of stamina. If drained of nutrients, the process will harm you instead. You may exchange fluids with others to transfer the cells to them.",Ability,N/A,C,F,C,F,F,F,F,F,20,D,Train,Medium,N/A,N/A,FALSE,FALSE
Clothes Beam,Dragon Ball,"Piccolo's best spell, you can fire a beam or channel energy to dress anyone in the clothing of your choice- also includes weighted training gear, but does not include magically enhanced clothing.",Ability,N/A,C,C,F,F,F,C,F,F,30,D,Train,Medium,N/A,N/A,FALSE,FALSE
No Friction,Generic,"Remove all friction from the target you're touching. With a high enough energy level, might have really bad results for the target in question. Also works on yourself, if you wanna move really fast.",Ability,N/A,C,F,F,F,C,F,F,F,20,D,Train,Medium,N/A,N/A,FALSE,FALSE
Sonar,Generic,"Exactly what it sounds like. 200m sonar based on echolocating pings, allowing you to map surroundings in your mind.",Ability,N/A,C,F,F,C,F,F,F,F,20,D,Train,Medium,N/A,N/A,FALSE,FALSE
Cow Form,Generic,"Transform into a cow or a cow hybrid at will, with all the physical abilities and traits that a cow possesses. Or a bull. Ox. Either or.",Ability,N/A,C,F,C,F,D,F,F,F,25,D,Train,Medium,N/A,N/A,FALSE,FALSE
Hound Nose,Generic,"Increase your olfactory sense to the point of being able to track week old scents across a city, pick out single targets in a room of a hundred, or tell apart any amount of smells even in a dumpster. Effect increases with energy expended.",Ability,N/A,C,F,F,C,F,F,F,F,20,D,Train,Medium,N/A,N/A,FALSE,FALSE
Tech Tree: Repair,Generic,"You can design, create, and modify anything whose primary purpose is repairing or maintaining assorted technology. Also gives knowledge on weakspots and repair methods for almost any tech you find. Yes, a basic forge counts as a repair facility. So does a roll of duct tape.",Skill,N/A,C,F,F,C,F,D,F,F,25,D,Tinker,Medium,N/A,N/A,FALSE,FALSE
Telepath (Quirk),My Hero Academia,"Send a one way telepathic message to anyone within your sensory range, up to a few dozen at a time.",Ability,N/A,C,F,F,C,F,F,F,F,20,D,Train,Medium,N/A,N/A,FALSE,FALSE
Tech Tree: Erotics,Generic,"You can design, create, and modify technology and items related to sex and eroticism. Sex toys, aphrodisiacs, baby oil, lotion, lube, contraceptives, fuck machines, sex dolls, sex bots, etc.",Skill,N/A,C,F,F,C,F,C,F,F,30,D,Tinker,Medium,N/A,N/A,FALSE,FALSE
Tech Tree: High Tech Vehicles,Generic,"You can design, create, and modify high tech vehicles and their surrounding items and infrastructure. Any car from Cyberpunk 2077, flying motorcycles, trains on hardlight rails, etc etc.",Skill,N/A,C,F,C,C,C,C,F,F,50,C,Tinker,Medium,N/A,N/A,FALSE,FALSE
Restraint Levels,Hellsing,"You can place restraint levels on yourself or targets who are willing/unable to resist. The restraint levels prevent the target from utilizing their full powers, and can even seal away entire abilities and racial traits depending on how many there are. Can be lifted temporarily by speaking the command phrase, or by you releasing the effect entirely",Ability,N/A,B,C,F,F,F,F,F,F,60,C,Train,Medium,N/A,N/A,FALSE,FALSE
Familiar Manifestation,Generic,Summon part (ie a limb or any other body part) of any of your familiars to attack. Your familiar does not take damage while being summoned this way.,Ability,N/A,B,F,C,F,C,F,F,F,70,C,Train,Medium,N/A,N/A,FALSE,FALSE
Necrotic Weaponry,Generic,Imbue your body or weapons with necrotic energy that leeches health from enemies and amplifies your own attacks. Deals extra damage to living targets. Can be flung as a projectile.,Ability,N/A,B,C,F,F,F,F,F,F,60,C,Train,Medium,N/A,N/A,FALSE,FALSE
Meal Enhancement,Generic,"Enhance the properties of your own cooking, imbuing nutrients and making the ingredients used more powerful and high quality. The better you cook, the better it tastes and enhances",Ability,N/A,B,F,F,F,F,C,F,F,60,C,Train,Medium,N/A,N/A,FALSE,FALSE
Thought Acceleration,FATE,"Increase the speed that your brain processes information, allowing you to plan and strategize faster. Can also be used in combat, though overuse can have negative effects.",Ability,N/A,C,F,F,B,F,F,F,F,60,C,Train,Medium,N/A,N/A,FALSE,FALSE
Bulk Up,Generic,"Reinforce and strengthen your muscles to superhuman level, allowing even a base human to tear apart cars and fling them like nothing. Overuse will cause extreme soreness and muscle tearing.",Ability,N/A,C,F,C,D,C,F,C,F,45,D,Train,Medium,N/A,N/A,FALSE,FALSE
Crow Claw,Deadman Wonderland,"A Branch of Sin that allows you to spend vitality and turn your blood into sickle-blades across your entire body. The stronger the blades, the more health and blood it takes to maintain.",Ability,N/A,C,F,C,F,F,F,F,F,20,D,Train,Medium,N/A,N/A,FALSE,FALSE
Weapon Mode,Generic,,Ability,N/A,C,F,F,F,F,F,F,F,10,D,Train,Medium,N/A,N/A,FALSE,FALSE
Sanctuary Guardian,Dark Souls,,Familiar,Other,C,F,F,F,F,F,F,F,10,D,Trust,Medium,N/A,N/A,FALSE,FALSE
Tionishia,Monster Musume,,Familiar,Female,C,F,F,F,F,F,F,F,10,D,Trust,Medium,N/A,N/A,FALSE,FALSE
Lightfury and Nightfury,How To Train Your Dragon,,Familiar,Other,C,F,F,F,F,F,F,F,10,D,Trust,Medium,N/A,N/A,FALSE,FALSE
Shademon,Digimon,,Familiar,Nonbinary,C,F,F,F,F,F,F,F,10,D,Trust,Medium,N/A,N/A,FALSE,FALSE
2-1B Surgical Droid,Star Wars,,Familiar,N/A,C,F,F,F,F,F,F,F,10,D,Tinker,Medium,N/A,N/A,FALSE,FALSE
Death Angels,A Quiet Place,,Familiar,Other,C,F,F,F,F,F,F,F,10,D,Train,Slow,N/A,N/A,FALSE,FALSE
Architect,Generic,,Familiar,Other,C,F,F,F,F,F,F,F,10,D,Time,Medium,N/A,N/A,FALSE,FALSE
Phone a P.I.,Generic,,Familiar,Other,C,F,F,F,F,F,F,F,10,D,Twin,Medium,N/A,N/A,FALSE,FALSE
Goss Harag,Monster Hunter,,Familiar,Other,C,F,F,F,F,F,F,F,10,D,Trust,Medium,N/A,N/A,FALSE,FALSE
Investi-gator,Generic,,Familiar,Other,E,F,D,E,D,F,D,E,18,D,Trust,Medium,N/A,N/A,FALSE,FALSE
Energy Drink,Generic,,Consumable,N/A,C,F,F,F,F,F,F,F,10,D,N/A,N/A,24hr,Manual,TRUE,FALSE
Golden Cross,Generic,,Arsenal,N/A,C,F,F,F,F,F,F,F,10,D,N/A,N/A,N/A,24hr,TRUE,FALSE
Infinity Gauntlet,Marvel Comics,,Arsenal,N/A,C,F,F,F,F,F,F,F,10,D,N/A,N/A,N/A,Auto,TRUE,FALSE
Aerolite Bar,Terraria,,Consumable,N/A,C,F,F,F,F,F,F,F,10,D,N/A,N/A,8hr,8hr,TRUE,FALSE
Dragon Slayer,Berserk,,Arsenal,N/A,C,F,F,F,F,F,F,F,10,D,N/A,N/A,N/A,8hr,TRUE,FALSE
Holy Antidote,Generic,,Consumable,N/A,C,F,F,F,F,F,F,F,10,D,N/A,N/A,1wk,8hr,TRUE,FALSE
T-51b Power Armor,Fallout,,Wearable,N/A,C,F,F,F,F,F,F,F,10,D,N/A,N/A,24hr,Auto,TRUE,FALSE
Celestial Bronze,Percy Jackson,,Consumable,N/A,C,F,F,F,F,F,F,F,10,D,N/A,N/A,24hr,8hr,TRUE,FALSE
Venom Vial,DC Comics,,Consumable,N/A,C,F,F,F,F,F,F,F,10,D,N/A,N/A,24hr,8hr,TRUE,FALSE
Dragonslayer Spear,Dark Souls,,Arsenal,N/A,C,F,F,F,F,F,F,F,10,D,N/A,N/A,N/A,8hr,TRUE,FALSE
Darkmoon Bow,Dark Souls,,Arsenal,N/A,C,F,F,F,F,F,F,F,10,D,N/A,N/A,24hr,8hr,TRUE,FALSE
Rent-a-Tenno,Warframe,"Need someone dead? Need something stolen? Need an entire space station crippled and all its occupants turned to ash? Rent a Tenno! Upon activating this throwable and reusable beacon, you may pay any amount of applicable currency and/or esoteric materials and object rewards to hire a Tenno for any job you may need. The more you pay, the more experienced, lethal, powerful, and swift your hired Tenno will be. No, they will not give you any of their stuff. Only useable once every twelve hours.",Arsenal,N/A,S,SS,S,S,S,S,SS,S,"5,000",SS,N/A,N/A,12hr,Auto,TRUE,FALSE
Yoruichi,Bleach,"The Former 22nd Head of the Shihoin Clan, Yoruichi is the former captain of the 2nd Division of the Gotei 13, and former commander of the Onmitsukido. As a Captain Class combatant, she would easily be able to tear through a country with little able to stop her in a Normal World, and her skill is centuries strong. Has a fondness for cats and strawberries.",Familiar,Female,S,B,S,B,SS,S,D,A,"2,705",S,Trust,Slow,N/A,N/A,FALSE,FALSE
Tech Tree - Eggtech,Sonic the Hedgehog,"MUAHAHAHA! LISTEN UP, FOOL! I, DR.ROBOTNIK, THE GREATEST GENIUS IN THE WORLD, HAVE DEEMED THIS PALTRY ROULETTE SYSTEM AN ACCEPTABLE TOOL FOR MY PLANS! FROM NOW ON I SHALL LET YOU GAIN MY MIGHTY INTELLECT AND MECHANICAL WONDERS SO YOU CAN SPREAD THE JOY OF MY EMPIRE! You will begin with the knowledge of my first rodeo against that BLASTED RODENT!",Skill,N/A,SSS,SS,S,EX,S,SS,S,SSS,"23,500",SSS,N/A,N/A,N/A,N/A,FALSE,FALSE
Granberia,Monster Girl Quest,"One of the Four Heavenly Knights, and the second strongest among them. Granberia is a dragon warrior who fights for honour and duty. Prove your strength and valor to earn her respect. Otherwise be ready for a hell of endless training until you satisfy her, either in battle or in the bedroom ",Familiar,Female,B,D,A,C,A,B,A,A,515,A,N/A,N/A,N/A,N/A,FALSE,FALSE
Luna,Sailor Moon,"Looking like a talking black cat with a crescent moon symbol on her forehead, Luna is actually an alien from the planet Mau. Luna is the able to sense magic and is sensitive to the presence of evil, and can temporarily with great effort assume a human form. She has access to a pocket space and has minor telepathic powers.",Familiar,Female,D,E,F,D,E,E,E,E,15,D,N/A,N/A,N/A,N/A,FALSE,FALSE
Puma Twins,Dominion Tank Police,"Ana and Una Puma are twin catgirl androids, originally created as pleasure droids and strippers, they turned to a joy riding life of crime. They are strong, fast, beautiful, and deadly,  enjoying explosions, fast cars, and making cops look like idiot. ",Familiar,Female,F,E,D,E,D,D,D,E,23,D,N/A,N/A,N/A,N/A,FALSE,FALSE
Shiva,Final Fantasy,"A beautiful Ice Queen, Shiva is an icy blue spirit with powerful ice magic. She has been summoned by many in the past and is an experienced combatant. Not very social, though.",Familiar,Female,D,E,E,E,E,E,E,D,16,D,N/A,N/A,N/A,N/A,FALSE,FALSE
Strawberry Cow,Generic,A bright pink cow that produces strawberry milk. ,Familiar,Female,E,E,E,F,F,F,E,E,5,E,N/A,N/A,N/A,N/A,FALSE,FALSE
Cheetara,Thundercats,"A ThunderCat warrior, Cheetara is a speedster with a casual jogging speed of 120 mph. She also has a sixth sense that gives minor pre- and post-cognitive visions and a basic danger sense. She is skilled with a bo staff and carries a collapsible staff in her bracer.",Familiar,Female,D,E,D,C,C,E,E,E,34,D,N/A,N/A,N/A,N/A,FALSE,FALSE
Sword of Omens,Thundercats,"A nigh unbreakable magic sword that cannot be used for evil, the Sword of Omens gets it's name from the Eye of Omens, a powerful gem that contains a sentient all-seeing force of magical power. The Sword of Omens can be scry with, emit ruby energy blasts, and emit a symbol to summon and empower your allies. Shrinks down to dagger size for easy of transport.",Arsenal,N/A,D,D,D,E,E,E,E,D,24,D,N/A,N/A,N/A,N/A,TRUE,FALSE
Perfected Nanite Canister,Generator Rex,"A canister of Perfected Nanites. When injected into someone, turns the person biologically immortal at the prime time of their life, making them peak human, as well as letting them rapidly regenerate grievous wounds. (Yes I want this version to be separate from the EVO nanites)",Arsenal,N/A,A,D,D,D,B,D,A,B,320,B,N/A,N/A,N/A,N/A,TRUE,FALSE
The Ooze,Teenage Mutant Ninja Turtles ,"A large container containing blue sludge like liquid. When exposed to a creature/person the sludge rapidly mutates and merges the creature/person with last animal, creature, or object they have touched in the past few hours. Mutagen can also be used as a substitute for Fuel. The mutagen refills itself as long as the container isn't broken.",Consumable,N/A,A,D,D,E,F,F,A,F,211,B,N/A,N/A,N/A,N/A,TRUE,FALSE
1 Gnorp,(the) Gnorp Apologue,"One single Gnorp. Alone it is weak but extremely adaptable, and can be put to work to do basically anything; however be aware that it's pretty small. Do note they will require rock fragments (what they call shards) to make things. Also durable enough to slam themselves against rocks for hours without tiring.",Familiar,Nonbinary,D,E,C,C,D,D,E,F,37,D,N/A,N/A,N/A,N/A,FALSE,FALSE
 Copy Skill/Ability/Passive,Generic,"Allows you to copy a skill, ability, or passive from any of your current familiars while active. If the familiar dies or is otherwise dismissed, the copy immediately fades away.",Ability,N/A,S,F,F,F,F,F,F,F,500,A,N/A,N/A,N/A,N/A,FALSE,FALSE
5 Gnorps,(the) Gnorp Apologue,"See the 1 Gnorp entry. But instead of just 1 Gnorp, you get a 5 pack of them.",Familiar,Nonbinary,D,D,C,C,C,D,E,F,46,D,N/A,N/A,N/A,N/A,FALSE,FALSE
25 Gnorps,(the) Gnorp Apologue,"See the 1 Gnorp entry. But instead of just 1 Gnorp, you get a 25 pack of them. The more Gnorps there are the stronger they get!",Familiar,Nonbinary,D,C,B,B,B,C,E,F,176,B,N/A,N/A,N/A,N/A,FALSE,FALSE
Non-Newtonian Body,Generic,"Your body is practically slime-like. The harder and faster something physical hits you, the less impact and injury it will cause. Does not fully account for slashing or piercing like attacks.",Passive,N/A,D,E,D,E,D,D,E,C,33,D,N/A,N/A,N/A,N/A,FALSE,FALSE
Incremental Weapon,Generic,"A weapon that takes a form of your preference, it starts out as the Weakest possible variation capable of infinite use on the weapon. As you use it, you gain a greater and greater capacity to modify and alter it according to your experiences, and any special resources you encounter. Also grants you Money each time you use it.",Arsenal,N/A,E,E,E,E,E,E,E,E,8,E,N/A,N/A,N/A,N/A,TRUE,FALSE
Tech Tree: Ecological,Generic,"You are now able to create devices and contraceptions related to restore the place you live in. This can include reforestation devices, depolluting the water, improving the soil... Up to actually recreate ecosystem and resources. ",Skill,N/A,D,F,F,D,F,F,A,A,210,B,N/A,N/A,N/A,N/A,FALSE,FALSE
Tech Tree: Biology,Generic,"Ever wanted to create your own affronts to God's creation by creating weird creatures? Or simply because you want to mess with genetics? Congratulations! Though your beginning will be humble, such as understanding how a creature tick, you will improve to being able to modify them with the correct equipments.",Skill,N/A,D,F,D,D,F,F,S,A,615,A,N/A,N/A,N/A,N/A,FALSE,FALSE
Horror Slasher Movement,Generic,"From now on, you gain an increased boost on movement speed dexterity whenever no one is looking at you and if you are pursuing someone, you gain for the duration the ability to phase through objects and what would be the optimal path to catch them from the most unexpected and irrational places.",Passive,N/A,B,B,F,F,B,C,F,B,210,B,N/A,N/A,N/A,N/A,FALSE,FALSE
World of Magic,Generic,"Suddenly, magic awaken. Slowly but surely, magic is coming (back) into the world. Will it heal it or make it worse? That depend on the inhabitants.",World,N/A,SS,B,A,A,E,A,S,SS,"2,851",S,N/A,N/A,N/A,N/A,FALSE,FALSE
Seed of Mana,Generic,"Always wanted your typical world tree, big enough to be visible from the sky? Congratulations, you have your own! Well, rather, its seed. Plant it and care for it. Once it has sprouted, mana will naturally emerge from it and nature will strengthen around it. However, be careful. While it's a powerful tree, it's a tree. Meaning it can get burn, sick etc...",Farmable,N/A,SS,B,F,F,F,F,SS,SSS,"7,050",SS,N/A,N/A,N/A,N/A,FALSE,FALSE
Blair,Soul Eater,"Here come the Cat Witch! While she prefers to walk around in an human form and flirt with everything (the lady is pansexual), she is initially a magical cat and can wield Pumpkin magic aside from her transformation. She is a huge pervert and will tease you with pleasure! ",Familiar,Female,D,D,E,D,D,E,C,D,37,D,N/A,N/A,N/A,N/A,FALSE,FALSE
Copy Skill,Generic,Let's you copy a single Skill from any of your current Familiars as long as Copy is occupying a power slot. If the Familiar is dismissed or killed the copied skill also goes away.,Ability,N/A,A,F,F,F,F,F,F,F,100,B,N/A,N/A,N/A,N/A,FALSE,FALSE
Copy Ability,Generic,Let's you copy a single ability from any of your current Familiars as long as Copy is occupying a power slot. If the Familiar is dismissed or killed the copied ability also goes away.,Ability,N/A,A,F,F,F,F,F,F,F,100,B,N/A,N/A,N/A,N/A,FALSE,FALSE
Copy Trait,Generic,Let's you copy a single Trait from any of your current Familiars as long as Copy is occupying a power slot. If the Familiar is dismissed or killed the Trait also goes away.,Ability,N/A,A,F,F,F,F,F,F,F,100,B,N/A,N/A,N/A,N/A,FALSE,FALSE
Tunneling,Generic,You are able to make a tunnel as tall as you are and freely travel through the ground. The tunnel will not collapse under its own power. You can make a tunnel by simply walking Into the ground. The parts that you dug out will appear five feet away in a mound. This ability improves with your walk or run speed.,Ability,N/A,D,E,D,E,D,F,F,D,22,D,N/A,N/A,N/A,N/A,FALSE,FALSE
Alexandria Package,Worm,"You get super strength, flight, and a sensory like Powers based on similar Gacha rolls. These combo of abilities only cost One Ability Slot.",Passive,N/A,SS,F,F,F,F,F,F,F,"1,000",S,N/A,N/A,N/A,N/A,FALSE,FALSE
Bullet Imbuement,Generic,Any bullet that you manually load in a gun will be imbued with any energy the you has access to.,Ability,N/A,S,F,F,F,F,F,F,F,500,A,N/A,N/A,N/A,N/A,FALSE,FALSE
Solid Grasp,Generic,"You are able to touch the etheral and magical spells with little to no harm of it affecting you while you are holding it. As long as it looks physical enough, you can grab it. Scales with your physical strength.",Ability,N/A,A,D,E,F,E,E,F,A,208,B,N/A,N/A,N/A,N/A,FALSE,FALSE
CyberDemon,Doom 2016,"The Cyberdemon from the Doom 2016 game. If the demon is killed, you can resurrect it by offering the souls of freshly slain sapient beings, or by pumping its corpse with demonic/unholy energy.",Familiar,N/A,A,A,C,C,C,D,C,S,745,A,N/A,N/A,N/A,N/A,FALSE,FALSE
Doom Hunter,Doom Eternal,"A single Doom Hunter. The amount you can summon increases with every sapient being you kill starting from 100, then 200 more, and so on and so forth. Can be enhanced biologically and/or mechanically if you got the know how.",Familiar,N/A,A,A,A,D,C,D,D,S,825,A,N/A,N/A,N/A,N/A,FALSE,FALSE
Elemental Octagon,Generic,"Your next attacks will be coded in the cycle of these elements by consuming energy; Fire, Ice, Earth, Lightning, Poison, Acid, Holy, then Unholy. If your attack doubles up on any of the damage types, the potency and power of that attack increases. Dismissing the ability does not restart the octagon,",Passive,N/A,D,D,D,E,F,F,F,C,26,D,N/A,N/A,N/A,N/A,FALSE,FALSE
Imp Pack,Doom,Summons a group of 5 basic Imps from Doom. The more powerful you get you more you can summon and the more variety of imps you get.,Familiar,N/A,D,D,D,E,D,C,D,S,536,A,N/A,N/A,N/A,N/A,FALSE,FALSE
Full Cooler,Generic,A small cooler packed with your least favorite foods.,Consumable,N/A,F,F,F,F,F,F,F,F,0,F,N/A,N/A,24hr,Manual,TRUE,FALSE